
{
    "gom_musket_fire": {
        "sounds": [
            {
                "name": "pointblank:gom_musket_fire",
                "stream": false
            }
        ]
    },
    "gom_musket_full_cock": {
        "sounds": [
            {
                "name": "pointblank:gom_musket_full_cock",
                "stream": false
            }
        ]
    },
    "gom_musket_flintstrike": {
        "sounds": [
            {
                "name": "pointblank:gom_musket_flintstrike",
                "stream": false
            }
        ]
    },
    "powder": {
        "sounds": [
            {
                "name": "pointblank:powder",
                "stream": false
            }
        ]
    },
    "ramrod": {
        "sounds": [
            {
                "name": "pointblank:ramrod",
                "stream": false
            }
        ]
    },
    "raygunq": {
        "sounds": [
            {
                "name": "pointblank:raygunq",
                "stream": false
            }
        ]
    },
    "hissload": {
        "sounds": [
            {
                "name": "pointblank:hissload",
                "stream": false
            }
        ]
    },
    "m2f": {
        "sounds": [
            {
                "name": "pointblank:m2f",
                "stream": false
            }
        ]
    },
    "pkm": {
        "sounds": [
            {
                "name": "pointblank:pkm",
                "stream": false
            }
        ]
    },
    "kar98kqboltback": {
        "sounds": [
            {
                "name": "pointblank:kar98kqboltback",
                "stream": false
            }
        ]
    },
    "kar98kqboltforward": {
        "sounds": [
            {
                "name": "pointblank:kar98kqboltforward",
                "stream": false
            }
        ]
    },
    "kar98kqclipin": {
        "sounds": [
            {
                "name": "pointblank:kar98kqclipin",
                "stream": false
            }
        ]
    },
    "kar98k_bolt_rechamber": {
        "sounds": [
            {
                "name": "pointblank:kar98k_bolt_rechamber",
                "stream": false
            }
        ]
    },
    "colt_m1911a1_fire": {
        "sounds": [
            {
                "name": "pointblank:colt_m1911a1_fire",
                "stream": false
            }
        ]
    },
    "m35q": {
        "sounds": [
            {
                "name": "pointblank:m35q",
                "stream": false
            }
        ]
    },
    "hiss": {
        "sounds": [
            {
                "name": "pointblank:hiss",
                "stream": false
            }
        ]
    }
}