{
	"format_version": "1.12.0",
	"minecraft:geometry": [
		{
			"description": {
				"identifier": "geometry.unknown",
				"texture_width": 128,
				"texture_height": 128,
				"visible_bounds_width": 8,
				"visible_bounds_height": 3.5,
				"visible_bounds_offset": [0, 1.25, 0]
			},
			"bones": [
				{
					"name": "main",
					"pivot": [0, 20, 0]
				},
				{
					"name": "gun",
					"parent": "main",
					"pivot": [1, 11, -1]
				},
				{
					"name": "body",
					"parent": "gun",
					"pivot": [0, 24.3, -66.3],
					"cubes": [
						{
							"origin": [-1, 26.3, -55.55],
							"size": [2, 2, 6],
							"inflate": -0.65,
							"pivot": [0, 27.3, -55.55],
							"rotation": [0, 0, 20],
							"uv": {
								"north": {"uv": [88, 24], "uv_size": [2, 2]},
								"east": {"uv": [77, 16], "uv_size": [6, 2]},
								"south": {"uv": [88, 34], "uv_size": [2, 2]},
								"west": {"uv": [77, 64], "uv_size": [6, 2]},
								"up": {"uv": [46, 39], "uv_size": [2, 6]},
								"down": {"uv": [78, 51], "uv_size": [2, -6]}
							}
						},
						{
							"origin": [-1.75, 14, -1],
							"size": [3.5, 4, 5],
							"uv": {
								"north": {"uv": [48, 71], "uv_size": [4, 4]},
								"east": {"uv": [46, 10], "uv_size": [5, 4]},
								"south": {"uv": [73, 10], "uv_size": [4, 4]},
								"west": {"uv": [68, 55], "uv_size": [5, 4]},
								"up": {"uv": [69, 10], "uv_size": [4, 5]},
								"down": {"uv": [69, 20], "uv_size": [4, -5]}
							}
						},
						{
							"origin": [-1.75, 13.5, -1],
							"size": [3.5, 1, 5],
							"inflate": 0.001,
							"uv": {
								"north": {"uv": [37, 29], "uv_size": [4, 1]},
								"east": {"uv": [41, 39], "uv_size": [5, 1]},
								"south": {"uv": [49, 38], "uv_size": [4, 1]},
								"west": {"uv": [55, 28], "uv_size": [5, 1]},
								"up": {"uv": [69, 40], "uv_size": [4, 5]},
								"down": {"uv": [69, 64], "uv_size": [4, -5]}
							}
						},
						{
							"origin": [-2, 3.5, -1],
							"size": [4, 10, 5],
							"pivot": [1, 13.5, -1],
							"rotation": [35, 0, 0],
							"uv": {
								"north": {"uv": [58, 10], "uv_size": [4, 10]},
								"east": {"uv": [8, 48], "uv_size": [5, 10]},
								"south": {"uv": [52, 60], "uv_size": [4, 10]},
								"west": {"uv": [48, 39], "uv_size": [5, 10]},
								"up": {"uv": [69, 64], "uv_size": [4, 5]},
								"down": {"uv": [65, 74], "uv_size": [4, -5]}
							}
						},
						{
							"origin": [-2, 13.5, -1],
							"size": [4, 4, 4],
							"inflate": -0.002,
							"pivot": [2, 13.5, -1],
							"rotation": [-14, 0, 0],
							"uv": {
								"north": {"uv": [12, 73], "uv_size": [4, 4]},
								"east": {"uv": [73, 14], "uv_size": [4, 4]},
								"south": {"uv": [34, 73], "uv_size": [4, 4]},
								"west": {"uv": [73, 40], "uv_size": [4, 4]},
								"up": {"uv": [73, 55], "uv_size": [4, 4]},
								"down": {"uv": [73, 63], "uv_size": [4, -4]}
							}
						},
						{
							"origin": [-2, 4.9, 3.4],
							"size": [4, 1, 6],
							"inflate": 0.001,
							"pivot": [1, 5.9, 3.3],
							"rotation": [9, 0, 0],
							"uv": {
								"north": {"uv": [86, 46], "uv_size": [4, 1]},
								"east": {"uv": [44, 4], "uv_size": [6, 1]},
								"south": {"uv": [86, 47], "uv_size": [4, 1]},
								"west": {"uv": [84, 83], "uv_size": [6, 1]},
								"up": {"uv": [64, 51], "uv_size": [4, 6]},
								"down": {"uv": [64, 63], "uv_size": [4, -6]}
							}
						},
						{
							"origin": [-2, 5.9, 5.4],
							"size": [4, 1, 4],
							"inflate": -0.002,
							"pivot": [1, 5.9, 3.3],
							"rotation": [9, 0, 0],
							"uv": {
								"north": {"uv": [86, 48], "uv_size": [4, 1]},
								"east": {"uv": [86, 61], "uv_size": [4, 1]},
								"south": {"uv": [86, 62], "uv_size": [4, 1]},
								"west": {"uv": [87, 4], "uv_size": [4, 1]},
								"up": {"uv": [73, 63], "uv_size": [4, 4]},
								"down": {"uv": [73, 71], "uv_size": [4, -4]}
							}
						},
						{
							"origin": [-2, 14.5, 4],
							"size": [4, 2, 11],
							"inflate": -0.001,
							"pivot": [1, 16.5, 4],
							"rotation": [-53, 0, 0],
							"uv": {
								"north": {"uv": [82, 14], "uv_size": [4, 2]},
								"east": {"uv": [64, 4], "uv_size": [11, 2]},
								"south": {"uv": [82, 32], "uv_size": [4, 2]},
								"west": {"uv": [67, 38], "uv_size": [11, 2]},
								"up": {"uv": [30, 50], "uv_size": [4, 11]},
								"down": {"uv": [51, 21], "uv_size": [4, -11]}
							}
						},
						{
							"origin": [-2, 14.5, 14.8],
							"size": [4, 2, 1],
							"inflate": -0.002,
							"pivot": [1, 16.5, 4],
							"rotation": [-53, 0, 0],
							"uv": {
								"north": {"uv": [82, 45], "uv_size": [4, 2]},
								"east": {"uv": [3, 71], "uv_size": [1, 2]},
								"south": {"uv": [82, 47], "uv_size": [4, 2]},
								"west": {"uv": [83, 51], "uv_size": [1, 2]},
								"up": {"uv": [87, 5], "uv_size": [4, 1]},
								"down": {"uv": [87, 24], "uv_size": [4, -1]}
							}
						},
						{
							"origin": [-1.5, 13.9, -2.1],
							"size": [3, 5, 2],
							"inflate": -0.1,
							"uv": {
								"north": {"uv": [48, 75], "uv_size": [3, 5]},
								"east": {"uv": [68, 78], "uv_size": [2, 5]},
								"south": {"uv": [51, 75], "uv_size": [3, 5]},
								"west": {"uv": [70, 78], "uv_size": [2, 5]},
								"up": {"uv": [53, 47], "uv_size": [3, 2]},
								"down": {"uv": [84, 86], "uv_size": [3, -2]}
							}
						},
						{
							"origin": [-0.65, 15.05, -5.55],
							"size": [1, 4, 1],
							"inflate": -0.1,
							"pivot": [-0.15, 15.05, -4.55],
							"rotation": [-21, 0, 0],
							"uv": {
								"north": {"uv": [68, 59], "uv_size": [1, 4]},
								"east": {"uv": [64, 70], "uv_size": [1, 4]},
								"south": {"uv": [5, 73], "uv_size": [1, 4]},
								"west": {"uv": [6, 87], "uv_size": [1, 4]},
								"up": {"uv": [64, 63], "uv_size": [1, 1]},
								"down": {"uv": [4, 82], "uv_size": [1, -1]}
							}
						},
						{
							"origin": [-1.5, 13.9, -9.1],
							"size": [3, 5, 1],
							"inflate": -0.1,
							"uv": {
								"north": {"uv": [54, 75], "uv_size": [3, 5]},
								"east": {"uv": [13, 48], "uv_size": [1, 5]},
								"south": {"uv": [75, 71], "uv_size": [3, 5]},
								"west": {"uv": [50, 14], "uv_size": [1, 5]},
								"up": {"uv": [65, 50], "uv_size": [3, 1]},
								"down": {"uv": [87, 61], "uv_size": [3, -1]}
							}
						},
						{
							"origin": [-1.5, 13.9, -2.6],
							"size": [3, 1, 1],
							"inflate": -0.11,
							"uv": {
								"north": {"uv": [88, 9], "uv_size": [3, 1]},
								"east": {"uv": [82, 63], "uv_size": [1, 1]},
								"south": {"uv": [88, 72], "uv_size": [3, 1]},
								"west": {"uv": [87, 70], "uv_size": [1, 1]},
								"up": {"uv": [28, 89], "uv_size": [3, 1]},
								"down": {"uv": [89, 29], "uv_size": [3, -1]}
							}
						},
						{
							"origin": [-1.5, 13.9, -8.1],
							"size": [3, 1, 6],
							"inflate": -0.2,
							"uv": {
								"north": {"uv": [89, 29], "uv_size": [3, 1]},
								"east": {"uv": [85, 0], "uv_size": [6, 1]},
								"south": {"uv": [89, 30], "uv_size": [3, 1]},
								"west": {"uv": [85, 1], "uv_size": [6, 1]},
								"up": {"uv": [53, 41], "uv_size": [3, 6]},
								"down": {"uv": [56, 75], "uv_size": [3, -6]}
							}
						},
						{
							"origin": [-1.5, 13.9, -8.6],
							"size": [3, 1, 1],
							"inflate": -0.11,
							"uv": {
								"north": {"uv": [89, 31], "uv_size": [3, 1]},
								"east": {"uv": [92, 72], "uv_size": [1, 1]},
								"south": {"uv": [34, 89], "uv_size": [3, 1]},
								"west": {"uv": [92, 73], "uv_size": [1, 1]},
								"up": {"uv": [48, 89], "uv_size": [3, 1]},
								"down": {"uv": [89, 51], "uv_size": [3, -1]}
							}
						},
						{
							"origin": [-1.35, 18, -9],
							"size": [3, 5, 13],
							"uv": {
								"north": {"uv": [61, 76], "uv_size": [3, 5]},
								"east": {"uv": [28, 30], "uv_size": [13, 5]},
								"south": {"uv": [75, 76], "uv_size": [3, 5]},
								"west": {"uv": [31, 0], "uv_size": [13, 5]},
								"up": {"uv": [61, 51], "uv_size": [3, 13]},
								"down": {"uv": [62, 23], "uv_size": [3, -13]}
							}
						},
						{
							"origin": [-1.55, 23, -6],
							"size": [1, 1, 10],
							"uv": {
								"north": {"uv": [76, 92], "uv_size": [1, 1]},
								"east": {"uv": [77, 43], "uv_size": [10, 1]},
								"south": {"uv": [92, 76], "uv_size": [1, 1]},
								"west": {"uv": [77, 70], "uv_size": [10, 1]},
								"up": {"uv": [37, 77], "uv_size": [1, 10]},
								"down": {"uv": [78, 81], "uv_size": [1, -10]}
							}
						},
						{
							"origin": [0.55, 23, -7],
							"size": [1, 1, 1],
							"uv": {
								"north": {"uv": [92, 77], "uv_size": [1, 1]},
								"east": {"uv": [92, 78], "uv_size": [1, 1]},
								"south": {"uv": [79, 92], "uv_size": [1, 1]},
								"west": {"uv": [92, 79], "uv_size": [1, 1]},
								"up": {"uv": [80, 92], "uv_size": [1, 1]},
								"down": {"uv": [92, 82], "uv_size": [1, -1]}
							}
						},
						{
							"origin": [-2.4, 24.2, -16.5],
							"size": [1, 3, 1],
							"pivot": [-2.4, 24.2, -16.5],
							"rotation": [0, 0, 25],
							"uv": {
								"north": {"uv": [31, 89], "uv_size": [1, 3]},
								"east": {"uv": [38, 89], "uv_size": [1, 3]},
								"south": {"uv": [44, 89], "uv_size": [1, 3]},
								"west": {"uv": [45, 89], "uv_size": [1, 3]},
								"up": {"uv": [92, 82], "uv_size": [1, 1]},
								"down": {"uv": [92, 84], "uv_size": [1, -1]}
							}
						},
						{
							"origin": [-2.3, 22.6, -16],
							"size": [1, 1, 9.25],
							"pivot": [-2.3, 23.6, -14.75],
							"rotation": [0, 0, -19],
							"uv": {
								"north": {"uv": [30, 93], "uv_size": [1, 1]},
								"east": {"uv": [82, 10], "uv_size": [9, 1]},
								"south": {"uv": [93, 30], "uv_size": [1, 1]},
								"west": {"uv": [82, 11], "uv_size": [9, 1]},
								"up": {"uv": [24, 81], "uv_size": [1, 9]},
								"down": {"uv": [25, 90], "uv_size": [1, -9]}
							}
						},
						{
							"origin": [-2.5, 22.2, -16.5],
							"size": [1, 2, 1],
							"inflate": 0.001,
							"pivot": [-2.6, 23.6, -16.5],
							"rotation": [0, 0, -19],
							"uv": {
								"north": {"uv": [88, 90], "uv_size": [1, 2]},
								"east": {"uv": [89, 90], "uv_size": [1, 2]},
								"south": {"uv": [90, 90], "uv_size": [1, 2]},
								"west": {"uv": [91, 0], "uv_size": [1, 2]},
								"up": {"uv": [92, 84], "uv_size": [1, 1]},
								"down": {"uv": [92, 86], "uv_size": [1, -1]}
							}
						},
						{
							"origin": [-2.5, 22.2, -7.5],
							"size": [1, 2, 1],
							"inflate": 0.001,
							"pivot": [-2.6, 23.6, -7.45],
							"rotation": [0, 0, -19],
							"uv": {
								"north": {"uv": [91, 4], "uv_size": [1, 2]},
								"east": {"uv": [6, 91], "uv_size": [1, 2]},
								"south": {"uv": [8, 91], "uv_size": [1, 2]},
								"west": {"uv": [9, 91], "uv_size": [1, 2]},
								"up": {"uv": [92, 86], "uv_size": [1, 1]},
								"down": {"uv": [87, 93], "uv_size": [1, -1]}
							}
						},
						{
							"origin": [-2.4, 26.2, -15.6],
							"size": [1, 1, 9],
							"inflate": -0.001,
							"pivot": [-2.4, 24.2, -16.5],
							"rotation": [0, 0, 25],
							"uv": {
								"north": {"uv": [92, 87], "uv_size": [1, 1]},
								"east": {"uv": [79, 9], "uv_size": [9, 1]},
								"south": {"uv": [88, 92], "uv_size": [1, 1]},
								"west": {"uv": [80, 26], "uv_size": [9, 1]},
								"up": {"uv": [48, 80], "uv_size": [1, 9]},
								"down": {"uv": [49, 89], "uv_size": [1, -9]}
							}
						},
						{
							"origin": [-2.3, 25.9, -15.6],
							"size": [1, 1, 9],
							"inflate": -0.001,
							"pivot": [-2.4, 24.2, -16.5],
							"rotation": [0, 0, 25],
							"uv": {
								"north": {"uv": [92, 88], "uv_size": [1, 1]},
								"east": {"uv": [80, 27], "uv_size": [9, 1]},
								"south": {"uv": [89, 92], "uv_size": [1, 1]},
								"west": {"uv": [80, 50], "uv_size": [9, 1]},
								"up": {"uv": [50, 80], "uv_size": [1, 9]},
								"down": {"uv": [51, 89], "uv_size": [1, -9]}
							}
						},
						{
							"origin": [-2.4, 24.2, -7.5],
							"size": [1, 3, 1],
							"pivot": [-2.4, 24.2, -7.5],
							"rotation": [0, 0, 25],
							"uv": {
								"north": {"uv": [51, 89], "uv_size": [1, 3]},
								"east": {"uv": [52, 89], "uv_size": [1, 3]},
								"south": {"uv": [53, 89], "uv_size": [1, 3]},
								"west": {"uv": [54, 89], "uv_size": [1, 3]},
								"up": {"uv": [92, 89], "uv_size": [1, 1]},
								"down": {"uv": [90, 93], "uv_size": [1, -1]}
							}
						},
						{
							"origin": [0.95, 23.95, -25],
							"size": [1, 2, 19],
							"pivot": [1.95, 23.95, -25],
							"rotation": [0, 0, -11],
							"uv": {
								"north": {"uv": [91, 73], "uv_size": [1, 2]},
								"east": {"uv": [60, 30], "uv_size": [19, 2]},
								"south": {"uv": [74, 91], "uv_size": [1, 2]},
								"west": {"uv": [63, 32], "uv_size": [19, 2]},
								"up": {"uv": [18, 67], "uv_size": [1, 19]},
								"down": {"uv": [19, 86], "uv_size": [1, -19]}
							}
						},
						{
							"origin": [-0.05, 23.95, -25],
							"size": [2, 1, 19],
							"inflate": 0.001,
							"pivot": [1.95, 23.95, -25],
							"rotation": [0, 0, -61.5],
							"uv": {
								"north": {"uv": [75, 91], "uv_size": [2, 1]},
								"east": {"uv": [69, 20], "uv_size": [19, 1]},
								"south": {"uv": [91, 75], "uv_size": [2, 1]},
								"west": {"uv": [69, 21], "uv_size": [19, 1]},
								"up": {"uv": [42, 63], "uv_size": [2, 19]},
								"down": {"uv": [44, 82], "uv_size": [2, -19]}
							}
						},
						{
							"origin": [-1.95, 23.95, -25],
							"size": [2, 1, 9],
							"pivot": [-1.95, 23.95, -25],
							"rotation": [0, 0, 61.5],
							"uv": {
								"north": {"uv": [79, 91], "uv_size": [2, 1]},
								"east": {"uv": [82, 12], "uv_size": [9, 1]},
								"south": {"uv": [91, 80], "uv_size": [2, 1]},
								"west": {"uv": [82, 13], "uv_size": [9, 1]},
								"up": {"uv": [6, 68], "uv_size": [2, 9]},
								"down": {"uv": [26, 79], "uv_size": [2, -9]}
							}
						},
						{
							"origin": [-1.95, 23.95, -7],
							"size": [1, 2, 1],
							"pivot": [-1.95, 23.95, -18],
							"rotation": [0, 0, 11],
							"uv": {
								"north": {"uv": [91, 76], "uv_size": [1, 2]},
								"east": {"uv": [77, 91], "uv_size": [1, 2]},
								"south": {"uv": [78, 91], "uv_size": [1, 2]},
								"west": {"uv": [91, 78], "uv_size": [1, 2]},
								"up": {"uv": [29, 93], "uv_size": [1, 1]},
								"down": {"uv": [93, 30], "uv_size": [1, -1]}
							}
						},
						{
							"origin": [-1.95, 23.95, -7],
							"size": [1, 1, 1],
							"pivot": [-1.95, 23.95, -18],
							"rotation": [0, 0, 61.5],
							"uv": {
								"north": {"uv": [26, 93], "uv_size": [1, 1]},
								"east": {"uv": [93, 26], "uv_size": [1, 1]},
								"south": {"uv": [27, 93], "uv_size": [1, 1]},
								"west": {"uv": [93, 27], "uv_size": [1, 1]},
								"up": {"uv": [28, 93], "uv_size": [1, 1]},
								"down": {"uv": [93, 29], "uv_size": [1, -1]}
							}
						},
						{
							"origin": [-1.95, 23.95, -25],
							"size": [1, 2, 9],
							"pivot": [-1.95, 23.95, -36],
							"rotation": [0, 0, 11],
							"uv": {
								"north": {"uv": [71, 91], "uv_size": [1, 2]},
								"east": {"uv": [70, 24], "uv_size": [9, 2]},
								"south": {"uv": [91, 71], "uv_size": [1, 2]},
								"west": {"uv": [71, 26], "uv_size": [9, 2]},
								"up": {"uv": [56, 80], "uv_size": [1, 9]},
								"down": {"uv": [3, 90], "uv_size": [1, -9]}
							}
						},
						{
							"origin": [-1.65, 18, -9],
							"size": [1, 5, 13],
							"inflate": 0.001,
							"uv": {
								"north": {"uv": [19, 86], "uv_size": [1, 5]},
								"east": {"uv": [28, 35], "uv_size": [13, 5]},
								"south": {"uv": [86, 28], "uv_size": [1, 5]},
								"west": {"uv": [37, 14], "uv_size": [13, 5]},
								"up": {"uv": [72, 74], "uv_size": [1, 13]},
								"down": {"uv": [14, 90], "uv_size": [1, -13]}
							}
						},
						{
							"origin": [0.85, 16, -16.75],
							"size": [1, 7, 8],
							"uv": {
								"north": {"uv": [73, 84], "uv_size": [1, 7]},
								"east": {"uv": [41, 32], "uv_size": [8, 7]},
								"south": {"uv": [74, 84], "uv_size": [1, 7]},
								"west": {"uv": [43, 19], "uv_size": [8, 7]},
								"up": {"uv": [28, 81], "uv_size": [1, 8]},
								"down": {"uv": [29, 89], "uv_size": [1, -8]}
							}
						},
						{
							"origin": [0.85, 21.5, -18],
							"size": [1, 1, 2],
							"inflate": -0.001,
							"uv": {
								"north": {"uv": [92, 90], "uv_size": [1, 1]},
								"east": {"uv": [67, 40], "uv_size": [2, 1]},
								"south": {"uv": [91, 92], "uv_size": [1, 1]},
								"west": {"uv": [90, 49], "uv_size": [2, 1]},
								"up": {"uv": [91, 9], "uv_size": [1, 2]},
								"down": {"uv": [10, 93], "uv_size": [1, -2]}
							}
						},
						{
							"origin": [-2, 21.7, -17.8],
							"size": [4, 1, 1],
							"pivot": [-1.95, 21.7, -17.8],
							"rotation": [-26, 0, 0],
							"uv": {
								"north": {"uv": [87, 32], "uv_size": [4, 1]},
								"east": {"uv": [92, 91], "uv_size": [1, 1]},
								"south": {"uv": [40, 87], "uv_size": [4, 1]},
								"west": {"uv": [92, 92], "uv_size": [1, 1]},
								"up": {"uv": [87, 43], "uv_size": [4, 1]},
								"down": {"uv": [87, 52], "uv_size": [4, -1]}
							}
						},
						{
							"origin": [0.85, 21.5, -18],
							"size": [1, 1, 2],
							"inflate": -0.002,
							"pivot": [0.9, 21.5, -18],
							"rotation": [-22, 0, 0],
							"uv": {
								"north": {"uv": [93, 0], "uv_size": [1, 1]},
								"east": {"uv": [90, 57], "uv_size": [2, 1]},
								"south": {"uv": [1, 93], "uv_size": [1, 1]},
								"west": {"uv": [90, 87], "uv_size": [2, 1]},
								"up": {"uv": [11, 91], "uv_size": [1, 2]},
								"down": {"uv": [91, 13], "uv_size": [1, -2]}
							}
						},
						{
							"origin": [0.85, 21.5, -18],
							"size": [1, 1, 2],
							"inflate": -0.002,
							"pivot": [0.9, 22.5, -18],
							"rotation": [14, 0, 0],
							"uv": {
								"north": {"uv": [93, 1], "uv_size": [1, 1]},
								"east": {"uv": [91, 6], "uv_size": [2, 1]},
								"south": {"uv": [2, 93], "uv_size": [1, 1]},
								"west": {"uv": [12, 91], "uv_size": [2, 1]},
								"up": {"uv": [91, 13], "uv_size": [1, 2]},
								"down": {"uv": [15, 93], "uv_size": [1, -2]}
							}
						},
						{
							"origin": [-1.85, 21.5, -18],
							"size": [3, 1, 2],
							"inflate": -0.003,
							"pivot": [-0.9, 22.5, -18],
							"rotation": [14, 0, 0],
							"uv": {
								"north": {"uv": [89, 52], "uv_size": [3, 1]},
								"east": {"uv": [91, 15], "uv_size": [2, 1]},
								"south": {"uv": [89, 53], "uv_size": [3, 1]},
								"west": {"uv": [91, 16], "uv_size": [2, 1]},
								"up": {"uv": [0, 85], "uv_size": [3, 2]},
								"down": {"uv": [4, 87], "uv_size": [3, -2]}
							}
						},
						{
							"origin": [-1.85, 21.5, -18],
							"size": [3, 1, 2],
							"inflate": -0.003,
							"pivot": [-0.9, 21.5, -18],
							"rotation": [-22, 0, 0],
							"uv": {
								"north": {"uv": [89, 58], "uv_size": [3, 1]},
								"east": {"uv": [91, 17], "uv_size": [2, 1]},
								"south": {"uv": [89, 59], "uv_size": [3, 1]},
								"west": {"uv": [19, 91], "uv_size": [2, 1]},
								"up": {"uv": [20, 85], "uv_size": [3, 2]},
								"down": {"uv": [30, 87], "uv_size": [3, -2]}
							}
						},
						{
							"origin": [-1.85, 21.5, -18],
							"size": [3, 1, 2],
							"inflate": -0.002,
							"uv": {
								"north": {"uv": [89, 67], "uv_size": [3, 1]},
								"east": {"uv": [21, 91], "uv_size": [2, 1]},
								"south": {"uv": [89, 68], "uv_size": [3, 1]},
								"west": {"uv": [91, 23], "uv_size": [2, 1]},
								"up": {"uv": [40, 85], "uv_size": [3, 2]},
								"down": {"uv": [85, 42], "uv_size": [3, -2]}
							}
						},
						{
							"origin": [1, 21, -11.75],
							"size": [1, 2, 2],
							"inflate": 0.001,
							"uv": {
								"north": {"uv": [16, 91], "uv_size": [1, 2]},
								"east": {"uv": [44, 87], "uv_size": [2, 2]},
								"south": {"uv": [26, 91], "uv_size": [1, 2]},
								"west": {"uv": [87, 52], "uv_size": [2, 2]},
								"up": {"uv": [91, 26], "uv_size": [1, 2]},
								"down": {"uv": [27, 93], "uv_size": [1, -2]}
							}
						},
						{
							"origin": [1, 15, -11.75],
							"size": [1, 5, 2],
							"inflate": 0.001,
							"uv": {
								"north": {"uv": [86, 51], "uv_size": [1, 5]},
								"east": {"uv": [8, 79], "uv_size": [2, 5]},
								"south": {"uv": [86, 56], "uv_size": [1, 5]},
								"west": {"uv": [10, 79], "uv_size": [2, 5]},
								"up": {"uv": [28, 91], "uv_size": [1, 2]},
								"down": {"uv": [29, 93], "uv_size": [1, -2]}
							}
						},
						{
							"origin": [1.1, 22, -8.5],
							"size": [1, 2, 1],
							"pivot": [2.1, 22, -8.5],
							"rotation": [0, 0, 6],
							"uv": {
								"north": {"uv": [30, 91], "uv_size": [1, 2]},
								"east": {"uv": [32, 91], "uv_size": [1, 2]},
								"south": {"uv": [91, 32], "uv_size": [1, 2]},
								"west": {"uv": [33, 91], "uv_size": [1, 2]},
								"up": {"uv": [93, 2], "uv_size": [1, 1]},
								"down": {"uv": [3, 94], "uv_size": [1, -1]}
							}
						},
						{
							"origin": [0.85, 22.9, -11.75],
							"size": [1, 1, 2],
							"uv": {
								"north": {"uv": [93, 3], "uv_size": [1, 1]},
								"east": {"uv": [34, 91], "uv_size": [2, 1]},
								"south": {"uv": [4, 93], "uv_size": [1, 1]},
								"west": {"uv": [91, 34], "uv_size": [2, 1]},
								"up": {"uv": [91, 35], "uv_size": [1, 2]},
								"down": {"uv": [36, 93], "uv_size": [1, -2]}
							}
						},
						{
							"origin": [0.85, 14.15, -9.75],
							"size": [1, 2, 1],
							"inflate": -0.001,
							"uv": {
								"north": {"uv": [37, 91], "uv_size": [1, 2]},
								"east": {"uv": [91, 37], "uv_size": [1, 2]},
								"south": {"uv": [39, 91], "uv_size": [1, 2]},
								"west": {"uv": [91, 42], "uv_size": [1, 2]},
								"up": {"uv": [93, 4], "uv_size": [1, 1]},
								"down": {"uv": [5, 94], "uv_size": [1, -1]}
							}
						},
						{
							"origin": [0.85, 15.65, -13.75],
							"size": [1, 2, 4],
							"inflate": -0.002,
							"pivot": [0.9, 15.65, -13.75],
							"rotation": [-17.5, 0, 0],
							"uv": {
								"north": {"uv": [91, 44], "uv_size": [1, 2]},
								"east": {"uv": [82, 55], "uv_size": [4, 2]},
								"south": {"uv": [91, 46], "uv_size": [1, 2]},
								"west": {"uv": [82, 57], "uv_size": [4, 2]},
								"up": {"uv": [22, 87], "uv_size": [1, 4]},
								"down": {"uv": [32, 91], "uv_size": [1, -4]}
							}
						},
						{
							"origin": [-1.85, 15.65, -13.75],
							"size": [1, 2, 4],
							"inflate": -0.002,
							"pivot": [-0.9, 15.65, -13.75],
							"rotation": [-17.5, 0, 0],
							"uv": {
								"north": {"uv": [91, 54], "uv_size": [1, 2]},
								"east": {"uv": [82, 59], "uv_size": [4, 2]},
								"south": {"uv": [57, 91], "uv_size": [1, 2]},
								"west": {"uv": [82, 61], "uv_size": [4, 2]},
								"up": {"uv": [37, 87], "uv_size": [1, 4]},
								"down": {"uv": [87, 58], "uv_size": [1, -4]}
							}
						},
						{
							"origin": [-1.85, 14.15, -9.75],
							"size": [1, 2, 1],
							"inflate": -0.001,
							"uv": {
								"north": {"uv": [92, 54], "uv_size": [1, 2]},
								"east": {"uv": [55, 92], "uv_size": [1, 2]},
								"south": {"uv": [56, 92], "uv_size": [1, 2]},
								"west": {"uv": [92, 57], "uv_size": [1, 2]},
								"up": {"uv": [93, 55], "uv_size": [1, 1]},
								"down": {"uv": [93, 57], "uv_size": [1, -1]}
							}
						},
						{
							"origin": [0.75, 23, -16.75],
							"size": [1, 1, 10],
							"inflate": 0.001,
							"uv": {
								"north": {"uv": [93, 5], "uv_size": [1, 1]},
								"east": {"uv": [78, 38], "uv_size": [10, 1]},
								"south": {"uv": [6, 93], "uv_size": [1, 1]},
								"west": {"uv": [78, 39], "uv_size": [10, 1]},
								"up": {"uv": [26, 79], "uv_size": [1, 10]},
								"down": {"uv": [27, 89], "uv_size": [1, -10]}
							}
						},
						{
							"origin": [0.85, 19, -8.75],
							"size": [1, 4, 2],
							"uv": {
								"north": {"uv": [68, 87], "uv_size": [1, 4]},
								"east": {"uv": [62, 81], "uv_size": [2, 4]},
								"south": {"uv": [69, 87], "uv_size": [1, 4]},
								"west": {"uv": [57, 82], "uv_size": [2, 4]},
								"up": {"uv": [58, 91], "uv_size": [1, 2]},
								"down": {"uv": [91, 62], "uv_size": [1, -2]}
							}
						},
						{
							"origin": [0.85, 19, -9.75],
							"size": [1, 1, 3],
							"inflate": -0.001,
							"pivot": [1.9, 19, -6.75],
							"rotation": [25, 0, 0],
							"uv": {
								"north": {"uv": [93, 6], "uv_size": [1, 1]},
								"east": {"uv": [89, 88], "uv_size": [3, 1]},
								"south": {"uv": [7, 93], "uv_size": [1, 1]},
								"west": {"uv": [89, 89], "uv_size": [3, 1]},
								"up": {"uv": [55, 89], "uv_size": [1, 3]},
								"down": {"uv": [56, 92], "uv_size": [1, -3]}
							}
						},
						{
							"origin": [-1.85, 19, -8.75],
							"size": [1, 4, 2],
							"uv": {
								"north": {"uv": [72, 87], "uv_size": [1, 4]},
								"east": {"uv": [83, 63], "uv_size": [2, 4]},
								"south": {"uv": [87, 84], "uv_size": [1, 4]},
								"west": {"uv": [68, 83], "uv_size": [2, 4]},
								"up": {"uv": [91, 62], "uv_size": [1, 2]},
								"down": {"uv": [91, 66], "uv_size": [1, -2]}
							}
						},
						{
							"origin": [-2.1, 18.2, -9.9],
							"size": [1, 1, 3],
							"inflate": -0.001,
							"uv": {
								"north": {"uv": [93, 7], "uv_size": [1, 1]},
								"east": {"uv": [90, 2], "uv_size": [3, 1]},
								"south": {"uv": [8, 93], "uv_size": [1, 1]},
								"west": {"uv": [90, 3], "uv_size": [3, 1]},
								"up": {"uv": [3, 90], "uv_size": [1, 3]},
								"down": {"uv": [7, 93], "uv_size": [1, -3]}
							}
						},
						{
							"origin": [-1.85, 16, -16.75],
							"size": [1, 7, 8],
							"uv": {
								"north": {"uv": [75, 84], "uv_size": [1, 7]},
								"east": {"uv": [40, 45], "uv_size": [8, 7]},
								"south": {"uv": [76, 84], "uv_size": [1, 7]},
								"west": {"uv": [14, 46], "uv_size": [8, 7]},
								"up": {"uv": [7, 82], "uv_size": [1, 8]},
								"down": {"uv": [23, 90], "uv_size": [1, -8]}
							}
						},
						{
							"origin": [-1, 16, -16.75],
							"size": [2, 8, 1],
							"inflate": 0.002,
							"uv": {
								"north": {"uv": [3, 73], "uv_size": [2, 8]},
								"east": {"uv": [39, 83], "uv_size": [1, 8]},
								"south": {"uv": [73, 71], "uv_size": [2, 8]},
								"west": {"uv": [70, 83], "uv_size": [1, 8]},
								"up": {"uv": [91, 39], "uv_size": [2, 1]},
								"down": {"uv": [91, 49], "uv_size": [2, -1]}
							}
						},
						{
							"origin": [1.1, 16, -17],
							"size": [1, 1, 8],
							"pivot": [2.15, 16, -18],
							"rotation": [-13, 0, 0],
							"uv": {
								"north": {"uv": [93, 8], "uv_size": [1, 1]},
								"east": {"uv": [82, 49], "uv_size": [8, 1]},
								"south": {"uv": [9, 93], "uv_size": [1, 1]},
								"west": {"uv": [83, 6], "uv_size": [8, 1]},
								"up": {"uv": [71, 83], "uv_size": [1, 8]},
								"down": {"uv": [81, 91], "uv_size": [1, -8]}
							}
						},
						{
							"origin": [-2.1, 16, -17],
							"size": [1, 1, 8],
							"pivot": [-2.15, 16, -18],
							"rotation": [-13, 0, 0],
							"uv": {
								"north": {"uv": [93, 9], "uv_size": [1, 1]},
								"east": {"uv": [83, 16], "uv_size": [8, 1]},
								"south": {"uv": [10, 93], "uv_size": [1, 1]},
								"west": {"uv": [83, 17], "uv_size": [8, 1]},
								"up": {"uv": [82, 83], "uv_size": [1, 8]},
								"down": {"uv": [83, 91], "uv_size": [1, -8]}
							}
						},
						{
							"origin": [-1.5, 16, -17],
							"size": [3, 1, 1],
							"inflate": 0.001,
							"pivot": [0.35, 16, -18],
							"rotation": [-13, 0, 0],
							"uv": {
								"north": {"uv": [90, 7], "uv_size": [3, 1]},
								"east": {"uv": [93, 10], "uv_size": [1, 1]},
								"south": {"uv": [8, 90], "uv_size": [3, 1]},
								"west": {"uv": [11, 93], "uv_size": [1, 1]},
								"up": {"uv": [90, 8], "uv_size": [3, 1]},
								"down": {"uv": [11, 91], "uv_size": [3, -1]}
							}
						},
						{
							"origin": [-2.1, 16, -9.4],
							"size": [3, 1, 1],
							"inflate": 0.001,
							"pivot": [0.35, 16, -18],
							"rotation": [-13, 0, 0],
							"uv": {
								"north": {"uv": [90, 18], "uv_size": [3, 1]},
								"east": {"uv": [12, 93], "uv_size": [1, 1]},
								"south": {"uv": [90, 19], "uv_size": [3, 1]},
								"west": {"uv": [93, 12], "uv_size": [1, 1]},
								"up": {"uv": [90, 20], "uv_size": [3, 1]},
								"down": {"uv": [90, 22], "uv_size": [3, -1]}
							}
						},
						{
							"origin": [0.1, 16, -9.4],
							"size": [2, 1, 1],
							"inflate": 0.002,
							"pivot": [-0.35, 16, -18],
							"rotation": [-13, 0, 0],
							"uv": {
								"north": {"uv": [91, 51], "uv_size": [2, 1]},
								"east": {"uv": [13, 93], "uv_size": [1, 1]},
								"south": {"uv": [91, 56], "uv_size": [2, 1]},
								"west": {"uv": [93, 13], "uv_size": [1, 1]},
								"up": {"uv": [91, 66], "uv_size": [2, 1]},
								"down": {"uv": [68, 92], "uv_size": [2, -1]}
							}
						},
						{
							"origin": [0.1, 25.9, -18],
							"size": [1, 1, 12],
							"inflate": -0.002,
							"uv": {
								"north": {"uv": [25, 93], "uv_size": [1, 1]},
								"east": {"uv": [75, 4], "uv_size": [12, 1]},
								"south": {"uv": [93, 25], "uv_size": [1, 1]},
								"west": {"uv": [75, 5], "uv_size": [12, 1]},
								"up": {"uv": [35, 77], "uv_size": [1, 12]},
								"down": {"uv": [36, 89], "uv_size": [1, -12]}
							}
						},
						{
							"origin": [0.7, 24.8, -14.5],
							"size": [1, 2, 2.5],
							"inflate": -0.002,
							"uv": {
								"north": {"uv": [72, 91], "uv_size": [1, 2]},
								"east": {"uv": [43, 85], "uv_size": [3, 2]},
								"south": {"uv": [73, 91], "uv_size": [1, 2]},
								"west": {"uv": [85, 63], "uv_size": [3, 2]},
								"up": {"uv": [14, 90], "uv_size": [1, 3]},
								"down": {"uv": [23, 93], "uv_size": [1, -3]}
							}
						},
						{
							"origin": [-1.1, 25.9, -18],
							"size": [1, 1, 12],
							"inflate": -0.002,
							"uv": {
								"north": {"uv": [24, 93], "uv_size": [1, 1]},
								"east": {"uv": [43, 28], "uv_size": [12, 1]},
								"south": {"uv": [93, 24], "uv_size": [1, 1]},
								"west": {"uv": [73, 44], "uv_size": [12, 1]},
								"up": {"uv": [15, 77], "uv_size": [1, 12]},
								"down": {"uv": [34, 89], "uv_size": [1, -12]}
							}
						},
						{
							"origin": [-1, 23.3, -68.55],
							"size": [2, 2, 19],
							"inflate": -0.3,
							"pivot": [0, 24.3, -68.55],
							"rotation": [0, 0, 20],
							"uv": {
								"north": {"uv": [87, 58], "uv_size": [2, 2]},
								"east": {"uv": [51, 24], "uv_size": [19, 2]},
								"south": {"uv": [87, 67], "uv_size": [2, 2]},
								"west": {"uv": [60, 28], "uv_size": [19, 2]},
								"up": {"uv": [59, 62], "uv_size": [2, 19]},
								"down": {"uv": [40, 82], "uv_size": [2, -19]}
							}
						},
						{
							"origin": [-1, 23.3, -66.3],
							"size": [2, 2, 3],
							"inflate": -0.1,
							"pivot": [0, 24.3, -66.3],
							"rotation": [0, 0, 20],
							"uv": {
								"north": {"uv": [88, 70], "uv_size": [2, 2]},
								"east": {"uv": [85, 65], "uv_size": [3, 2]},
								"south": {"uv": [88, 75], "uv_size": [2, 2]},
								"west": {"uv": [85, 71], "uv_size": [3, 2]},
								"up": {"uv": [14, 38], "uv_size": [2, 3]},
								"down": {"uv": [62, 88], "uv_size": [2, -3]}
							}
						}
					]
				},
				{
					"name": "bone",
					"parent": "gun",
					"pivot": [-1.95, 24.2, -19]
				},
				{
					"name": "bone2",
					"parent": "gun",
					"pivot": [0, 26.2, -19],
					"cubes": [
						{
							"origin": [0.75, 25.67, -25],
							"size": [1, 1, 19],
							"inflate": -0.001,
							"pivot": [0.2, 26.64, -25],
							"rotation": [0, 0, 29],
							"uv": {
								"north": {"uv": [93, 16], "uv_size": [1, 1]},
								"east": {"uv": [64, 6], "uv_size": [19, 1]},
								"south": {"uv": [93, 17], "uv_size": [1, 1]},
								"west": {"uv": [65, 22], "uv_size": [19, 1]},
								"up": {"uv": [39, 64], "uv_size": [1, 19]},
								"down": {"uv": [17, 86], "uv_size": [1, -19]}
							}
						},
						{
							"origin": [-1.75, 25.67, -7],
							"size": [1, 1, 1],
							"inflate": -0.001,
							"pivot": [-0.2, 26.64, -18],
							"rotation": [0, 0, -29],
							"uv": {
								"north": {"uv": [93, 18], "uv_size": [1, 1]},
								"east": {"uv": [93, 19], "uv_size": [1, 1]},
								"south": {"uv": [93, 20], "uv_size": [1, 1]},
								"west": {"uv": [93, 21], "uv_size": [1, 1]},
								"up": {"uv": [23, 93], "uv_size": [1, 1]},
								"down": {"uv": [93, 24], "uv_size": [1, -1]}
							}
						},
						{
							"origin": [-1.75, 25.67, -25],
							"size": [1, 1, 9],
							"inflate": -0.001,
							"pivot": [-0.2, 26.64, -36],
							"rotation": [0, 0, -29],
							"uv": {
								"north": {"uv": [93, 15], "uv_size": [1, 1]},
								"east": {"uv": [81, 18], "uv_size": [9, 1]},
								"south": {"uv": [16, 93], "uv_size": [1, 1]},
								"west": {"uv": [81, 19], "uv_size": [9, 1]},
								"up": {"uv": [54, 80], "uv_size": [1, 9]},
								"down": {"uv": [55, 89], "uv_size": [1, -9]}
							}
						}
					]
				},
				{
					"name": "bolt",
					"parent": "gun",
					"pivot": [-1.5, 25.5, -15],
					"rotation": [0, 0, 13],
					"cubes": [
						{
							"origin": [-1.47759, 23.67688, -15.5],
							"size": [1, 2, 9],
							"pivot": [-0.5, 23.5, -14],
							"rotation": [0, 0, 15],
							"uv": {
								"north": {"uv": [91, 69], "uv_size": [1, 2]},
								"east": {"uv": [69, 45], "uv_size": [9, 2]},
								"south": {"uv": [70, 91], "uv_size": [1, 2]},
								"west": {"uv": [70, 8], "uv_size": [9, 2]},
								"up": {"uv": [52, 80], "uv_size": [1, 9]},
								"down": {"uv": [53, 89], "uv_size": [1, -9]}
							}
						}
					]
				},
				{
					"name": "stuff",
					"parent": "main",
					"pivot": [0, 0, 0],
					"cubes": [
						{
							"origin": [-0.75, 24.6508, -65.48537],
							"size": [1.5, 4, 1.75],
							"inflate": -0.201,
							"pivot": [0.251, 26.4008, -65.48537],
							"rotation": [20, 0, 0],
							"uv": {
								"north": {"uv": [84, 51], "uv_size": [2, 4]},
								"east": {"uv": [59, 84], "uv_size": [2, 4]},
								"south": {"uv": [64, 84], "uv_size": [2, 4]},
								"west": {"uv": [66, 84], "uv_size": [2, 4]},
								"up": {"uv": [88, 65], "uv_size": [2, 2]},
								"down": {"uv": [66, 90], "uv_size": [2, -2]}
							}
						},
						{
							"origin": [-1.5, 23, -6],
							"size": [3, 3, 14],
							"pivot": [0, 24.5, 3],
							"rotation": [0, 0, 20],
							"uv": {
								"north": {"uv": [65, 47], "uv_size": [3, 3]},
								"east": {"uv": [49, 32], "uv_size": [14, 3]},
								"south": {"uv": [59, 81], "uv_size": [3, 3]},
								"west": {"uv": [49, 35], "uv_size": [14, 3]},
								"up": {"uv": [17, 53], "uv_size": [3, 14]},
								"down": {"uv": [55, 24], "uv_size": [3, -14]}
							}
						},
						{
							"origin": [-1.5, 25.75, -6],
							"size": [3, 3, 14],
							"inflate": -0.25,
							"pivot": [0, 27.25, 3],
							"rotation": [0, 0, 20],
							"uv": {
								"north": {"uv": [81, 71], "uv_size": [3, 3]},
								"east": {"uv": [50, 4], "uv_size": [14, 3]},
								"south": {"uv": [81, 74], "uv_size": [3, 3]},
								"west": {"uv": [53, 38], "uv_size": [14, 3]},
								"up": {"uv": [56, 41], "uv_size": [3, 14]},
								"down": {"uv": [56, 69], "uv_size": [3, -14]}
							}
						},
						{
							"origin": [-1.5, 25.75, -25],
							"size": [3, 3, 19.25],
							"pivot": [0, 27.25, -16],
							"rotation": [0, 0, 20],
							"uv": {
								"north": {"uv": [75, 81], "uv_size": [3, 3]},
								"east": {"uv": [31, 5], "uv_size": [19, 3]},
								"south": {"uv": [81, 77], "uv_size": [3, 3]},
								"west": {"uv": [41, 29], "uv_size": [19, 3]},
								"up": {"uv": [34, 45], "uv_size": [3, 19]},
								"down": {"uv": [37, 64], "uv_size": [3, -19]}
							}
						},
						{
							"origin": [-1.5, 23, 8],
							"size": [3, 3, 5.2],
							"inflate": 0.24,
							"pivot": [0, 24.5, 17],
							"rotation": [0, 0, 20],
							"uv": {
								"north": {"uv": [0, 82], "uv_size": [3, 3]},
								"east": {"uv": [77, 10], "uv_size": [5, 3]},
								"south": {"uv": [4, 82], "uv_size": [3, 3]},
								"west": {"uv": [77, 13], "uv_size": [5, 3]},
								"up": {"uv": [0, 77], "uv_size": [3, 5]},
								"down": {"uv": [5, 82], "uv_size": [3, -5]}
							}
						},
						{
							"origin": [-1.5, 25.75, 7.75],
							"size": [3, 3, 5.7],
							"pivot": [0, 27.25, 16.75],
							"rotation": [0, 0, 20],
							"uv": {
								"north": {"uv": [78, 81], "uv_size": [3, 3]},
								"east": {"uv": [72, 47], "uv_size": [6, 3]},
								"south": {"uv": [81, 80], "uv_size": [3, 3]},
								"west": {"uv": [72, 50], "uv_size": [6, 3]},
								"up": {"uv": [61, 70], "uv_size": [3, 6]},
								"down": {"uv": [0, 77], "uv_size": [3, -6]}
							}
						},
						{
							"origin": [-1, 23.3, -50.95],
							"size": [2, 2, 28],
							"inflate": -0.2,
							"pivot": [0, 24.25, -39.95],
							"rotation": [0, 0, 20],
							"uv": {
								"north": {"uv": [88, 2], "uv_size": [2, 2]},
								"east": {"uv": [43, 26], "uv_size": [28, 2]},
								"south": {"uv": [88, 7], "uv_size": [2, 2]},
								"west": {"uv": [44, 0], "uv_size": [28, 2]},
								"up": {"uv": [22, 46], "uv_size": [2, 28]},
								"down": {"uv": [24, 74], "uv_size": [2, -28]}
							}
						},
						{
							"origin": [-1, 26.75, -51.1],
							"size": [2, 2, 5],
							"inflate": -0.3,
							"pivot": [0, 27.75, -39.95],
							"rotation": [0, 0, 20],
							"uv": {
								"north": {"uv": [12, 88], "uv_size": [2, 2]},
								"east": {"uv": [78, 51], "uv_size": [5, 2]},
								"south": {"uv": [88, 20], "uv_size": [2, 2]},
								"west": {"uv": [79, 2], "uv_size": [5, 2]},
								"up": {"uv": [79, 71], "uv_size": [2, 5]},
								"down": {"uv": [73, 84], "uv_size": [2, -5]}
							}
						},
						{
							"origin": [-1, 26.75, -46.95],
							"size": [2, 2, 24],
							"inflate": -0.2,
							"pivot": [0, 27.75, -39.95],
							"rotation": [0, 0, 20],
							"uv": {
								"north": {"uv": [26, 89], "uv_size": [2, 2]},
								"east": {"uv": [44, 2], "uv_size": [24, 2]},
								"south": {"uv": [89, 26], "uv_size": [2, 2]},
								"west": {"uv": [46, 8], "uv_size": [24, 2]},
								"up": {"uv": [4, 49], "uv_size": [2, 24]},
								"down": {"uv": [28, 74], "uv_size": [2, -24]}
							}
						},
						{
							"origin": [-1, 23.5, -46],
							"size": [2, 4, 21],
							"inflate": 0.25,
							"uv": {
								"north": {"uv": [8, 84], "uv_size": [2, 4]},
								"east": {"uv": [16, 14], "uv_size": [21, 4]},
								"south": {"uv": [10, 84], "uv_size": [2, 4]},
								"west": {"uv": [16, 18], "uv_size": [21, 4]},
								"up": {"uv": [20, 53], "uv_size": [2, 21]},
								"down": {"uv": [8, 79], "uv_size": [2, -21]}
							}
						},
						{
							"origin": [-1, 24, -51],
							"size": [2, 4, 21],
							"inflate": -0.25,
							"uv": {
								"north": {"uv": [12, 84], "uv_size": [2, 4]},
								"east": {"uv": [16, 22], "uv_size": [21, 4]},
								"south": {"uv": [84, 28], "uv_size": [2, 4]},
								"west": {"uv": [16, 26], "uv_size": [21, 4]},
								"up": {"uv": [10, 58], "uv_size": [2, 21]},
								"down": {"uv": [59, 62], "uv_size": [2, -21]}
							}
						},
						{
							"origin": [-1, 22.25, -25],
							"size": [2, 2, 8],
							"uv": {
								"north": {"uv": [8, 88], "uv_size": [2, 2]},
								"east": {"uv": [72, 0], "uv_size": [8, 2]},
								"south": {"uv": [10, 88], "uv_size": [2, 2]},
								"west": {"uv": [73, 18], "uv_size": [8, 2]},
								"up": {"uv": [20, 74], "uv_size": [2, 8]},
								"down": {"uv": [22, 82], "uv_size": [2, -8]}
							}
						},
						{
							"origin": [-0.75, 23.675, -66.3],
							"size": [1.5, 6.5, 1.75],
							"inflate": -0.2,
							"uv": {
								"north": {"uv": [24, 74], "uv_size": [2, 7]},
								"east": {"uv": [28, 74], "uv_size": [2, 7]},
								"south": {"uv": [57, 75], "uv_size": [2, 7]},
								"west": {"uv": [12, 77], "uv_size": [2, 7]},
								"up": {"uv": [88, 36], "uv_size": [2, 2]},
								"down": {"uv": [88, 40], "uv_size": [2, -2]}
							}
						},
						{
							"origin": [-0.75, 23.675, -65.05],
							"size": [1.5, 2, 1.75],
							"inflate": -0.2,
							"uv": {
								"north": {"uv": [40, 88], "uv_size": [2, 2]},
								"east": {"uv": [88, 40], "uv_size": [2, 2]},
								"south": {"uv": [42, 88], "uv_size": [2, 2]},
								"west": {"uv": [46, 88], "uv_size": [2, 2]},
								"up": {"uv": [88, 54], "uv_size": [2, 2]},
								"down": {"uv": [88, 58], "uv_size": [2, -2]}
							}
						},
						{
							"origin": [0, 28.975, -66.4],
							"size": [0.9, 1.7, 2],
							"inflate": -0.301,
							"pivot": [0.6, 29.475, -66.1],
							"rotation": [0, 0, 28],
							"uv": {
								"north": {"uv": [81, 91], "uv_size": [1, 2]},
								"east": {"uv": [59, 88], "uv_size": [2, 2]},
								"south": {"uv": [91, 81], "uv_size": [1, 2]},
								"west": {"uv": [62, 88], "uv_size": [2, 2]},
								"up": {"uv": [82, 91], "uv_size": [1, 2]},
								"down": {"uv": [83, 93], "uv_size": [1, -2]}
							}
						},
						{
							"origin": [-0.81731, 31.31403, -66.4],
							"size": [0.9, 0.95, 2],
							"inflate": -0.302,
							"pivot": [-0.4782, 31.44868, -66.098],
							"rotation": [0, 0, 85],
							"uv": {
								"north": {"uv": [36, 93], "uv_size": [1, 1]},
								"east": {"uv": [34, 92], "uv_size": [2, 1]},
								"south": {"uv": [93, 36], "uv_size": [1, 1]},
								"west": {"uv": [92, 35], "uv_size": [2, 1]},
								"up": {"uv": [92, 36], "uv_size": [1, 2]},
								"down": {"uv": [38, 94], "uv_size": [1, -2]}
							}
						},
						{
							"origin": [-1.23684, 30.87144, -66.4],
							"size": [0.9, 1.2, 2],
							"inflate": -0.3,
							"pivot": [-0.89774, 31.00609, -66.098],
							"rotation": [0, 0, 52.5],
							"uv": {
								"north": {"uv": [93, 34], "uv_size": [1, 1]},
								"east": {"uv": [92, 14], "uv_size": [2, 1]},
								"south": {"uv": [35, 93], "uv_size": [1, 1]},
								"west": {"uv": [92, 22], "uv_size": [2, 1]},
								"up": {"uv": [31, 92], "uv_size": [1, 2]},
								"down": {"uv": [92, 34], "uv_size": [1, -2]}
							}
						},
						{
							"origin": [-1.32, 29.965, -66.4],
							"size": [0.9, 1.5, 2],
							"inflate": -0.302,
							"pivot": [-1, 30.275, -66.1],
							"rotation": [0, 0, 15],
							"uv": {
								"north": {"uv": [22, 92], "uv_size": [1, 2]},
								"east": {"uv": [88, 86], "uv_size": [2, 2]},
								"south": {"uv": [92, 26], "uv_size": [1, 2]},
								"west": {"uv": [87, 88], "uv_size": [2, 2]},
								"up": {"uv": [92, 28], "uv_size": [1, 2]},
								"down": {"uv": [92, 32], "uv_size": [1, -2]}
							}
						},
						{
							"origin": [-0.9, 28.975, -66.4],
							"size": [0.9, 1.7, 2],
							"inflate": -0.301,
							"pivot": [-0.6, 29.475, -66.1],
							"rotation": [0, 0, -28],
							"uv": {
								"north": {"uv": [18, 92], "uv_size": [1, 2]},
								"east": {"uv": [88, 77], "uv_size": [2, 2]},
								"south": {"uv": [19, 92], "uv_size": [1, 2]},
								"west": {"uv": [88, 84], "uv_size": [2, 2]},
								"up": {"uv": [20, 92], "uv_size": [1, 2]},
								"down": {"uv": [21, 94], "uv_size": [1, -2]}
							}
						},
						{
							"origin": [0.42, 29.965, -66.4],
							"size": [0.9, 1.5, 2],
							"inflate": -0.302,
							"pivot": [1, 30.275, -66.1],
							"rotation": [0, 0, -15],
							"uv": {
								"north": {"uv": [91, 83], "uv_size": [1, 2]},
								"east": {"uv": [88, 63], "uv_size": [2, 2]},
								"south": {"uv": [84, 91], "uv_size": [1, 2]},
								"west": {"uv": [64, 88], "uv_size": [2, 2]},
								"up": {"uv": [85, 91], "uv_size": [1, 2]},
								"down": {"uv": [91, 87], "uv_size": [1, -2]}
							}
						},
						{
							"origin": [0.33684, 30.87144, -66.4],
							"size": [0.9, 1.2, 2],
							"inflate": -0.3,
							"pivot": [0.89774, 31.00609, -66.098],
							"rotation": [0, 0, -52.5],
							"uv": {
								"north": {"uv": [93, 32], "uv_size": [1, 1]},
								"east": {"uv": [1, 92], "uv_size": [2, 1]},
								"south": {"uv": [33, 93], "uv_size": [1, 1]},
								"west": {"uv": [4, 92], "uv_size": [2, 1]},
								"up": {"uv": [92, 4], "uv_size": [1, 2]},
								"down": {"uv": [92, 11], "uv_size": [1, -2]}
							}
						},
						{
							"origin": [-0.08269, 31.31403, -66.4],
							"size": [0.9, 0.9, 2],
							"inflate": -0.301,
							"pivot": [0.4782, 31.44868, -66.098],
							"rotation": [0, 0, -85],
							"uv": {
								"north": {"uv": [93, 33], "uv_size": [1, 1]},
								"east": {"uv": [92, 11], "uv_size": [2, 1]},
								"south": {"uv": [34, 93], "uv_size": [1, 1]},
								"west": {"uv": [12, 92], "uv_size": [2, 1]},
								"up": {"uv": [92, 12], "uv_size": [1, 2]},
								"down": {"uv": [17, 94], "uv_size": [1, -2]}
							}
						},
						{
							"origin": [-0.5, 29.075, -66.15],
							"size": [1, 2, 1.25],
							"inflate": -0.35,
							"uv": {
								"north": {"uv": [86, 91], "uv_size": [1, 2]},
								"east": {"uv": [91, 90], "uv_size": [1, 2]},
								"south": {"uv": [0, 92], "uv_size": [1, 2]},
								"west": {"uv": [92, 0], "uv_size": [1, 2]},
								"up": {"uv": [93, 31], "uv_size": [1, 1]},
								"down": {"uv": [32, 94], "uv_size": [1, -1]}
							}
						}
					]
				},
				{
					"name": "stock",
					"parent": "main",
					"pivot": [-1.35, 28.025, 13.5],
					"cubes": [
						{
							"origin": [-1.225, 28.27, 13.5],
							"size": [1, 1, 3],
							"inflate": -0.001,
							"pivot": [-0.675, 29.24, 11.5],
							"rotation": [0, 0, -29],
							"uv": {
								"north": {"uv": [48, 93], "uv_size": [1, 1]},
								"east": {"uv": [90, 40], "uv_size": [3, 1]},
								"south": {"uv": [93, 48], "uv_size": [1, 1]},
								"west": {"uv": [90, 41], "uv_size": [3, 1]},
								"up": {"uv": [60, 90], "uv_size": [1, 3]},
								"down": {"uv": [90, 63], "uv_size": [1, -3]}
							}
						},
						{
							"origin": [-2.7, 24.8, 13.5],
							"size": [1, 2, 3],
							"pivot": [-2.7, 24.8, 13.5],
							"rotation": [0, 0, 49.5],
							"uv": {
								"north": {"uv": [69, 92], "uv_size": [1, 2]},
								"east": {"uv": [85, 75], "uv_size": [3, 2]},
								"south": {"uv": [92, 70], "uv_size": [1, 2]},
								"west": {"uv": [85, 77], "uv_size": [3, 2]},
								"up": {"uv": [62, 90], "uv_size": [1, 3]},
								"down": {"uv": [63, 93], "uv_size": [1, -3]}
							}
						},
						{
							"origin": [-2.7, 24.8, 13.5],
							"size": [1, 2, 5],
							"inflate": 0.001,
							"pivot": [-2.7, 24.8, 13.5],
							"rotation": [0, 0, 14],
							"uv": {
								"north": {"uv": [68, 92], "uv_size": [1, 2]},
								"east": {"uv": [79, 53], "uv_size": [5, 2]},
								"south": {"uv": [92, 68], "uv_size": [1, 2]},
								"west": {"uv": [80, 0], "uv_size": [5, 2]},
								"up": {"uv": [4, 87], "uv_size": [1, 5]},
								"down": {"uv": [5, 92], "uv_size": [1, -5]}
							}
						},
						{
							"origin": [0.4, 26.72, 13.5],
							"size": [2, 1, 5],
							"inflate": -0.001,
							"pivot": [0.75, 27.54, 13.5],
							"rotation": [0, 0, 35],
							"uv": {
								"north": {"uv": [66, 92], "uv_size": [2, 1]},
								"east": {"uv": [86, 33], "uv_size": [5, 1]},
								"south": {"uv": [92, 67], "uv_size": [2, 1]},
								"west": {"uv": [86, 45], "uv_size": [5, 1]},
								"up": {"uv": [32, 80], "uv_size": [2, 5]},
								"down": {"uv": [80, 50], "uv_size": [2, -5]}
							}
						},
						{
							"origin": [-2.4, 26.72, 13.5],
							"size": [2, 1, 5],
							"inflate": -0.001,
							"pivot": [-0.75, 27.54, 13.5],
							"rotation": [0, 0, -35],
							"uv": {
								"north": {"uv": [64, 92], "uv_size": [2, 1]},
								"east": {"uv": [86, 14], "uv_size": [5, 1]},
								"south": {"uv": [92, 65], "uv_size": [2, 1]},
								"west": {"uv": [86, 15], "uv_size": [5, 1]},
								"up": {"uv": [79, 76], "uv_size": [2, 5]},
								"down": {"uv": [30, 85], "uv_size": [2, -5]}
							}
						},
						{
							"origin": [1.7, 24.8, 13.5],
							"size": [1, 2, 5],
							"pivot": [2.7, 24.8, 13.5],
							"rotation": [0, 0, -49.5],
							"uv": {
								"north": {"uv": [92, 61], "uv_size": [1, 2]},
								"east": {"uv": [79, 28], "uv_size": [5, 2]},
								"south": {"uv": [92, 63], "uv_size": [1, 2]},
								"west": {"uv": [79, 30], "uv_size": [5, 2]},
								"up": {"uv": [1, 87], "uv_size": [1, 5]},
								"down": {"uv": [2, 92], "uv_size": [1, -5]}
							}
						},
						{
							"origin": [1.7, 24.8, 13.5],
							"size": [1, 2, 5],
							"inflate": 0.001,
							"pivot": [2.7, 24.8, 13.5],
							"rotation": [0, 0, -14],
							"uv": {
								"north": {"uv": [92, 59], "uv_size": [1, 2]},
								"east": {"uv": [79, 7], "uv_size": [5, 2]},
								"south": {"uv": [61, 92], "uv_size": [1, 2]},
								"west": {"uv": [79, 24], "uv_size": [5, 2]},
								"up": {"uv": [86, 86], "uv_size": [1, 5]},
								"down": {"uv": [0, 92], "uv_size": [1, -5]}
							}
						},
						{
							"origin": [-2, 21.35, 11.5],
							"size": [4, 4, 31],
							"uv": {
								"north": {"uv": [64, 74], "uv_size": [4, 4]},
								"east": {"uv": [0, 0], "uv_size": [31, 4]},
								"south": {"uv": [68, 74], "uv_size": [4, 4]},
								"west": {"uv": [0, 4], "uv_size": [31, 4]},
								"up": {"uv": [0, 8], "uv_size": [4, 31]},
								"down": {"uv": [4, 39], "uv_size": [4, -31]}
							}
						},
						{
							"origin": [-2, 12.45, 40.5],
							"size": [4, 9, 2],
							"inflate": 0.001,
							"uv": {
								"north": {"uv": [12, 64], "uv_size": [4, 9]},
								"east": {"uv": [30, 71], "uv_size": [2, 9]},
								"south": {"uv": [34, 64], "uv_size": [4, 9]},
								"west": {"uv": [32, 71], "uv_size": [2, 9]},
								"up": {"uv": [83, 67], "uv_size": [4, 2]},
								"down": {"uv": [84, 4], "uv_size": [4, -2]}
							}
						},
						{
							"origin": [-1, 25.35, 13.5],
							"size": [2, 1, 29],
							"uv": {
								"north": {"uv": [92, 38], "uv_size": [2, 1]},
								"east": {"uv": [50, 7], "uv_size": [29, 1]},
								"south": {"uv": [92, 42], "uv_size": [2, 1]},
								"west": {"uv": [58, 23], "uv_size": [29, 1]},
								"up": {"uv": [6, 39], "uv_size": [2, 29]},
								"down": {"uv": [26, 70], "uv_size": [2, -29]}
							}
						},
						{
							"origin": [-2.2, 25.15, 17.3],
							"size": [1, 1, 25],
							"inflate": 0.201,
							"pivot": [-1, 26.35, 17.5],
							"rotation": [0, 0, -45.25],
							"uv": {
								"north": {"uv": [37, 93], "uv_size": [1, 1]},
								"east": {"uv": [63, 34], "uv_size": [25, 1]},
								"south": {"uv": [93, 37], "uv_size": [1, 1]},
								"west": {"uv": [63, 35], "uv_size": [25, 1]},
								"up": {"uv": [46, 63], "uv_size": [1, 25]},
								"down": {"uv": [47, 88], "uv_size": [1, -25]}
							}
						},
						{
							"origin": [1.2, 25.15, 17.3],
							"size": [1, 1, 25],
							"inflate": 0.201,
							"pivot": [1, 26.35, 17.5],
							"rotation": [0, 0, 45.25],
							"uv": {
								"north": {"uv": [39, 93], "uv_size": [1, 1]},
								"east": {"uv": [63, 36], "uv_size": [25, 1]},
								"south": {"uv": [93, 39], "uv_size": [1, 1]},
								"west": {"uv": [63, 37], "uv_size": [25, 1]},
								"up": {"uv": [16, 64], "uv_size": [1, 25]},
								"down": {"uv": [38, 89], "uv_size": [1, -25]}
							}
						},
						{
							"origin": [-2, 22.35, 20.5],
							"size": [4, 2, 11],
							"inflate": -0.002,
							"pivot": [2, 19.35, 20.5],
							"rotation": [-19, 0, 0],
							"uv": {
								"north": {"uv": [84, 7], "uv_size": [4, 2]},
								"east": {"uv": [68, 2], "uv_size": [11, 2]},
								"south": {"uv": [84, 24], "uv_size": [4, 2]},
								"west": {"uv": [68, 53], "uv_size": [11, 2]},
								"up": {"uv": [52, 49], "uv_size": [4, 11]},
								"down": {"uv": [13, 64], "uv_size": [4, -11]}
							}
						},
						{
							"origin": [-2, 19.35, 11.5],
							"size": [4, 3, 30],
							"inflate": -0.001,
							"pivot": [2, 19.35, 20.5],
							"rotation": [-19, 0, 0],
							"uv": {
								"north": {"uv": [51, 21], "uv_size": [4, 3]},
								"east": {"uv": [16, 8], "uv_size": [30, 3]},
								"south": {"uv": [58, 20], "uv_size": [4, 3]},
								"west": {"uv": [16, 11], "uv_size": [30, 3]},
								"up": {"uv": [8, 8], "uv_size": [4, 30]},
								"down": {"uv": [12, 38], "uv_size": [4, -30]}
							}
						},
						{
							"origin": [-2, 22.35, 28.8],
							"size": [4, 5.5, 12],
							"inflate": -0.001,
							"pivot": [2, 19.35, 20.5],
							"rotation": [-19, 0, 0],
							"uv": {
								"north": {"uv": [69, 69], "uv_size": [4, 5]},
								"east": {"uv": [34, 40], "uv_size": [12, 5]},
								"south": {"uv": [52, 70], "uv_size": [4, 5]},
								"west": {"uv": [14, 41], "uv_size": [12, 5]},
								"up": {"uv": [0, 49], "uv_size": [4, 12]},
								"down": {"uv": [48, 61], "uv_size": [4, -12]}
							}
						},
						{
							"origin": [-0.5, 28.68, 13.3],
							"size": [1, 1, 3],
							"inflate": -0.2,
							"uv": {
								"north": {"uv": [40, 93], "uv_size": [1, 1]},
								"east": {"uv": [90, 24], "uv_size": [3, 1]},
								"south": {"uv": [93, 40], "uv_size": [1, 1]},
								"west": {"uv": [90, 25], "uv_size": [3, 1]},
								"up": {"uv": [24, 90], "uv_size": [1, 3]},
								"down": {"uv": [25, 93], "uv_size": [1, -3]}
							}
						},
						{
							"origin": [-0.5, 28.68, 16.3],
							"size": [1, 1, 8],
							"inflate": -0.2,
							"pivot": [-0.3, 29.475, 16.5],
							"rotation": [-30, 0, 0],
							"uv": {
								"north": {"uv": [41, 93], "uv_size": [1, 1]},
								"east": {"uv": [83, 69], "uv_size": [8, 1]},
								"south": {"uv": [93, 41], "uv_size": [1, 1]},
								"west": {"uv": [84, 22], "uv_size": [8, 1]},
								"up": {"uv": [61, 84], "uv_size": [1, 8]},
								"down": {"uv": [84, 79], "uv_size": [1, -8]}
							}
						},
						{
							"origin": [0.225, 28.27, 13.5],
							"size": [1, 1, 3],
							"inflate": -0.001,
							"pivot": [0.675, 29.24, 11.5],
							"rotation": [0, 0, 29],
							"uv": {
								"north": {"uv": [42, 93], "uv_size": [1, 1]},
								"east": {"uv": [28, 90], "uv_size": [3, 1]},
								"south": {"uv": [43, 93], "uv_size": [1, 1]},
								"west": {"uv": [34, 90], "uv_size": [3, 1]},
								"up": {"uv": [90, 34], "uv_size": [1, 3]},
								"down": {"uv": [90, 40], "uv_size": [1, -3]}
							}
						},
						{
							"origin": [0.225, 28.245, 16.5],
							"size": [1, 1, 7],
							"inflate": -0.001,
							"pivot": [0.675, 29.215, 16.5],
							"rotation": [-27.25709, 14.24445, 25.52955],
							"uv": {
								"north": {"uv": [44, 93], "uv_size": [1, 1]},
								"east": {"uv": [84, 79], "uv_size": [7, 1]},
								"south": {"uv": [45, 93], "uv_size": [1, 1]},
								"west": {"uv": [84, 80], "uv_size": [7, 1]},
								"up": {"uv": [77, 84], "uv_size": [1, 7]},
								"down": {"uv": [78, 91], "uv_size": [1, -7]}
							}
						},
						{
							"origin": [-1.225, 28.245, 16.5],
							"size": [1, 1, 7],
							"inflate": -0.001,
							"pivot": [-0.675, 29.215, 16.5],
							"rotation": [-27.25709, -14.24445, -25.52955],
							"uv": {
								"north": {"uv": [46, 93], "uv_size": [1, 1]},
								"east": {"uv": [84, 81], "uv_size": [7, 1]},
								"south": {"uv": [47, 93], "uv_size": [1, 1]},
								"west": {"uv": [84, 82], "uv_size": [7, 1]},
								"up": {"uv": [79, 84], "uv_size": [1, 7]},
								"down": {"uv": [80, 91], "uv_size": [1, -7]}
							}
						},
						{
							"origin": [0.35, 26.025, 13.5],
							"size": [1, 3, 3],
							"pivot": [1.35, 28.025, 13.5],
							"rotation": [0, 0, -11],
							"uv": {
								"north": {"uv": [40, 90], "uv_size": [1, 3]},
								"east": {"uv": [20, 82], "uv_size": [3, 3]},
								"south": {"uv": [41, 90], "uv_size": [1, 3]},
								"west": {"uv": [40, 82], "uv_size": [3, 3]},
								"up": {"uv": [42, 90], "uv_size": [1, 3]},
								"down": {"uv": [43, 93], "uv_size": [1, -3]}
							}
						},
						{
							"origin": [0.35, 25.825, 16.5],
							"size": [1, 3, 5],
							"pivot": [1.35, 27.825, 16.5],
							"rotation": [-28.79925, -5.34965, -9.62555],
							"uv": {
								"north": {"uv": [46, 90], "uv_size": [1, 3]},
								"east": {"uv": [77, 40], "uv_size": [5, 3]},
								"south": {"uv": [90, 46], "uv_size": [1, 3]},
								"west": {"uv": [77, 55], "uv_size": [5, 3]},
								"up": {"uv": [57, 86], "uv_size": [1, 5]},
								"down": {"uv": [58, 91], "uv_size": [1, -5]}
							}
						},
						{
							"origin": [-1.35, 25.825, 16.5],
							"size": [1, 3, 5],
							"pivot": [-1.35, 27.825, 16.5],
							"rotation": [-28.79925, 5.34965, 9.62555],
							"uv": {
								"north": {"uv": [47, 90], "uv_size": [1, 3]},
								"east": {"uv": [77, 58], "uv_size": [5, 3]},
								"south": {"uv": [48, 90], "uv_size": [1, 3]},
								"west": {"uv": [77, 61], "uv_size": [5, 3]},
								"up": {"uv": [84, 86], "uv_size": [1, 5]},
								"down": {"uv": [85, 91], "uv_size": [1, -5]}
							}
						},
						{
							"origin": [-1.35, 26.025, 13.5],
							"size": [1, 3, 3],
							"pivot": [-1.35, 28.025, 13.5],
							"rotation": [0, 0, 11],
							"uv": {
								"north": {"uv": [49, 90], "uv_size": [1, 3]},
								"east": {"uv": [82, 40], "uv_size": [3, 3]},
								"south": {"uv": [50, 90], "uv_size": [1, 3]},
								"west": {"uv": [43, 82], "uv_size": [3, 3]},
								"up": {"uv": [90, 54], "uv_size": [1, 3]},
								"down": {"uv": [59, 93], "uv_size": [1, -3]}
							}
						}
					]
				},
				{
					"name": "sights",
					"parent": "main",
					"pivot": [0.5, 29.9373, -36.84093],
					"cubes": [
						{
							"origin": [-0.65, 28.65, -20],
							"size": [1.3, 1, 6],
							"pivot": [0, 29.65, -17],
							"rotation": [7.5, 0, 0],
							"uv": {
								"north": {"uv": [51, 93], "uv_size": [1, 1]},
								"east": {"uv": [85, 73], "uv_size": [6, 1]},
								"south": {"uv": [93, 51], "uv_size": [1, 1]},
								"west": {"uv": [85, 74], "uv_size": [6, 1]},
								"up": {"uv": [17, 86], "uv_size": [1, 6]},
								"down": {"uv": [18, 92], "uv_size": [1, -6]}
							}
						},
						{
							"origin": [-1, 27.4, -20],
							"size": [2, 2, 6],
							"uv": {
								"north": {"uv": [15, 89], "uv_size": [2, 2]},
								"east": {"uv": [77, 66], "uv_size": [6, 2]},
								"south": {"uv": [20, 89], "uv_size": [2, 2]},
								"west": {"uv": [77, 68], "uv_size": [6, 2]},
								"up": {"uv": [64, 78], "uv_size": [2, 6]},
								"down": {"uv": [66, 84], "uv_size": [2, -6]}
							}
						},
						{
							"origin": [-0.75, 29.5373, -14.84093],
							"size": [1.5, 1, 0.75],
							"inflate": 0.0001,
							"uv": {
								"north": {"uv": [92, 46], "uv_size": [2, 1]},
								"east": {"uv": [52, 93], "uv_size": [1, 1]},
								"south": {"uv": [92, 47], "uv_size": [2, 1]},
								"west": {"uv": [53, 93], "uv_size": [1, 1]},
								"up": {"uv": [92, 49], "uv_size": [2, 1]},
								"down": {"uv": [92, 51], "uv_size": [2, -1]}
							}
						},
						{
							"origin": [-1.35, 30.1373, -14.84093],
							"size": [1.5, 1, 1],
							"inflate": -0.3,
							"uv": {
								"north": {"uv": [92, 43], "uv_size": [2, 1]},
								"east": {"uv": [49, 93], "uv_size": [1, 1]},
								"south": {"uv": [44, 92], "uv_size": [2, 1]},
								"west": {"uv": [50, 93], "uv_size": [1, 1]},
								"up": {"uv": [92, 44], "uv_size": [2, 1]},
								"down": {"uv": [92, 46], "uv_size": [2, -1]}
							}
						},
						{
							"origin": [-0.15, 30.1373, -14.84093],
							"size": [1.5, 1, 1],
							"inflate": -0.3,
							"uv": {
								"north": {"uv": [51, 92], "uv_size": [2, 1]},
								"east": {"uv": [54, 93], "uv_size": [1, 1]},
								"south": {"uv": [92, 52], "uv_size": [2, 1]},
								"west": {"uv": [93, 54], "uv_size": [1, 1]},
								"up": {"uv": [53, 92], "uv_size": [2, 1]},
								"down": {"uv": [92, 54], "uv_size": [2, -1]}
							}
						}
					]
				},
				{
					"name": "magazine",
					"parent": "main",
					"pivot": [0.5, 3.75, -10.25],
					"cubes": [
						{
							"origin": [-1.75, 10.75, -16.25],
							"size": [3.5, 11, 6],
							"uv": {
								"north": {"uv": [40, 52], "uv_size": [4, 11]},
								"east": {"uv": [16, 30], "uv_size": [6, 11]},
								"south": {"uv": [44, 52], "uv_size": [4, 11]},
								"west": {"uv": [22, 30], "uv_size": [6, 11]},
								"up": {"uv": [61, 64], "uv_size": [4, 6]},
								"down": {"uv": [65, 16], "uv_size": [4, -6]}
							}
						},
						{
							"origin": [-1.75, 0.75, -16.25],
							"size": [3.5, 10, 6],
							"inflate": 0.001,
							"pivot": [0.75, 10.75, -9.25],
							"rotation": [-12, 0, 0],
							"uv": {
								"north": {"uv": [0, 61], "uv_size": [4, 10]},
								"east": {"uv": [37, 19], "uv_size": [6, 10]},
								"south": {"uv": [30, 61], "uv_size": [4, 10]},
								"west": {"uv": [8, 38], "uv_size": [6, 10]},
								"up": {"uv": [65, 16], "uv_size": [4, 6]},
								"down": {"uv": [65, 47], "uv_size": [4, -6]}
							}
						},
						{
							"origin": [-1.75, -9.42002, -17.56847],
							"size": [3.5, 10, 6],
							"pivot": [0.75, 2.57998, -10.56847],
							"rotation": [-24.5, 0, 0],
							"uv": {
								"north": {"uv": [61, 41], "uv_size": [4, 10]},
								"east": {"uv": [0, 39], "uv_size": [6, 10]},
								"south": {"uv": [48, 61], "uv_size": [4, 10]},
								"west": {"uv": [28, 40], "uv_size": [6, 10]},
								"up": {"uv": [65, 63], "uv_size": [4, 6]},
								"down": {"uv": [68, 53], "uv_size": [4, -6]}
							}
						}
					]
				},
				{
					"name": "bullet",
					"parent": "magazine",
					"pivot": [0.5, 3.75, -10.25],
					"cubes": [
						{
							"origin": [-0.675, 20.875, -15.75],
							"size": [1, 1, 5],
							"inflate": 0.2,
							"pivot": [-0.175, 21.375, -15.75],
							"rotation": [0, 0, 21],
							"uv": {
								"north": {"uv": [14, 93], "uv_size": [1, 1]},
								"east": {"uv": [85, 42], "uv_size": [6, 1]},
								"south": {"uv": [15, 93], "uv_size": [1, 1]},
								"west": {"uv": [85, 44], "uv_size": [6, 1]},
								"up": {"uv": [12, 58], "uv_size": [1, 6]},
								"down": {"uv": [33, 91], "uv_size": [1, -6]}
							}
						}
					]
				},
				{
					"name": "rightarm",
					"parent": "main",
					"pivot": [-4.3, 8.8, 21.8],
					"rotation": [-101.81106, -12.40003, -2.46982],
					"cubes": [
						{
							"origin": [-8.3, -15.2, 17.8],
							"size": [8, 24, 8],
							"uv": {
								"north": {"uv": [102, 157], "uv_size": [8, 24]},
								"east": {"uv": [94, 157], "uv_size": [8, 24]},
								"south": {"uv": [118, 157], "uv_size": [8, 24]},
								"west": {"uv": [110, 157], "uv_size": [8, 24]},
								"up": {"uv": [102, 149], "uv_size": [8, 8]},
								"down": {"uv": [110, 157], "uv_size": [8, -8]}
							}
						}
					]
				},
				{
					"name": "leftarm",
					"parent": "main",
					"pivot": [10.7, 11.3, -12.625],
					"rotation": [-126.8944, -1.20665, -39.23453],
					"cubes": [
						{
							"origin": [6.7, -12.7, -16.625],
							"size": [8, 24, 8],
							"uv": {
								"north": {"uv": [8, 155], "uv_size": [8, 24]},
								"east": {"uv": [0, 155], "uv_size": [8, 24]},
								"south": {"uv": [24, 155], "uv_size": [8, 24]},
								"west": {"uv": [16, 155], "uv_size": [8, 24]},
								"up": {"uv": [8, 147], "uv_size": [8, 8]},
								"down": {"uv": [16, 155], "uv_size": [8, -8]}
							}
						}
					]
				},
				{
					"name": "muzzleflash",
					"parent": "main",
					"pivot": [0, 24.35, -68.65],
					"cubes": [
						{
							"origin": [-0.5, 23.85, -68.95],
							"size": [1, 1, 1],
							"inflate": -0.4,
							"uv": {
								"north": {"uv": [48, 50], "uv_size": [1, 1]},
								"east": {"uv": [47, 50], "uv_size": [1, 1]},
								"south": {"uv": [50, 50], "uv_size": [1, 1]},
								"west": {"uv": [49, 50], "uv_size": [1, 1]},
								"up": {"uv": [48, 49], "uv_size": [1, 1]},
								"down": {"uv": [49, 50], "uv_size": [1, -1]}
							}
						}
					]
				},
				{
					"name": "scope",
					"parent": "main",
					"pivot": [0, 30.7, -3],
					"cubes": [
						{
							"origin": [-0.5, 30.2, -3.3],
							"size": [1, 1, 1],
							"inflate": -0.4,
							"uv": {
								"north": {"uv": [41, 36], "uv_size": [1, 1]},
								"east": {"uv": [40, 36], "uv_size": [1, 1]},
								"south": {"uv": [43, 36], "uv_size": [1, 1]},
								"west": {"uv": [42, 36], "uv_size": [1, 1]},
								"up": {"uv": [41, 35], "uv_size": [1, 1]},
								"down": {"uv": [42, 36], "uv_size": [1, -1]}
							}
						}
					]
				},
				{
					"name": "_camera_",
					"pivot": [6.825, 33.725, 26.45]
				}
			]
		}
	]
}