{
  "name" : "smoothboreq",
  "type": "Gun",
  "maxAmmoCapacity" : 1,
  "compatibleAmmo" : ["ammocreative"],
  "damage" : 18.0,
  "rpm" : 200,
  "fireModes" : ["SINGLE"],
  "fireSound" : "gom_musket_fire",
  "drawCooldownDuration" : 1000,
  "prepareFireCooldownDuration": 210,
  "aimingZoom" : 0.25,
  "gunRecoilInitialAmplitude" : 3,
  "shakeRecoilAmplitude" : 2,
  "shakeRecoilSpeed" : 2,
  "viewRecoilAmplitude" : 2,
  "inspectCooldownDuration": 3700,
  "features": [
    {"type":"Accuracy",
      "accuracyModifier" : 0.5}
  ],
  "phasedReloads": [
    {
      "phase": "RELOADING",
      "condition": "reloadIterationIndex == 0",
      "duration": 10667,
      "animation": "animation.model.reload"
        }
      ],
  "effects": [
    {
     "phase": "firing",
     "name": "muzzle_flash"
    }
  ]
}