{
  "loader": "forge:separate_transforms",
    "gui_light": "front",
    "base": 
  {
  "credit": "Made with Blockbench",
  "parent": "builtin/entity",
  "texture_size": [
    256,
    256
  ],
  "display": {
    "thirdperson_righthand": {
      "translation": [
        0.75,
        -7,
        -10.75
      ],
      "scale": [
        0.3,
        0.3,
        0.3
      ]
    },
    "thirdperson_lefthand": {
      "translation": [
        0,
        -5.5,
        -11
      ],
      "scale": [
        0.32,
        0.32,
        0.32
      ]
    },
    "firstperson_righthand": {
      "translation": [
        7.25,
        -29.25,
        -43
      ]
    },
    "firstperson_lefthand": {
      "translation": [
        3.75,
        -19,
        -34
      ]
    },
    "ground": {
      "translation": [
        1.5,
        -3.25,
        -5.5
      ],
      "scale": [
        0.23,
        0.23,
        0.23
      ]
    },
    "fixed": {
      "rotation": [
        0,
        90,
        0
      ],
      "translation": [
        -11,
        -14.5,
        -3.5
      ]
    }
  },
  "textures": {
    "particle": "item/m82a1"
  }
},
"perspectives": {
  "gui": {
    "parent": "item/generated",
    "textures": {
      "layer0": "pointblank:item/m82a1.icon"
    }
  }
}
}