{
  "name" : "htg_m1897",
  "type": "Gun",
  "maxAmmoCapacity" : 6,
  "maxAmmoPerReloadIteration" : 1,
  "compatibleAmmo" : ["ammocreative",  "ammo12gauge"],
  "pelletCount" : 30,
  "pelletSpread" : 0.025,
  "damage" : 1.3,
  "rpm" : 67,
  "reloadCooldownDuration" : 2500,
  "fireModes" : ["SINGLE"],
  "fireSound" : "htg_m1897",
  "drawCooldownDuration" : 800,
  "aimingZoom" : 0.25,
  "gunRecoilInitialAmplitude" : 0.8,
  "shakeRecoilAmplitude" : 1,
  "shakeRecoilSpeed" : 3.5,
  "viewRecoilAmplitude" : 15,
  "inspectCooldownDuration" : 3700,
  "muzzleFlashScale" : 2,
  "phasedReloads": [
    {
      "phase": "PREPARING",
      "condition": "reloadIterationIndex == -1",
      "duration": 300,
      "animation": "animation.model.preparealt"
    },
    {
      "phase": "PREPARING",
      "condition": "reloadIterationIndex >= 0",
      "duration": 300,
      "animation": "animation.model.prepare"
    },
    {
      "phase": "RELOADING",
      "condition": "reloadIterationIndex == 0",
      "duration": 1300,
      "animation": "animation.model.chamberload"
    },
    {
      "phase": "RELOADING",
      "condition": "reloadIterationIndex > 0",
      "duration": 700,
      "animation": "animation.model.iterativeload"						
    },
    {
      "phase": "COMPLETETING",
      "condition": "reloadIterationIndex >= 0",
      "duration": 700,
      "animation": "animation.model.finish"
    }
  ],						
      "effects": [
  { 
     "phase": "firing",
     "name": "muzzle_flash_big"
  }
  ]
}