{
  "name" : "htg_ppsh",
  "type": "Gun",
  "maxAmmoCapacity" : 71,
  "compatibleAmmo" : ["ammocreative"],
  "damage" : 4.0,
  "rpm" : 1000,
  "fireModes" : ["SINGLE", "AUTOMATIC"],
  "fireSound" : "m1911a1",
  "drawCooldownDuration" : 650,
  "aimingZoom" : 0.25,
  "gunRecoilInitialAmplitude" : 0.28,
  "shakeRecoilAmplitude" : 0.3,
  "shakeRecoilSpeed" : 2,
  "viewRecoilAmplitude" : 1,
  "inspectCooldownDuration": 3700,
  "phasedReloads": [
    {
      "phase": "RELOADING",
      "condition": "reloadIterationIndex == 0",
      "duration": 2300,
      "animation": "animation.model.reloadempty",
      "shakeEffects": [
        {
          "start": 0,
          "duration": 1500,
          "initialAmplitude": 0.2,
          "rateOfAmplitudeDecay": 0.8
        },
        {
          "start": 250,
          "duration": 1000,
          "initialAmplitude": 0.2,
          "rateOfAmplitudeDecay": 0.5
        },
        {
          "start": 800,
          "duration": 1000,
          "initialAmplitude": 0.15,
          "rateOfAmplitudeDecay": 0.5
        },
        {
          "start": 1100,
          "duration": 600,
          "initialAmplitude": 0.2,
          "rateOfAmplitudeDecay": 0.3
        },
        {
          "start": 1600,
          "duration": 400,
          "initialAmplitude": 0.35,
          "rateOfAmplitudeDecay": 0.3
        }
      ]
    },
    {
      "phase": "RELOADING",
      "condition": "reloadIterationIndex > 0",
      "duration": 1470,
      "animation": "animation.model.reload",						
      "shakeEffects": [
        {
          "start": 0,
          "duration": 1500,
          "initialAmplitude": 0.2,
          "rateOfAmplitudeDecay": 0.8
        },
        {
          "start": 600,
          "duration": 1000,
          "initialAmplitude": 0.15,
          "rateOfAmplitudeDecay": 0.5
        },
        {
          "start": 900,
          "duration": 800,
          "initialAmplitude": 0.17,
          "rateOfAmplitudeDecay": 0.5
        },
        {
          "start": 1000,
          "duration": 400,
          "initialAmplitude": 0.22,
          "rateOfAmplitudeDecay": 0.6
        }
      ]
    }
  ],						
"effects": [
  { 
     "phase": "firing",
     "name": "muzzle_flash_small"
  }
  ]
}