{
  "name" : "htg_thompson1928",
  "type": "Gun",
  "maxAmmoCapacity" : 50,
  "compatibleAmmo" : ["ammocreative", "ammo45acp"],
  "damage" : 5.0,
  "rpm" : 650,
  "fireModes" : ["SINGLE", "AUTOMATIC"],
  "fireSound" : "mp5",
  "drawCooldownDuration" : 650,
  "aimingZoom" : 0.25,
  "gunRecoilInitialAmplitude" : 0.4,
  "shakeRecoilAmplitude" : 0.35,
  "shakeRecoilSpeed" : 2,
  "viewRecoilAmplitude" : 1,
  "inspectCooldownDuration": 3700,
  "phasedReloads": [
    {
      "phase": "RELOADING",
      "condition": "reloadIterationIndex == 0",
      "duration": 3100,
      "animation": "animation.model.reloadempty"
    },
    {
      "phase": "RELOADING",
      "condition": "reloadIterationIndex > 0",
      "duration": 2367,
      "animation": "animation.model.reload"
    }
    ],						
      "effects": [
  {
     "phase": "hit_scan_acquired",
     "name": "tracer"
  }, 
  { 
     "phase": "firing",
     "name": "muzzle_flash_small"
  }
  ]
}