{
	"format_version": "1.8.0",
	"animations": {
		"animation.model.draw": {
			"loop": true,
			"animation_length": 1.1667,
			"bones": {
				"main": {
					"rotation": {
						"0.0": {
							"vector": [23.1968, -6.03864, 6.37855]
						},
						"0.1333": {
							"vector": [23.63662, -5.52637, 1.3989]
						},
						"0.3": {
							"vector": [21.79683, -4.50825, 0.65603]
						},
						"0.4333": {
							"vector": [19.97007, -5.02057, 3.54334]
						},
						"0.6": {
							"vector": [9.12567, -4.39669, 0.5454]
						},
						"0.8": {
							"vector": [-1.74911, -0.81072, -1.97618]
						},
						"0.9333": {
							"vector": [-1.02236, -0.41032, 1.87038]
						},
						"1.0333": {
							"vector": [-0.00218, 0.24999, -0.5]
						},
						"1.1667": {
							"vector": [0, 0, 0]
						}
					},
					"position": {
						"0.0": {
							"vector": [0, -20.775, 0]
						},
						"0.2333": {
							"vector": [-0.7, -13.3, -2.3]
						},
						"0.4": {
							"vector": [-0.47, -7.845, -4.305]
						},
						"0.5667": {
							"vector": [-0.21, -2.91, -6.035]
						},
						"0.8": {
							"vector": [0, 0.925, -1.1]
						},
						"0.9": {
							"vector": [0.075, -0.12, -0.055]
						},
						"1.0": {
							"vector": [0, -0.075, 0.275]
						},
						"1.1333": {
							"vector": [0, 0, 0]
						}
					}
				},
				"leftarm": {
					"rotation": {
						"0.0": {
							"vector": [-5.94254, -4.22578, -13.91874]
						},
						"0.5": {
							"vector": [-5.94254, -4.22578, -13.91874]
						},
						"0.7333": {
							"vector": [-9.12768, 0.86862, -17.55431]
						},
						"0.9": {
							"vector": [-5.94254, -4.22578, -13.91874]
						},
						"1.0": {
							"vector": [0, 0, 0]
						}
					},
					"position": {
						"0.0": {
							"vector": [4.925, 1.375, 0]
						},
						"0.5": {
							"vector": [4.925, 1.375, 0]
						},
						"0.7333": {
							"vector": [7.87, 3.055, -1.245]
						},
						"0.9": {
							"vector": [4, 1.375, -1.25]
						},
						"1.0": {
							"vector": [0, 0, 0]
						}
					}
				}
			},
			"sound_effects": {
				"0.3": {
					"effect": "launcher_draw"
				}
			}
		},
		"animation.model.fire": {
			"loop": true,
			"animation_length": 0.6833,
			"bones": {
				"main": {
					"rotation": {
						"0.0": {
							"vector": [0, 0, 0]
						},
						"0.0833": {
							"vector": [-1.22338, -0.27569, -1.99651]
						},
						"0.1667": {
							"vector": [-1.21277, 0.50071, -0.76276]
						},
						"0.2667": {
							"vector": [-1.21289, 0.5138, -0.76295]
						},
						"0.35": {
							"vector": [-0.85405, 0.30967, 0.05694]
						},
						"0.4333": {
							"vector": [0.57515, 0.05523, 1.99083]
						},
						"0.5667": {
							"vector": [0.5, 0, -0.75]
						},
						"0.6833": {
							"vector": [0, 0, 0]
						}
					},
					"position": {
						"0.0": {
							"vector": [0, 0, 0]
						},
						"0.0333": {
							"vector": [0, 0.05, 2.875]
						},
						"0.1333": {
							"vector": [0, -0.05, 3.955]
						},
						"0.2833": {
							"vector": [-0.1, -0.225, 3.385]
						},
						"0.3833": {
							"vector": [-0.1, -0.22, 2.035]
						},
						"0.5": {
							"vector": [-0.05, -0.225, 0.97]
						},
						"0.6": {
							"vector": [0, 0, 0]
						}
					}
				},
				"rocket": {
					"position": {
						"vector": [0, 0, 290]
					}
				}
			}
		},
		"animation.model.inspect": {
			"loop": true,
			"animation_length": 3.7,
			"bones": {
				"slingmount": {
					"rotation": {
						"0.0": {
							"vector": [0, 0, 0]
						},
						"0.1333": {
							"vector": [7.5, 0, 0]
						},
						"0.2": {
							"vector": ["math.sin(query.anim_time * 2700) * 16 + 7.5", 0, "math.sin(query.anim_time * 2700) * 8"]
						},
						"0.6333": {
							"vector": [7.5, 0, 0]
						},
						"2.0": {
							"vector": [0, 0, 0]
						},
						"2.0333": {
							"vector": ["math.sin(query.anim_time * 2700) * 16", 0, "math.sin(query.anim_time * 2700) * 8"]
						},
						"2.5": {
							"vector": [0, 0, 0]
						}
					}
				},
				"slingmount2": {
					"rotation": {
						"0.0": {
							"vector": [0, 0, 0]
						},
						"0.1333": {
							"vector": [7.5, 0, 0]
						},
						"0.2": {
							"vector": ["math.sin(query.anim_time * 2700) * 9", 0, "math.sin(query.anim_time * 2700) * 5"]
						},
						"0.6333": {
							"vector": [7.5, 0, 0]
						},
						"2.0": {
							"vector": [0, 0, 0]
						},
						"2.0333": {
							"vector": ["math.sin(query.anim_time * 2700) * 9", 0, "math.sin(query.anim_time * 2700) * 5"]
						},
						"2.5": {
							"vector": [0, 0, 0]
						}
					}
				},
				"main": {
					"rotation": {
						"0.0": {
							"vector": [0, 0, 0]
						},
						"0.1667": {
							"vector": [-8.41746, -13.59608, -21.21259],
							"easing": "linear"
						},
						"0.3": {
							"vector": [-8.39812, -20.10111, -31.77688]
						},
						"0.4333": {
							"vector": [-9.55676, -20.88889, -28.55629]
						},
						"0.5333": {
							"vector": [-8.77652, -21.21647, -30.72851]
						},
						"0.7667": {
							"vector": [-9.4227, -20.94881, -28.93303]
						},
						"1.0": {
							"vector": [-3.1216, -20.98207, -46.44405]
						},
						"1.1333": {
							"vector": [-4.564, -20.73064, -42.44007]
						},
						"1.2333": {
							"vector": [-4.86325, -20.9153, -41.60203]
						},
						"1.3333": {
							"vector": [-4.58308, -20.97575, -42.38574]
						},
						"1.4667": {
							"vector": [-4.01131, -21.08802, -43.97908]
						},
						"1.6": {
							"vector": [-4.38767, -21.01662, -42.9316]
						},
						"1.7": {
							"vector": [-4.18847, -21.05622, -43.48691],
							"easing": "linear"
						},
						"2.0333": {
							"vector": [-16.91438, 5.38499, 54.40399],
							"easing": "linear"
						},
						"2.1667": {
							"vector": [-15.22513, 5.80082, 60.04554]
						},
						"2.3": {
							"vector": [-15.70981, 5.86025, 59.48558]
						},
						"2.4333": {
							"vector": [-15.93602, 7.03904, 62.69373]
						},
						"2.5667": {
							"vector": [-15.60896, 7.75082, 65.23442]
						},
						"2.7333": {
							"vector": [-15.71675, 7.52491, 64.42194]
						},
						"2.9": {
							"vector": [-15.56389, 7.84019, 65.55973]
						},
						"3.1": {
							"vector": [-15.61778, 7.73186, 65.16659]
						},
						"3.2667": {
							"vector": [-15.9801, 6.93689, 62.33342]
						},
						"3.4": {
							"vector": [-8.86998, 2.42135, 33.56191]
						},
						"3.5333": {
							"vector": [0, -1.75, -2.75]
						},
						"3.7": {
							"vector": [0, 0, 0]
						}
					},
					"position": {
						"0.0": {
							"vector": [0, 0, 0]
						},
						"0.3": {
							"vector": [-0.475, 1.475, -13.7]
						},
						"0.4": {
							"vector": [-0.195, 1, -12.7]
						},
						"0.5333": {
							"vector": [-0.03, 0.725, -12.7]
						},
						"0.7": {
							"vector": [0, 1.125, -12.7]
						},
						"0.9": {
							"vector": [0.125, 1.4, -13.275]
						},
						"1.2": {
							"vector": [-0.02, 1.475, -13]
						},
						"1.4": {
							"vector": [0.11, 1.425, -13.175]
						},
						"1.6667": {
							"vector": [0.275, 1.25, -12.975]
						},
						"1.8": {
							"vector": [-0.13, -1.19, -8.65]
						},
						"1.9667": {
							"vector": [-0.545, -1.325, -11.15]
						},
						"2.1333": {
							"vector": [-0.415, -1.395, -10.545]
						},
						"2.2667": {
							"vector": [-0.525, -1.455, -9.17]
						},
						"2.4": {
							"vector": [-0.49, -1.43, -9.85]
						},
						"2.5667": {
							"vector": [-0.455, -1.5, -9.24]
						},
						"2.7667": {
							"vector": [-0.53, -1.5, -9.27]
						},
						"3.0": {
							"vector": [-0.49, -1.41, -9.3]
						},
						"3.2333": {
							"vector": [-0.545, -1.325, -9.325]
						},
						"3.3667": {
							"vector": [-1.005, -0.61, -7.41]
						},
						"3.6333": {
							"vector": [0, 0, 0]
						}
					}
				},
				"leftarm": {
					"rotation": {
						"0.0": {
							"vector": [0, 0, 0]
						},
						"0.1667": {
							"vector": [0, 0, -2.5]
						},
						"1.7333": {
							"vector": [0, 0, -2.5]
						},
						"2.0333": {
							"vector": [-20, 0, -45]
						},
						"3.3": {
							"vector": [-20, 0, -45]
						},
						"3.5667": {
							"vector": [0, 0, 0]
						}
					},
					"position": {
						"0.0": {
							"vector": [0, 0, 0]
						},
						"0.1667": {
							"vector": [11.23986, -30.20851, 24.64864]
						},
						"1.7333": {
							"vector": [11.23986, -30.20851, 24.64864]
						},
						"2.0333": {
							"vector": [7.35, 6.25, 2.33]
						},
						"3.3": {
							"vector": [7.35, 6.25, 2.33]
						},
						"3.5667": {
							"vector": [0, 0, 0]
						}
					}
				}
			},
			"sound_effects": {
				"0.0": {
					"effect": "inspect_up"
				},
				"0.8": {
					"effect": "inspect_foley"
				},
				"1.3667": {
					"effect": "inspect_turn"
				},
				"3.2667": {
					"effect": "inspect_down"
				}
			}
		},
		"animation.model.reload": {
			"animation_length": 3.0333,
			"bones": {
				"main": {
					"rotation": {
						"0.1667": {
							"vector": [0, 0, 0]
						},
						"0.3333": {
							"vector": [-8.12, -1.87, 0]
						},
						"0.4": {
							"vector": [-22.75, -5.25, 0]
						},
						"0.5": {
							"vector": [-32.5, -7.5, 0]
						},
						"0.5333": {
							"vector": [-32.5, -7.5, "math.sin(query.anim_time * 800) * 2"]
						},
						"0.7": {
							"vector": [-32.5, -7.5, 0]
						},
						"1.0333": {
							"vector": [-32.5, -7.5, 0]
						},
						"1.0667": {
							"vector": [-32.5, -7.5, "math.sin(query.anim_time * 800) * 2"]
						},
						"1.6": {
							"vector": [-32.5, -7.5, 0]
						},
						"1.8667": {
							"vector": [-32.5, -7.5, 0]
						},
						"1.9": {
							"vector": [-32.5, -7.5, "math.sin(query.anim_time * 800) * 2"]
						},
						"2.4": {
							"vector": [-32.5, -7.5, 0]
						},
						"2.5333": {
							"vector": [-23.12, -5.34, 0]
						},
						"2.7667": {
							"vector": [-2.31, -0.53, 0]
						},
						"2.8667": {
							"vector": [0, 0, 0]
						},
						"2.9": {
							"vector": [0, 0, "math.sin(query.anim_time * 800) * 2"]
						},
						"3.0333": {
							"vector": [0, 0, 0]
						}
					},
					"position": {
						"0.1": {
							"vector": [0, 0, 0]
						},
						"0.4333": {
							"vector": [-7, -15, 4]
						},
						"1.3": {
							"vector": [-7, -15, 4]
						},
						"1.6": {
							"vector": [-7.11008, -15.5373, 4.83618]
						},
						"1.8333": {
							"vector": [-6.96992, -14.8327, 3.74382]
						},
						"1.9667": {
							"vector": [-7.03504, -15.13865, 4.22809]
						},
						"2.2333": {
							"vector": [-7.12008, -15.5873, 4.91618]
						},
						"2.3667": {
							"vector": [-7, -15, 4]
						},
						"2.5333": {
							"vector": [-1, -2.14, 0.57]
						},
						"2.6333": {
							"vector": [0, 0, 0]
						}
					}
				},
				"rocket": {
					"rotation": {
						"0.5667": {
							"vector": [0, 0, 0]
						},
						"1.9": {
							"vector": [0, 0, 0]
						},
						"2.3333": {
							"vector": [0, 0, 0]
						}
					},
					"position": {
						"0.5667": {
							"vector": [22.88179, -33.97545, 46.77818]
						},
						"0.9": {
							"vector": [5.69, -7.87, -41.21]
						},
						"1.0": {
							"vector": [-0.06706, -0.28944, -46.81781]
						},
						"1.0333": {
							"vector": [-0.06706, -0.28944, -46.81781]
						},
						"1.0667": {
							"vector": [-0.07, -0.29, -43.42]
						},
						"1.2": {
							"vector": [-0.07, -0.29, -41.92]
						},
						"1.3333": {
							"vector": [-0.07, -0.29, -37.98]
						},
						"1.4333": {
							"vector": [-0.06706, -0.28944, -29.81781]
						},
						"1.6": {
							"vector": [-0.07, -0.29, -17.82]
						},
						"1.9": {
							"vector": [-0.07, -0.29, -17.82]
						},
						"1.9667": {
							"vector": [-0.06, -0.27, -16.29]
						},
						"2.1": {
							"vector": [-0.04, -0.17, -10.18]
						},
						"2.2333": {
							"vector": [0, 0, 0]
						}
					}
				},
				"leftarm": {
					"rotation": {
						"0.1667": {
							"vector": [0, 0, 0]
						},
						"0.5667": {
							"vector": [0, 0, 0]
						},
						"2.3667": {
							"vector": [0, 0, 0]
						}
					},
					"position": {
						"0.1667": {
							"vector": [0, 0, 0]
						},
						"0.5667": {
							"vector": [22.72349, -28.41611, 6.55911]
						},
						"0.9": {
							"vector": [5.53, -2.31, -82.18]
						},
						"1.0": {
							"vector": [-0.22706, 5.27056, -88.03781]
						},
						"1.0333": {
							"vector": [-0.22706, 5.27056, -88.03781]
						},
						"1.0667": {
							"vector": [-0.23, 5.27, -84.64]
						},
						"1.2": {
							"vector": [-0.23, 5.27, -83.14]
						},
						"1.3333": {
							"vector": [-0.23, 5.27, -79.2]
						},
						"1.4333": {
							"vector": [-0.22706, 5.27056, -71.03781]
						},
						"1.6": {
							"vector": [-0.23, 5.27, -59.04]
						},
						"1.7667": {
							"vector": [4.77, 5.27, -67.04]
						},
						"1.9": {
							"vector": [1.77, 4.27, -75.04]
						},
						"1.9667": {
							"vector": [1.77, 4.27, -73.51]
						},
						"2.1": {
							"vector": [1.77, 4.27, -67.41]
						},
						"2.2333": {
							"vector": [1.77, 4.27, -57.24]
						},
						"2.3": {
							"vector": [1.77, 4.27, -57.24]
						},
						"2.4": {
							"vector": [1.48, 3.56, -47.7]
						},
						"2.5667": {
							"vector": [0, 0, 0]
						}
					}
				}
			},
			"sound_effects": {
				"0.2": {
					"effect": "launcher_reloadend"
				},
				"1.1667": {
					"effect": "smaw_unload"
				},
				"1.8667": {
					"effect": "smaw_load"
				},
				"2.4667": {
					"effect": "launcher_reloadend"
				}
			}
		},
		"animation.model.idleempty": {
			"loop": true,
			"animation_length": 0.1,
			"bones": {
				"rocket": {
					"position": {
						"0.0": {
							"vector": [0, 0, 293]
						},
						"0.1": {
							"vector": [0, 0, 293]
						}
					}
				}
			}
		},
		"animation.model.idle": {
			"loop": true,
			"animation_length": 0.1,
			"bones": {
				"rocket": {
					"position": {
						"0.0": {
							"vector": [0, 0, 0]
						},
						"0.1": {
							"vector": [0, 0, 0]
						}
					}
				}
			}
		}
	},
	"geckolib_format_version": 2
}