{
	"format_version": "1.8.0",
	"animations": {
		"animation.model.draw": {
			"loop": true,
			"animation_length": 1.45,
			"bones": {
				"main": {
					"rotation": {
						"0.0": {
							"vector": [32.09413, -54.38778, -8.29667]
						},
						"0.35": {
							"vector": [11.13026, -19.81736, 3.99646],
							"easing": "easeOutSine"
						},
						"0.6": {
							"vector": [0.31279, -9.76062, 2.71862]
						},
						"0.9": {
							"vector": [2.34411, -6.83404, 4.93149],
							"easing": "easeOutQuad"
						},
						"1.25": {
							"vector": [0, 0, 5],
							"easing": "easeOutSine"
						},
						"1.4": {
							"vector": [0, 0, 0]
						}
					},
					"position": {
						"0.0": {
							"vector": [0, -17.3, 3]
						},
						"0.25": {
							"vector": [-0.4, -11.525, -0.625],
							"easing": "linear"
						},
						"0.5": {
							"vector": [-0.05, -9, -1.49],
							"easing": "linear"
						},
						"0.65": {
							"vector": [-0.05, -9, -1.49]
						},
						"0.9": {
							"vector": [-0.05, -10, -1.49]
						},
						"1.35": {
							"vector": [0, 0, -3],
							"easing": "easeOutSine"
						},
						"1.45": {
							"vector": [0, 0, 0],
							"easing": "easeOutSine"
						}
					}
				},
				"leftarm": {
					"rotation": {
						"0.0": {
							"vector": [0, 0, 0]
						},
						"0.2": {
							"vector": [1, 0, -22]
						},
						"0.4": {
							"vector": [0, 0, 0]
						}
					},
					"position": {
						"0.0": {
							"vector": [0, 0, 0]
						},
						"0.2": {
							"vector": [3.53901, 3.6754, 5.59783]
						},
						"0.4": {
							"vector": [0, 0, 0]
						}
					}
				},
				"thingy": {
					"rotation": {
						"0.0": {
							"vector": [0, 0, 0]
						},
						"0.4": {
							"vector": [0, 27.5, 0]
						},
						"0.65": {
							"vector": [0, -2.5, 0]
						},
						"0.9": {
							"vector": [0, -2.5, 0]
						},
						"1.1": {
							"vector": [0, 35, 0]
						},
						"1.3": {
							"vector": [0, 35, 0]
						},
						"1.45": {
							"vector": [0, 0, 0]
						}
					}
				}
			},
			"sound_effects": {
				"0.0": {
					"effect": "launcher_draw"
				},
				"1.0": {
					"effect": "launcher_reloadend"
				}
			}
		},
		"animation.model.inspect": {
			"loop": true,
			"animation_length": 4.2667,
			"bones": {
				"main": {
					"rotation": {
						"0.0": {
							"vector": [0, 0, 0]
						},
						"0.1667": {
							"vector": [-8.41746, -13.59608, -21.21259],
							"easing": "linear"
						},
						"0.3": {
							"vector": [-8.39812, -20.10111, -31.77688]
						},
						"0.4333": {
							"vector": [-9.55676, -20.88889, -28.55629]
						},
						"0.5333": {
							"vector": [-8.77652, -21.21647, -30.72851]
						},
						"0.7667": {
							"vector": [-9.4227, -20.94881, -28.93303]
						},
						"1.0": {
							"vector": [-3.1216, -20.98207, -46.44405]
						},
						"1.1333": {
							"vector": [-4.564, -20.73064, -42.44007]
						},
						"1.2333": {
							"vector": [-4.86325, -20.9153, -41.60203]
						},
						"1.3333": {
							"vector": [-4.58308, -20.97575, -42.38574]
						},
						"1.4667": {
							"vector": [-4.01131, -21.08802, -43.97908]
						},
						"1.6": {
							"vector": [-4.38767, -21.01662, -42.9316]
						},
						"1.7": {
							"vector": [-4.18847, -21.05622, -43.48691],
							"easing": "linear"
						},
						"2.0333": {
							"vector": [-16.91438, 5.38499, 54.40399],
							"easing": "linear"
						},
						"2.1667": {
							"vector": [-15.22513, 5.80082, 60.04554]
						},
						"2.3": {
							"vector": [-15.70981, 5.86025, 59.48558]
						},
						"2.4333": {
							"vector": [-15.93602, 7.03904, 62.69373]
						},
						"2.5667": {
							"vector": [-15.60896, 7.75082, 65.23442]
						},
						"2.7333": {
							"vector": [-15.71675, 7.52491, 64.42194]
						},
						"2.9": {
							"vector": [-15.56389, 7.84019, 65.55973]
						},
						"3.1": {
							"vector": [-15.61778, 7.73186, 65.16659]
						},
						"3.2667": {
							"vector": [-15.9801, 6.93689, 62.33342]
						},
						"3.4": {
							"vector": [-8.86998, 2.42135, 33.56191]
						},
						"3.5333": {
							"vector": [0, -1.75, -2.75]
						},
						"3.7": {
							"vector": [0, 0, 0]
						}
					},
					"position": {
						"0.0": {
							"vector": [0, 0, 0]
						},
						"0.3": {
							"vector": [-0.475, 1.475, -8.7]
						},
						"0.4": {
							"vector": [-0.195, 1, -7.7]
						},
						"0.5333": {
							"vector": [-0.03, 0.725, -7.7]
						},
						"0.7": {
							"vector": [0, 1.125, -7.7]
						},
						"0.9": {
							"vector": [0.125, 1.4, -8.275]
						},
						"1.2": {
							"vector": [-0.02, 1.475, -8]
						},
						"1.4": {
							"vector": [0.11, 1.425, -8.175]
						},
						"1.6667": {
							"vector": [0.275, 1.25, -7.975]
						},
						"1.8": {
							"vector": [-0.13, -1.19, -8.65]
						},
						"1.9667": {
							"vector": [-0.545, -1.325, -11.15]
						},
						"2.1333": {
							"vector": [-0.415, -1.395, -10.545]
						},
						"2.2667": {
							"vector": [-0.525, -1.455, -9.17]
						},
						"2.4": {
							"vector": [-0.49, -1.43, -9.85]
						},
						"2.5667": {
							"vector": [-0.455, -1.5, -9.24]
						},
						"2.7667": {
							"vector": [-0.53, -1.5, -9.27]
						},
						"3.0": {
							"vector": [-0.49, -1.41, -9.3]
						},
						"3.2333": {
							"vector": [-0.545, -1.325, -9.325]
						},
						"3.3667": {
							"vector": [-1.005, -0.61, -7.41]
						},
						"3.6333": {
							"vector": [0, 0, 0]
						}
					}
				},
				"leftarm": {
					"rotation": {
						"0.0": {
							"vector": [0, 0, 0]
						},
						"0.1667": {
							"vector": [0, 0, -2.5]
						},
						"1.7333": {
							"vector": [0, 0, -2.5]
						},
						"2.0333": {
							"vector": [-20, 0, -45]
						},
						"3.3": {
							"vector": [-20, 0, -45]
						},
						"3.5667": {
							"vector": [0, 0, 0]
						}
					},
					"position": {
						"0.0": {
							"vector": [0, 0, 0]
						},
						"0.1667": {
							"vector": [11.23986, -30.20851, 24.64864]
						},
						"1.7333": {
							"vector": [11.23986, -30.20851, 24.64864]
						},
						"2.0333": {
							"vector": [7.35, 6.25, 2.33]
						},
						"3.3": {
							"vector": [7.35, 6.25, 2.33]
						},
						"3.5667": {
							"vector": [0, 0, 0]
						}
					}
				}
			}
		},
		"animation.model.reload": {
			"animation_length": 3.1667,
			"bones": {
				"main": {
					"rotation": {
						"0.0": {
							"vector": [0, 0, 0]
						},
						"0.5": {
							"vector": [-6.74792, -1.41417, 14.48548],
							"easing": "easeInSine"
						},
						"2.7083": {
							"vector": [-6.74792, -1.41417, 14.48548],
							"easing": "linear"
						},
						"2.75": {
							"vector": [-5.7226, -1.49672, 13.48858]
						},
						"2.9583": {
							"vector": [-6.74792, -1.41417, 14.48548],
							"easing": "linear"
						},
						"3.125": {
							"vector": [0, 0, 0]
						}
					},
					"position": {
						"0.0": {
							"vector": [0, 0, 0]
						},
						"0.4167": {
							"vector": [0, -9, 0],
							"easing": "easeInSine"
						},
						"0.5": {
							"vector": [0, -9, -1]
						},
						"0.5833": {
							"vector": [0, -9, 1],
							"easing": "linear"
						},
						"2.5833": {
							"vector": [0, -9, -2],
							"easing": "easeInSine"
						},
						"2.7083": {
							"vector": [0, -9, -2],
							"easing": "easeInSine"
						},
						"2.75": {
							"vector": [0, -9.95, -2]
						},
						"3.0": {
							"vector": [0, -9, -2],
							"easing": "easeInSine"
						},
						"3.1667": {
							"vector": [0, 0, 0]
						}
					}
				},
				"thingy": {
					"rotation": {
						"0.0": {
							"vector": [0, 0, 0]
						},
						"0.2083": {
							"vector": [0, 12.5, 0]
						},
						"0.25": {
							"vector": [0, 32.5, 0]
						},
						"0.375": {
							"vector": [0, 2.5, 0]
						},
						"0.4583": {
							"vector": [0, 12.5, 0]
						},
						"1.1667": {
							"vector": [0, 15, 0]
						},
						"2.5417": {
							"vector": [0, 10, 0]
						},
						"2.5833": {
							"vector": [0, 35, 0]
						},
						"2.7083": {
							"vector": [0, -5, 0]
						},
						"2.8333": {
							"vector": [0, 10, 0]
						}
					}
				},
				"rightarm": {
					"rotation": {
						"0.0": {
							"vector": [0, 0, 0]
						},
						"0.0833": {
							"vector": [0, 0, 0]
						},
						"0.1667": {
							"vector": [-0.06298, 7.48865, 0.41756]
						},
						"0.25": {
							"vector": [-13.22282, 4.68605, 18.27243]
						},
						"0.4583": {
							"vector": [-16.27837, 4.68605, 18.27243]
						},
						"0.5833": {
							"vector": [-8.22282, 4.68605, 18.27243],
							"easing": "easeOutSine"
						},
						"0.7083": {
							"vector": [-12.47651, -3.01243, 2.21539],
							"easing": "easeInSine"
						},
						"0.75": {
							"vector": [-12.47651, -3.01243, 2.21539],
							"easing": "easeInSine"
						},
						"0.9583": {
							"vector": [-0.81546, -3.22417, -30.48242],
							"easing": "easeInSine"
						},
						"1.0833": {
							"vector": [7.12867, -7.05467, -56.41855]
						},
						"1.2083": {
							"vector": [7.12867, -7.05467, -56.41855]
						},
						"1.6667": {
							"vector": [18.7299, -6.39949, -90.8684]
						},
						"1.875": {
							"vector": [28.43873, 3.5311, -89.65528]
						},
						"1.9167": {
							"vector": [28.43873, 3.5311, -89.65528]
						},
						"2.0833": {
							"vector": [28.27708, 8.32428, -88.22256]
						},
						"2.125": {
							"vector": [28.27708, 8.32428, -88.22256]
						},
						"2.2917": {
							"vector": [33.6883, -6.39813, -91.58226]
						},
						"2.375": {
							"vector": [35.04466, 1.96645, -95.25503]
						},
						"2.4583": {
							"vector": [46.50192, -6.33485, -101.0226]
						},
						"2.5833": {
							"vector": [45.32393, -0.12142, -96.65824],
							"easing": "easeInSine"
						},
						"2.6667": {
							"vector": [45.32393, -0.12142, -96.65824],
							"easing": "easeInSine"
						},
						"2.7917": {
							"vector": [30.32393, -0.12142, -96.65824]
						},
						"3.0": {
							"vector": [0, 0, 0]
						}
					},
					"position": {
						"0.0": {
							"vector": [0, 0, 0]
						},
						"0.0833": {
							"vector": [0, 0, 0]
						},
						"0.1667": {
							"vector": [-4.44851, -0.00254, -7.29457]
						},
						"0.2917": {
							"vector": [-6.63813, 1.84706, -16.9233]
						},
						"0.4583": {
							"vector": [-6.14103, -0.08708, -17.04846]
						},
						"0.5833": {
							"vector": [-7.14677, 7.47999, -18.19833],
							"easing": "easeOutSine"
						},
						"0.7083": {
							"vector": [-7.59803, 5.29082, -18.13555],
							"easing": "easeInSine"
						},
						"0.75": {
							"vector": [-7.59803, 5.29082, -18.13555],
							"easing": "easeInSine"
						},
						"0.9583": {
							"vector": [-13.89757, -5.71298, -17.01079],
							"easing": "easeInSine"
						},
						"1.0833": {
							"vector": [-11.11217, -35.99605, -16.715]
						},
						"1.2083": {
							"vector": [-11.11217, -35.99605, -16.715]
						},
						"1.5417": {
							"vector": [-10.03323, -1.63851, -9.03498]
						},
						"1.7083": {
							"vector": [-11.88032, 2.66419, -15.27902]
						},
						"1.875": {
							"vector": [-12.21937, 11.69379, -17.34773]
						},
						"1.9167": {
							"vector": [-12.21937, 11.69379, -17.34773]
						},
						"2.0833": {
							"vector": [-11.71988, 9.76554, -17.13473]
						},
						"2.125": {
							"vector": [-11.71988, 9.76554, -17.13473]
						},
						"2.2917": {
							"vector": [-12.7329, 7.21438, -9.75146]
						},
						"2.375": {
							"vector": [-14.37035, 12.96338, -13.04581]
						},
						"2.5": {
							"vector": [-15.76872, 17.06973, -19.54061]
						},
						"2.5833": {
							"vector": [-14.26971, 11.29885, -18.89182],
							"easing": "easeInSine"
						},
						"2.6667": {
							"vector": [-14.26971, 11.29885, -18.89182],
							"easing": "easeInSine"
						},
						"2.7917": {
							"vector": [-12.95834, 0.43672, -7.56443]
						},
						"3.0": {
							"vector": [0, 0, 0]
						}
					}
				},
				"magazine": {
					"rotation": {
						"0.2917": {
							"vector": [0, 0, 0]
						},
						"0.3333": {
							"vector": [0.25004, 0.00873, 0.49992]
						},
						"0.375": {
							"vector": [0, 0, 0]
						},
						"0.4583": {
							"vector": [0, 0, 0]
						},
						"0.5833": {
							"vector": [7.60404, -3.1949, 4.39338],
							"easing": "easeOutSine"
						},
						"0.7083": {
							"vector": [-4.26804, -3.99579, -5.59428],
							"easing": "easeInSine"
						},
						"0.75": {
							"vector": [-4.26804, -3.99579, -5.59428],
							"easing": "easeInSine"
						},
						"0.9583": {
							"vector": [-0.44113, -5.82743, -48.22079],
							"easing": "easeInSine"
						},
						"1.0833": {
							"vector": [1.82967, -5.55119, -70.83195]
						},
						"1.2083": {
							"vector": [1.82967, -5.55119, -70.83195]
						},
						"1.5417": {
							"vector": [0.0702, -5.84363, -53.24682]
						},
						"1.7083": {
							"vector": [-2.64354, -5.21382, -25.62286]
						},
						"1.875": {
							"vector": [12.5, 0, 0]
						},
						"1.9167": {
							"vector": [12.5, 0, 0]
						},
						"2.0833": {
							"vector": [0, 0, 0]
						},
						"2.125": {
							"vector": [0, 0, 0]
						}
					},
					"position": {
						"0.2917": {
							"vector": [0, 0, 0]
						},
						"0.4583": {
							"vector": [0, 0, 0]
						},
						"0.5833": {
							"vector": [-0.37553, 1.70225, 0.15432],
							"easing": "easeOutSine"
						},
						"0.7083": {
							"vector": [-1.37389, 5.56643, 0.40075],
							"easing": "easeInSine"
						},
						"0.75": {
							"vector": [-1.37389, 5.56643, 0.40075],
							"easing": "easeInSine"
						},
						"0.9583": {
							"vector": [-11.15649, -5.20883, 0.19609],
							"easing": "easeInSine"
						},
						"1.0833": {
							"vector": [-10.50062, -35.02554, 0.97373]
						},
						"1.2083": {
							"vector": [-10.50062, -35.02554, 0.97373]
						},
						"1.5417": {
							"vector": [-7.75029, -0.22366, 6.79735]
						},
						"1.7083": {
							"vector": [-7.02027, 1.58421, -0.49468]
						},
						"1.875": {
							"vector": [-0.62515, 2.40557, -0.26909]
						},
						"1.9167": {
							"vector": [-0.62515, 2.40557, -0.26909]
						},
						"2.0833": {
							"vector": [0, 0, 0]
						},
						"2.125": {
							"vector": [0, 0, 0]
						}
					}
				},
				"_camera_": {
					"rotation": {
						"0.0": {
							"vector": [0, 0, 0]
						},
						"0.4167": {
							"vector": [1, -1, 0],
							"easing": "easeOutSine"
						},
						"2.0833": {
							"vector": [-2, 0, 1],
							"easing": "linear"
						},
						"2.5833": {
							"vector": [0, 0, 0]
						},
						"2.625": {
							"vector": [0, 0, 2]
						},
						"2.6667": {
							"vector": [0, 0, -1]
						},
						"2.7083": {
							"vector": [0, 0, 0]
						},
						"3.1667": {
							"vector": [0, 0, 0]
						}
					}
				}
			},
			"sound_effects": {
				"0.5": {
					"effect": "dp_magout"
				},
				"1.9167": {
					"effect": "dp_magin"
				},
				"2.5": {
					"effect": "dp_str"
				}
			}
		},
		"animation.model.reloadempty": {
			"animation_length": 4,
			"bones": {
				"main": {
					"rotation": {
						"0.0": {
							"vector": [0, 0, 0]
						},
						"0.4167": {
							"vector": [-6.74792, -1.41417, 14.48548],
							"easing": "easeInSine"
						},
						"1.625": {
							"vector": [-6.74792, -1.41417, 14.48548],
							"easing": "easeOutSine"
						},
						"1.7917": {
							"vector": [-6.74792, -1.41417, 14.48548],
							"easing": "easeOutSine"
						},
						"2.5": {
							"vector": [-6.74792, -1.41417, 14.48548],
							"easing": "linear"
						},
						"2.5417": {
							"vector": [-5.7226, -1.49672, 13.48858]
						},
						"2.7917": {
							"vector": [-5.87529, -0.98697, 13.58691]
						},
						"3.125": {
							"vector": [-6, -1.05, 13.72]
						},
						"3.1667": {
							"vector": [-5.99188, -1.18867, 12.49326]
						},
						"3.4167": {
							"vector": [-6.74792, -1.41417, 14.48548],
							"easing": "linear"
						},
						"3.5833": {
							"vector": [0, 0, 0]
						}
					},
					"position": {
						"0.0": {
							"vector": [0, 0, 0]
						},
						"0.3333": {
							"vector": [0, -9, 0],
							"easing": "easeInSine"
						},
						"0.4167": {
							"vector": [0, -9, -1]
						},
						"0.5": {
							"vector": [0, -9, 1],
							"easing": "linear"
						},
						"1.625": {
							"vector": [0, -9, -2],
							"easing": "easeInSine"
						},
						"1.7917": {
							"vector": [0, -9, -2],
							"easing": "easeInSine"
						},
						"1.8333": {
							"vector": [0, -9.2, -2]
						},
						"2.375": {
							"vector": [0, -9, -2],
							"easing": "easeInSine"
						},
						"2.5": {
							"vector": [0, -9, -2],
							"easing": "easeInSine"
						},
						"2.5417": {
							"vector": [0, -9.95, -2]
						},
						"2.9167": {
							"vector": [0, -10.42, -2]
						},
						"3.125": {
							"vector": [0, -10.4, -2]
						},
						"3.1667": {
							"vector": [0, -10.7, -1]
						},
						"3.2083": {
							"vector": [0, -10.4, -2]
						},
						"3.4583": {
							"vector": [0, -9, -2],
							"easing": "easeInSine"
						},
						"3.625": {
							"vector": [0, 0, 0]
						}
					}
				},
				"rightarm": {
					"rotation": {
						"0.0": {
							"vector": [0, 0, 0]
						},
						"0.125": {
							"vector": [0, 0, 0]
						},
						"0.2083": {
							"vector": [-0.06298, 7.48865, 0.41756]
						},
						"0.2917": {
							"vector": [-13.22282, 4.68605, 18.27243]
						},
						"0.5": {
							"vector": [-16.27837, 4.68605, 18.27243]
						},
						"0.5833": {
							"vector": [-8.22282, 4.68605, 18.27243],
							"easing": "easeOutSine"
						},
						"0.7917": {
							"vector": [-12.47651, -3.01243, 2.21539],
							"easing": "easeInSine"
						},
						"0.8333": {
							"vector": [-12.47651, -3.01243, 2.21539],
							"easing": "easeInSine"
						},
						"0.9583": {
							"vector": [-0.81546, -3.22417, -30.48242],
							"easing": "easeInSine"
						},
						"1.0833": {
							"vector": [7.12867, -7.05467, -56.41855]
						},
						"1.2083": {
							"vector": [7.12867, -7.05467, -56.41855]
						},
						"1.5833": {
							"vector": [18.7299, -6.39949, -90.8684]
						},
						"1.7917": {
							"vector": [28.43873, 3.5311, -89.65528]
						},
						"1.8333": {
							"vector": [28.43873, 3.5311, -89.65528]
						},
						"2.0": {
							"vector": [28.27708, 8.32428, -88.22256]
						},
						"2.0417": {
							"vector": [28.27708, 8.32428, -88.22256]
						},
						"2.2083": {
							"vector": [33.6883, -6.39813, -91.58226]
						},
						"2.2917": {
							"vector": [35.04466, 1.96645, -95.25503]
						},
						"2.375": {
							"vector": [46.50192, -6.33485, -101.0226]
						},
						"2.5": {
							"vector": [45.32393, -0.12142, -96.65824],
							"easing": "easeInSine"
						},
						"2.5833": {
							"vector": [45.32393, -0.12142, -96.65824],
							"easing": "easeInSine"
						},
						"2.75": {
							"vector": [30.32393, -0.12142, -96.65824]
						},
						"2.9167": {
							"vector": [26.59335, -0.09059, -72.68977]
						},
						"3.0417": {
							"vector": [26.59335, -0.09059, -72.68977]
						},
						"3.125": {
							"vector": [16.22111, -5.96628, -35.40935]
						},
						"3.2917": {
							"vector": [16.22111, -5.96628, -35.40935]
						},
						"3.4583": {
							"vector": [15.50938, 4.50086, -17.20435]
						},
						"3.625": {
							"vector": [0, 0, 0]
						}
					},
					"position": {
						"0.0": {
							"vector": [0, 0, 0]
						},
						"0.125": {
							"vector": [0, 0, 0]
						},
						"0.2083": {
							"vector": [-4.44851, -0.00254, -7.29457]
						},
						"0.3333": {
							"vector": [-6.63813, 1.84706, -16.9233]
						},
						"0.5": {
							"vector": [-6.14103, -0.08708, -17.04846]
						},
						"0.5833": {
							"vector": [-7.14677, 7.47999, -18.19833],
							"easing": "easeOutSine"
						},
						"0.7917": {
							"vector": [-7.59803, 5.29082, -18.13555],
							"easing": "easeInSine"
						},
						"0.8333": {
							"vector": [-7.59803, 5.29082, -18.13555],
							"easing": "easeInSine"
						},
						"0.9583": {
							"vector": [-13.89757, -5.71298, -17.01079],
							"easing": "easeInSine"
						},
						"1.0833": {
							"vector": [-11.11217, -35.99605, -16.715]
						},
						"1.2083": {
							"vector": [-11.11217, -35.99605, -16.715]
						},
						"1.4583": {
							"vector": [-10.03323, -1.63851, -9.03498]
						},
						"1.625": {
							"vector": [-11.88032, 2.66419, -15.27902]
						},
						"1.7917": {
							"vector": [-12.21937, 11.69379, -17.34773]
						},
						"1.8333": {
							"vector": [-12.21937, 11.69379, -17.34773]
						},
						"2.0": {
							"vector": [-11.71988, 9.76554, -17.13473]
						},
						"2.0417": {
							"vector": [-11.71988, 9.76554, -17.13473]
						},
						"2.2083": {
							"vector": [-12.7329, 7.21438, -9.75146]
						},
						"2.2917": {
							"vector": [-14.37035, 12.96338, -13.04581]
						},
						"2.4167": {
							"vector": [-15.76872, 17.06973, -19.54061]
						},
						"2.5": {
							"vector": [-14.26971, 11.29885, -18.89182],
							"easing": "easeInSine"
						},
						"2.5833": {
							"vector": [-14.26971, 11.29885, -18.89182],
							"easing": "easeInSine"
						},
						"2.75": {
							"vector": [-12.95834, 0.43672, -7.56443]
						},
						"2.9167": {
							"vector": [-11.65324, 2.19967, -28.78151]
						},
						"3.0417": {
							"vector": [-11.65324, 2.19967, -28.78151]
						},
						"3.1667": {
							"vector": [-11.20736, 3.40023, -16.28616]
						},
						"3.2917": {
							"vector": [-11.20211, 3.4311, -15.98779]
						},
						"3.4583": {
							"vector": [-5.36061, 0.75415, -7.89088]
						},
						"3.625": {
							"vector": [0, 0, 0]
						}
					}
				},
				"magazine": {
					"rotation": {
						"0.3333": {
							"vector": [0, 0, 0]
						},
						"0.375": {
							"vector": [0.25004, 0.00873, 0.49992]
						},
						"0.4167": {
							"vector": [0, 0, 0]
						},
						"0.5": {
							"vector": [0, 0, 0]
						},
						"0.5833": {
							"vector": [7.60404, -3.1949, 4.39338],
							"easing": "easeOutSine"
						},
						"0.7917": {
							"vector": [-4.26804, -3.99579, -5.59428],
							"easing": "easeInSine"
						},
						"0.8333": {
							"vector": [-4.26804, -3.99579, -5.59428],
							"easing": "easeInSine"
						},
						"0.9583": {
							"vector": [-0.44113, -5.82743, -48.22079],
							"easing": "easeInSine"
						},
						"1.0833": {
							"vector": [1.82967, -5.55119, -70.83195]
						},
						"1.2083": {
							"vector": [1.82967, -5.55119, -70.83195]
						},
						"1.4583": {
							"vector": [0.0702, -5.84363, -53.24682]
						},
						"1.625": {
							"vector": [-2.64354, -5.21382, -25.62286]
						},
						"1.7917": {
							"vector": [12.5, 0, 0]
						},
						"1.8333": {
							"vector": [12.5, 0, 0]
						},
						"2.0": {
							"vector": [0, 0, 0]
						},
						"2.0417": {
							"vector": [0, 0, 0]
						}
					},
					"position": {
						"0.3333": {
							"vector": [0, 0, 0]
						},
						"0.5": {
							"vector": [0, 0, 0]
						},
						"0.5833": {
							"vector": [-0.37553, 1.70225, 0.15432],
							"easing": "easeOutSine"
						},
						"0.7917": {
							"vector": [-1.37389, 5.56643, 0.40075],
							"easing": "easeInSine"
						},
						"0.8333": {
							"vector": [-1.37389, 5.56643, 0.40075],
							"easing": "easeInSine"
						},
						"0.9583": {
							"vector": [-11.15649, -5.20883, 0.19609],
							"easing": "easeInSine"
						},
						"1.0833": {
							"vector": [-10.50062, -35.02554, 0.97373]
						},
						"1.2083": {
							"vector": [-10.50062, -35.02554, 0.97373]
						},
						"1.4583": {
							"vector": [-7.75029, -0.22366, 6.79735]
						},
						"1.625": {
							"vector": [-7.02027, 1.58421, -0.49468]
						},
						"1.7917": {
							"vector": [-0.62515, 2.40557, -0.26909]
						},
						"1.8333": {
							"vector": [-0.62515, 2.40557, -0.26909]
						},
						"2.0": {
							"vector": [0, 0, 0]
						},
						"2.0417": {
							"vector": [0, 0, 0]
						}
					}
				},
				"_camera_": {
					"rotation": {
						"0.0": {
							"vector": [0, 0, 0]
						},
						"0.5417": {
							"vector": [1, -1, 0],
							"easing": "easeOutSine"
						},
						"2.5": {
							"vector": [0, 0, 0]
						},
						"2.5417": {
							"vector": [0, 0, 2]
						},
						"2.5833": {
							"vector": [0, 0, -1]
						},
						"2.625": {
							"vector": [0, 0, 0]
						},
						"3.125": {
							"vector": [0, 0, 0]
						},
						"3.1667": {
							"vector": [0, 0, 2]
						},
						"3.2083": {
							"vector": [0, 0, -1]
						},
						"3.25": {
							"vector": [0, 0, 0]
						}
					}
				},
				"shmigle": {
					"position": {
						"0.0": {
							"vector": [0, 0, -12]
						},
						"3.0417": {
							"vector": [0, 0, -12]
						},
						"3.2083": {
							"vector": [0, 0, 0]
						}
					}
				},
				"thingy": {
					"rotation": {
						"0.0": {
							"vector": [0, 0, 0]
						},
						"0.3333": {
							"vector": [0, 12.5, 0]
						},
						"0.375": {
							"vector": [0, 32.5, 0]
						},
						"0.5": {
							"vector": [0, 2.5, 0]
						},
						"0.5833": {
							"vector": [0, 12.5, 0]
						},
						"1.4167": {
							"vector": [0, 15, 0]
						},
						"2.5": {
							"vector": [0, 10, 0]
						},
						"2.5417": {
							"vector": [0, 35, 0]
						},
						"2.6667": {
							"vector": [0, -5, 0]
						},
						"2.7917": {
							"vector": [0, 10, 0]
						},
						"3.1667": {
							"vector": [0, 10, 0]
						},
						"3.2083": {
							"vector": [0, 35, 0]
						},
						"3.3333": {
							"vector": [0, -5, 0]
						},
						"3.4583": {
							"vector": [0, 10, 0]
						}
					}
				}
			},
			"sound_effects": {
				"0.5": {
					"effect": "dp_magout"
				},
				"1.9167": {
					"effect": "dp_magin"
				},
				"2.5": {
					"effect": "dp_str"
				},
				"2.9167": {
					"effect": "dp_load"
				}
			}
		},
		"animation.model.fire": {
			"animation_length": 2,
			"bones": {
				"main": {
					"rotation": {
						"0.0": {
							"vector": [0, 0, 0]
						},
						"0.0167": {
							"vector": [-1, 0, 2]
						},
						"0.1": {
							"vector": [0, 0, 0]
						}
					},
					"position": {
						"0.0": {
							"vector": [0, 0, 0]
						},
						"0.0167": {
							"vector": [0, -0.175, 2]
						},
						"0.1": {
							"vector": [0, 0, 0]
						}
					}
				},
				"shmigle": {
					"position": {
						"0.0": {
							"vector": [0, 0, 0]
						},
						"0.05": {
							"vector": [0, 0, -12]
						},
						"0.1": {
							"vector": [0, 0, 0]
						}
					}
				},
				"thingy": {
					"rotation": {
						"0.0": {
							"vector": [0, 0, 0]
						},
						"0.05": {
							"vector": [0, 37.5, 0]
						},
						"0.0833": {
							"vector": [0, -7.5, 0]
						}
					}
				}
			}
		}
	},
	"geckolib_format_version": 2
}