  {
  "name" : "m2q",
  "type": "Gun",
  "maxAmmoCapacity" : "infinite",
  "compatibleAmmo" : ["ammocreative"],
  "damage" : 12,
  "rpm" : 530,
  "fireModes" : ["AUTOMATIC"],
  "fireSound" : "m2f",
  "drawCooldownDuration" : 1167,
  "aimingZoom" : 0.3,
  "gunRecoilInitialAmplitude" : 0.5,
  "shakeRecoilAmplitude" : 0.2,
  "shakeRecoilSpeed" : 2,
  "viewRecoilAmplitude" : 0.5,
  "inspectCooldownDuration": 5483,
  "aimingEnabled": false,
  "effects": [
    {
               "phase": "hit_scan_acquired",
               "name": "redtracer"
    },
    {
               "phase": "firing",
               "name": "muzzle_flash_big_ex"
    }
]
}