  {
  "name" : "stg44q",
  "type": "Gun",
  "maxAmmoCapacity" : 30,
  "compatibleAmmo" : ["ammocreative","ammo762"],
  "damage" : 6,
  "rpm" : 620,
  "fireModes" : ["SINGLE", "AUTOMATIC"],
  "fireSound" : "hk416",
  "drawCooldownDuration" : 600,
  "aimingZoom" : 0.25,
  "gunRecoilInitialAmplitude" : 0.5,
  "shakeRecoilAmplitude" : 0.25,
  "shakeRecoilSpeed" : 1.8,
  "viewRecoilAmplitude" : 1.8,
  "inspectCooldownDuration": 5483,
  "phasedReloads": [
    {
      "phase": "RELOADING",
      "condition": "reloadIterationIndex == 0",
      "duration": 2133,
      "animation": "animation.model.reloadempty"
    },
    {
      "phase": "RELOADING",
      "condition": "reloadIterationIndex > 0",
      "duration": 1667,
      "animation": "animation.model.reload"
    }
  ],
  "effects": [
    {
               "phase": "hit_scan_acquired",
               "name": "tracer"
    },
    {
               "phase": "firing",
               "name": "crossflash"
    }
]
}