{
	"format_version": "1.8.0",
	"animations": {
		"animation.model.fire": {
			"loop": true,
			"animation_length": 0.5,
			"bones": {
				"main": {
					"rotation": {
						"0.0": {
							"vector": [0, 0, 0]
						},
						"0.0667": {
							"vector": [0.24722, -0.15263, -0.99759]
						},
						"0.1": {
							"vector": [0.25995, -0.07447, -1.7]
						},
						"0.2": {
							"vector": [0, 0.01681, 1.1]
						},
						"0.2667": {
							"vector": [0, 0.00851, -0.52127]
						},
						"0.3667": {
							"vector": [0, 0.0036, 0.23936]
						},
						"0.4333": {
							"vector": [0, 0, 0]
						}
					}
				},
				"action": {
					"position": {
						"0.0": {
							"vector": [0, 0, 0]
						},
						"0.0333": {
							"vector": [0, 0, 8],
							"easing": "easeOutElastic"
						},
						"0.1": {
							"vector": [0, 0, 0],
							"easing": "easeOutQuart"
						}
					}
				},
				"cover": {
					"rotation": {
						"0.0": {
							"vector": [0, 0, 0]
						},
						"0.0333": {
							"vector": [-0.0237, -0.21643, 12.49816],
							"easing": "easeOutCirc"
						},
						"0.0667": {
							"vector": [0, 0, 0],
							"easing": "easeOutCirc"
						}
					}
				}
			}
		},
		"animation.model.draw": {
			"animation_length": 1.2,
			"bones": {
				"main": {
					"rotation": {
						"0.0": {
							"vector": [32.09413, -54.38778, -8.29667]
						},
						"0.35": {
							"vector": [0.50518, -5.08075, 6.8716],
							"easing": "easeOutSine"
						},
						"0.5": {
							"vector": [0.32389, -0.60235, -2.1558],
							"easing": "linear"
						},
						"0.6": {
							"vector": [0, 0, 0],
							"easing": "linear"
						}
					},
					"position": {
						"0.0": {
							"vector": [0, -17.3, 0]
						},
						"0.25": {
							"vector": [-0.4, -2.525, -1.625],
							"easing": "linear"
						},
						"0.4": {
							"vector": [-0.05, 0, -2.49],
							"easing": "linear"
						},
						"0.55": {
							"vector": [0, 0, 0],
							"easing": "linear"
						}
					}
				},
				"leftarm": {
					"rotation": {
						"0.0": {
							"vector": [0, 0, 0]
						},
						"0.2": {
							"vector": [1, 0, -22]
						},
						"0.4": {
							"vector": [0, 0, 0]
						}
					},
					"position": {
						"0.0": {
							"vector": [0, 0, 0]
						},
						"0.2": {
							"vector": [3.53901, 3.6754, 5.59783]
						},
						"0.4": {
							"vector": [0, 0, 0]
						}
					}
				}
			},
			"sound_effects": {
				"0.0": {
					"effect": "foley_start"
				},
				"0.55": {
					"effect": "foley_end "
				}
			}
		},
		"animation.model.inspect": {
			"loop": true,
			"animation_length": 5.4167,
			"bones": {
				"main": {
					"rotation": {
						"0.0": {
							"vector": [0, 0, 0]
						},
						"0.3833": {
							"vector": [7.06156, -26.41375, -22.36547]
						},
						"0.5833": {
							"vector": [8.09726, -28.29619, -23.48159]
						},
						"0.8": {
							"vector": [7.0567, -29.23721, -21.90019]
						},
						"1.1": {
							"vector": [7.36281, -28.62607, -22.85413]
						},
						"1.25": {
							"vector": [7.19021, -28.39831, -22.64492]
						},
						"1.55": {
							"vector": [14.16854, -27.26701, -34.19134]
						},
						"1.9333": {
							"vector": [14.16854, -27.26701, -34.19134]
						},
						"2.2333": {
							"vector": [12.88141, -29.18447, -29.74593]
						},
						"2.4667": {
							"vector": [13.28802, -29.01467, -30.58199]
						},
						"2.9333": {
							"vector": [-16.33619, 2.89014, 50.94927]
						},
						"3.2167": {
							"vector": [-15.98525, 5.04084, 56.58652]
						},
						"3.4333": {
							"vector": [-16.0474, 4.83432, 55.8644]
						},
						"3.7667": {
							"vector": [-15.80629, 5.58867, 58.51834]
						},
						"4.05": {
							"vector": [-15.73437, 5.79251, 59.24369]
						},
						"4.55": {
							"vector": [-15.73437, 5.79251, 59.24369]
						},
						"4.9167": {
							"vector": [1.77698, -9.99529, 27.44148]
						},
						"5.1667": {
							"vector": [0.58201, -1.04064, 9.6563]
						},
						"5.3167": {
							"vector": [0.32388, 0.39763, -2.15014]
						},
						"5.4167": {
							"vector": [0, 0, 0]
						}
					},
					"position": {
						"0.0": {
							"vector": [0, 0, 0]
						},
						"0.1333": {
							"vector": [-1.65, -2.615, -2.94]
						},
						"0.3": {
							"vector": [-3.625, -2.375, -6.475]
						},
						"0.5667": {
							"vector": [-3.62, -1.72, -6.52]
						},
						"0.85": {
							"vector": [-3.645, -2.175, -6.5]
						},
						"1.1833": {
							"vector": [-3.625, -2.075, -6.475]
						},
						"1.4833": {
							"vector": [-0.62, -0.67, -6.47]
						},
						"1.7167": {
							"vector": [-0.62, -0.37, -6.47]
						},
						"1.9167": {
							"vector": [-0.62, -0.27, -6.47]
						},
						"2.1333": {
							"vector": [-0.745, -0.77, -6.57]
						},
						"2.4333": {
							"vector": [-0.745, -0.72, -6.47]
						},
						"2.6333": {
							"vector": [2.99, -4.27, -7.82]
						},
						"2.8833": {
							"vector": [6.725, -4.78, -9.17]
						},
						"3.1667": {
							"vector": [6.875, -4.53, -9.17]
						},
						"3.4333": {
							"vector": [6.88, -4.58, -9.17]
						},
						"3.6833": {
							"vector": [7.03, -5.38, -9.17]
						},
						"3.9": {
							"vector": [6.98, -5.705, -9.17]
						},
						"4.25": {
							"vector": [6.98, -5.6, -9.17]
						},
						"4.6167": {
							"vector": [6.98, -5.6, -9.17]
						},
						"5.0667": {
							"vector": [0.4, -0.3, -2.6]
						},
						"5.2667": {
							"vector": [0.16, -0.4, 0.275]
						},
						"5.3667": {
							"vector": [0, 0, 0]
						}
					}
				},
				"leftarm": {
					"rotation": {
						"0.0": {
							"vector": [0, 0, 0]
						},
						"0.3667": {
							"vector": [-12.15512, -5.26947, 6.03509]
						},
						"1.1667": {
							"vector": [-12.15512, -5.26947, 6.03509]
						},
						"1.55": {
							"vector": [-10.68821, -9.66155, 11.22139]
						},
						"2.45": {
							"vector": [-10.68821, -9.66155, 11.22139]
						},
						"2.8667": {
							"vector": [-19.81504, 6.36231, -32.26083]
						},
						"4.5333": {
							"vector": [-19.81504, 6.36231, -32.26083]
						},
						"5.1": {
							"vector": [0, 0, 0]
						}
					},
					"position": {
						"0.0": {
							"vector": [0, 0, 0]
						},
						"0.3667": {
							"vector": [0.89858, -7.5402, -3.28884]
						},
						"1.1667": {
							"vector": [0.89858, -7.5402, -3.28884]
						},
						"1.55": {
							"vector": [-2.06554, -8.79345, -2.03001]
						},
						"2.45": {
							"vector": [-2.06554, -8.79345, -2.03001]
						},
						"2.8667": {
							"vector": [15.70124, 9.9839, 7.1462]
						},
						"4.5333": {
							"vector": [15.70124, 9.9839, 7.1462]
						},
						"5.1": {
							"vector": [0, 0, 0]
						}
					},
					"scale": {
						"0.0": {
							"vector": [1, 1, 1]
						},
						"0.3667": {
							"vector": [1.2, 1.2, 1.2]
						},
						"1.1667": {
							"vector": [1.2, 1.2, 1.2]
						},
						"4.5333": {
							"vector": [1.2, 1.2, 1.2]
						},
						"5.1": {
							"vector": [1, 1, 1]
						}
					}
				},
				"rightarm": {
					"rotation": {
						"0.0": {
							"vector": [0, 0, 0]
						},
						"1.6833": {
							"vector": [0, 0, 0]
						},
						"1.85": {
							"vector": [-3.03125, -1.73386, -5.12329]
						},
						"2.05": {
							"vector": [-2.36078, -1.33103, -3.99466]
						},
						"3.2": {
							"vector": [-3.21614, -0.38546, -0.26637]
						},
						"3.4833": {
							"vector": [-2.36078, -1.33103, -3.99466]
						},
						"3.8833": {
							"vector": [-1.94913, 13.23048, -7.62813]
						},
						"4.35": {
							"vector": [-1.90134, 13.8242, -5.19917]
						},
						"4.4833": {
							"vector": [-0.9918, 10.16956, -3.42763]
						},
						"4.6333": {
							"vector": [0, 0, 0]
						}
					},
					"position": {
						"0.0": {
							"vector": [0, 0, 0]
						},
						"1.6833": {
							"vector": [0, 0, 0]
						},
						"1.85": {
							"vector": [0, -1.5, 0]
						},
						"2.05": {
							"vector": [0, -0.775, 0]
						},
						"3.4167": {
							"vector": [0, -0.775, 0]
						},
						"3.6333": {
							"vector": [-1.17454, -0.61892, 3.24778]
						},
						"3.9": {
							"vector": [-0.95721, 1.92156, 9.52826]
						},
						"4.3667": {
							"vector": [-0.95721, 1.92156, 9.52826]
						},
						"4.4833": {
							"vector": [-0.32805, 0.52343, 3.37901]
						},
						"4.6333": {
							"vector": [0, 0, 0]
						}
					}
				},
				"_camera_": {
					"rotation": {
						"0.0": {
							"vector": [0, 0, 0]
						},
						"0.2833": {
							"vector": [4.93762, -1.96764, -0.43816]
						},
						"0.6333": {
							"vector": [4.29572, -3.39232, 0.41239]
						},
						"0.9833": {
							"vector": [4.57514, -2.56469, -0.53242]
						},
						"1.4333": {
							"vector": [10.3391, 6.47089, -0.2536]
						},
						"1.8667": {
							"vector": [12.23277, 16.03328, 0.3455]
						},
						"2.2667": {
							"vector": [12.52304, 15.27698, 1.50198]
						},
						"2.6": {
							"vector": [9.40988, 6.67571, 0.24321]
						},
						"3.0167": {
							"vector": [6.60415, -0.62351, -1.53663]
						},
						"3.3833": {
							"vector": [6.09509, -1.16464, -1.09602]
						},
						"4.1167": {
							"vector": [12.31651, 1.97959, -1.43205]
						},
						"4.4333": {
							"vector": [12.83314, 1.86712, -0.93787]
						},
						"4.9667": {
							"vector": [2.09575, -0.93284, -2.95994]
						},
						"5.2333": {
							"vector": [0.49507, -0.23873, 1.04077]
						},
						"5.4167": {
							"vector": [0, 0, 0]
						}
					}
				}
			},
			"sound_effects": {
				"0.0": {
					"effect": "inspect_up"
				},
				"1.3167": {
					"effect": "inspect_foley"
				},
				"2.15": {
					"effect": "inspect_turn"
				},
				"4.6833": {
					"effect": "inspect_down"
				}
			}
		},
		"animation.model.reload": {
			"animation_length": 2.5,
			"blend_weight": "1",
			"bones": {
				"main": {
					"rotation": {
						"0.0": {
							"vector": [0.33, 0, 0.72],
							"easing": "easeInSine"
						},
						"0.2333": {
							"vector": [0.15, -0.01, 6],
							"easing": "linear"
						},
						"0.4333": {
							"vector": [0, 0, -2.5],
							"easing": "linear"
						},
						"0.5333": {
							"vector": [0, 0, 0.47],
							"easing": "linear"
						},
						"0.9333": {
							"vector": [-5.88771, -2.38499, -16.11998]
						},
						"1.1667": {
							"vector": [-2.93692, -0.99688, -13.43604]
						},
						"1.3333": {
							"vector": [-2.23973, -1.6554, -11.64917]
						},
						"1.4333": {
							"vector": [-2.56026, -0.24864, -8.71902]
						},
						"1.5333": {
							"vector": [-2.53308, -0.32837, -10.21679]
						},
						"1.8667": {
							"vector": [3.73366, 0.53142, -18.45848]
						},
						"2.1": {
							"vector": [3.52041, 1.70204, -19.14863]
						},
						"2.2667": {
							"vector": [2.58667, 1.18172, -12.67726]
						},
						"2.4667": {
							"vector": [0, 0, 0]
						}
					},
					"position": {
						"0.0": {
							"vector": [0, -0.1, -0.39],
							"easing": "easeInSine"
						},
						"0.1": {
							"vector": [0, 0.02, 0.42],
							"easing": "linear"
						},
						"0.2333": {
							"vector": [-0.02, 0.37, 2.29],
							"easing": "linear"
						},
						"0.3": {
							"vector": [-0.02, 0.34, 2.29],
							"easing": "linear"
						},
						"0.4333": {
							"vector": [0.16, 0.64, 0],
							"easing": "linear"
						},
						"0.5333": {
							"vector": [0.02, 0.62, 2.46],
							"easing": "linear"
						},
						"0.6667": {
							"vector": [0.02, 0.62, 3.46]
						},
						"0.9": {
							"vector": [-0.985, -0.815, 1.53]
						},
						"1.2": {
							"vector": [0.02, -0.82, 1.53]
						},
						"1.3": {
							"vector": [-0.08, -0.82, 0.355]
						},
						"1.6": {
							"vector": [0.02, -1.095, 3.095]
						},
						"1.9": {
							"vector": [-1.74, -1.02, -1.355]
						},
						"2.1": {
							"vector": [-1.74, -1.02, -1.88]
						},
						"2.2333": {
							"vector": [-1.405, -1.115, -0.885]
						},
						"2.4333": {
							"vector": [0, 0, 0]
						}
					}
				},
				"magazine": {
					"rotation": {
						"0.0": {
							"vector": [0, 0, 0]
						},
						"0.4667": {
							"vector": [0, 0, 0]
						},
						"0.5667": {
							"vector": [0, 0, 0]
						},
						"0.6667": {
							"vector": [-0.26089, -1.15045, -1.56793]
						},
						"0.8": {
							"vector": [-70.70042, -2.16252, -4.56501]
						},
						"0.9": {
							"vector": [-70.80176, -2.13657, -0.84623]
						},
						"1.1667": {
							"vector": [-70.80176, -2.13657, -0.84623]
						}
					},
					"position": {
						"0.0": {
							"vector": [0, 0, 0]
						},
						"0.4667": {
							"vector": [0, 0, 0]
						},
						"0.5667": {
							"vector": [0, 0, 0]
						},
						"0.6667": {
							"vector": [0.3, -8.425, -0.2]
						},
						"0.7": {
							"vector": [-0.15, -12.605, -4.275]
						},
						"0.7667": {
							"vector": [-1.77, -10.16, -8.625]
						},
						"0.8": {
							"vector": [-3.65, -3.605, -10.525]
						},
						"0.8667": {
							"vector": [-3.45, -1.61, -10.52]
						},
						"1.0": {
							"vector": [-3.65, 4.39, -10.52]
						},
						"1.1667": {
							"vector": [-3.65, 4.39, -10.52]
						},
						"1.4": {
							"vector": [-3.65, -26.21, 0.73]
						}
					}
				},
				"magazine2": {
					"rotation": {
						"0.0": {
							"vector": [0, 0, 0]
						},
						"0.3": {
							"vector": [0, 0, 0]
						},
						"0.4667": {
							"vector": [51.25255, 0.44831, -2.31714]
						},
						"0.5667": {
							"vector": [51.25255, 0.44831, -2.31714]
						},
						"0.6667": {
							"vector": [51.25129, 0.29183, -2.51212]
						},
						"0.8": {
							"vector": [-5.0289, -7.32168, -3.37272]
						},
						"0.9": {
							"vector": [-0.26089, -1.15045, -1.56793]
						},
						"1.0": {
							"vector": [0, 0, 0]
						}
					},
					"position": {
						"0.0": {
							"vector": [0, 0, 0]
						},
						"0.3": {
							"vector": [0, -20, 0]
						},
						"0.4667": {
							"vector": [4.3, 4.275, 4.725]
						},
						"0.5667": {
							"vector": [4.3, 4.275, 4.725]
						},
						"0.6667": {
							"vector": [4.35, -2.125, 4.725]
						},
						"0.7": {
							"vector": [3.4, -7.32, 2.72]
						},
						"0.7667": {
							"vector": [1.7, -8.335, 0.71]
						},
						"0.8": {
							"vector": [0, -6.675, -1.3]
						},
						"0.9": {
							"vector": [0.3, -5.6, -0.2]
						},
						"1.0": {
							"vector": [0, 0, 0]
						}
					},
					"scale": {
						"0.0": {
							"vector": [-0.01, 0, 0]
						},
						"0.3": {
							"vector": [1, 1, 1]
						}
					}
				},
				"action": {
					"position": {
						"0.2": {
							"vector": [0, 0, 0]
						},
						"0.6333": {
							"vector": [0, 0, 9],
							"easing": "easeInElastic"
						},
						"2.1": {
							"vector": [0, 0, 9],
							"easing": "easeInElastic"
						},
						"2.1667": {
							"vector": [0, 0, 0]
						}
					}
				},
				"rightarm": {
					"rotation": {
						"0.0": {
							"vector": [0, 0, 0]
						},
						"0.2": {
							"vector": [2.49417, 7.49995, 2.52796]
						},
						"0.6333": {
							"vector": [2.49417, 7.49995, 2.52796],
							"easing": "easeInElastic"
						},
						"0.9333": {
							"vector": [42.88639, 13.79191, 2.19635]
						},
						"1.1667": {
							"vector": [-7.37772, 2.46219, 38.03785],
							"easing": "linear"
						},
						"1.3667": {
							"vector": [-7.37772, 2.46219, 38.03785],
							"easing": "easeInElastic"
						},
						"1.5": {
							"vector": [-7.37772, 2.46219, 38.03785],
							"easing": "linear"
						},
						"1.7": {
							"vector": [0.487, 4.46766, 28.88652]
						},
						"1.9": {
							"vector": [1.63072, 9.56721, 12.35041]
						},
						"2.1": {
							"vector": [2.49417, 7.49995, 2.52796]
						},
						"2.4333": {
							"vector": [0, 0, 0]
						}
					},
					"position": {
						"0.0": {
							"vector": [0, 0, 0]
						},
						"0.2": {
							"vector": [0, 6, -12]
						},
						"0.6333": {
							"vector": [0, 6, -3],
							"easing": "easeInElastic"
						},
						"0.9333": {
							"vector": [-2.75298, 10.52658, 7.77269]
						},
						"1.1667": {
							"vector": [-5.25, 9, -14],
							"easing": "linear"
						},
						"1.2333": {
							"vector": [-4.97, 7.89, -12.84]
						},
						"1.2667": {
							"vector": [-4.97, 7.89, -12.84]
						},
						"1.4667": {
							"vector": [-5.57, 6.42, -12.76],
							"easing": "easeInQuad"
						},
						"1.5": {
							"vector": [-5.57, 6.42, -12.76],
							"easing": "easeInQuad"
						},
						"1.7": {
							"vector": [-3.39, 5.95, -11.66],
							"easing": "easeInQuad"
						},
						"1.9": {
							"vector": [0, 6, -3]
						},
						"2.1": {
							"vector": [0, 6, -3]
						},
						"2.1667": {
							"vector": [0, 6, -2]
						},
						"2.4333": {
							"vector": [0, 0, 0]
						}
					}
				},
				"clip": {
					"position": {
						"0.3667": {
							"vector": [0, 0, 0]
						},
						"0.5": {
							"vector": [2, 27.64, 3.87]
						},
						"0.5667": {
							"vector": [12, 41.27, 6.73]
						},
						"0.6667": {
							"vector": [31.5, 35.95, 4.89]
						},
						"0.7333": {
							"vector": [44.5, 20.74, 3.67]
						},
						"0.8": {
							"vector": [49.9, 1.33, 2.45]
						},
						"0.9": {
							"vector": [48, -27.79, 0.61]
						},
						"0.9333": {
							"vector": [-0.88439, -12.99325, 19.66583]
						},
						"1.0333": {
							"vector": [-3.10594, 0.42482, 7.36128]
						},
						"1.1333": {
							"vector": [-0.9, 7, 1.5]
						},
						"1.1667": {
							"vector": [-0.8, 7, 0],
							"easing": "linear"
						},
						"1.2333": {
							"vector": [-0.62, 5.47, 0]
						},
						"1.2667": {
							"vector": [-0.62, 5.47, 0]
						},
						"1.4667": {
							"vector": [-0.33, 2.9, 0],
							"easing": "easeInQuad"
						},
						"1.5": {
							"vector": [-0.33, 2.9, 0],
							"easing": "easeInQuad"
						},
						"1.7": {
							"vector": [-0.1, 0.9, 0],
							"easing": "easeInQuad"
						},
						"1.7667": {
							"vector": [-0.1, 0.9, 0],
							"easing": "easeInQuad"
						},
						"1.9": {
							"vector": [0, 0, 0],
							"easing": "easeInQuad"
						}
					}
				},
				"_camera_": {
					"rotation": {
						"0.0": {
							"vector": [0, 0, 0]
						},
						"0.2667": {
							"vector": [0.96709, 1.30751, -1.45015]
						},
						"0.5667": {
							"vector": [2.69876, 1.34209, -2.68803]
						},
						"0.8": {
							"vector": [2.75359, 2.00893, -0.41509]
						},
						"1.0667": {
							"vector": [2.71813, 2.05666, -1.41458]
						},
						"1.3333": {
							"vector": [2.90091, 2.48613, 0.07024]
						},
						"1.6333": {
							"vector": [2.96357, 1.66038, 1.53083]
						},
						"2.1": {
							"vector": [3.08671, 1.91083, 1.54823]
						},
						"2.3667": {
							"vector": [0, 0, 0]
						}
					}
				}
			},
			"sound_effects": {
				"0.0": {
					"effect": "foley_start"
				},
				"0.1333": {
					"effect": "ak_actionback"
				},
				"0.3": {
					"effect": "m1_garand_clip_eject"
				},
				"0.6333": {
					"effect": "foley_start"
				},
				"1.1333": {
					"effect": "ak_magin"
				},
				"1.5667": {
					"effect": "ak_actionback"
				},
				"1.8333": {
					"effect": "foley_start"
				},
				"2.2333": {
					"effect": "ak_actionforward"
				},
				"2.5": {
					"effect": "foley_end"
				}
			}
		},
		"animation.model.reloadempty": {
			"animation_length": 1.7667,
			"blend_weight": "1",
			"bones": {
				"main": {
					"rotation": {
						"0.0": {
							"vector": [0, 0, 0],
							"easing": "easeInSine"
						},
						"0.2": {
							"vector": [-5.88771, -2.38499, -16.11998]
						},
						"0.4333": {
							"vector": [-2.93692, -0.99688, -13.43604]
						},
						"0.6": {
							"vector": [-2.23973, -1.6554, -11.64917]
						},
						"0.7": {
							"vector": [-2.56026, -0.24864, -8.71902]
						},
						"0.8": {
							"vector": [-2.53308, -0.32837, -10.21679]
						},
						"1.1333": {
							"vector": [3.73366, 0.53142, -18.45848]
						},
						"1.3667": {
							"vector": [3.52041, 1.70204, -19.14863]
						},
						"1.5333": {
							"vector": [2.58667, 1.18172, -12.67726]
						},
						"1.7333": {
							"vector": [0, 0, 0]
						}
					},
					"position": {
						"0.0": {
							"vector": [0, 0, 0],
							"easing": "easeInSine"
						},
						"0.1667": {
							"vector": [-0.985, -0.815, 1.53]
						},
						"0.4667": {
							"vector": [0.02, -0.82, 1.53]
						},
						"0.5667": {
							"vector": [-0.08, -0.82, 0.355]
						},
						"0.8667": {
							"vector": [0.02, -1.095, 3.095]
						},
						"1.1667": {
							"vector": [-1.74, -1.02, -1.355]
						},
						"1.3667": {
							"vector": [-1.74, -1.02, -1.88]
						},
						"1.5": {
							"vector": [-1.405, -1.115, -0.885]
						},
						"1.7": {
							"vector": [0, 0, 0]
						}
					}
				},
				"magazine": {
					"rotation": {
						"0.0": {
							"vector": [0, 0, 0]
						},
						"0.4667": {
							"vector": [0, 0, 0]
						},
						"0.5667": {
							"vector": [0, 0, 0]
						},
						"0.6667": {
							"vector": [-0.26089, -1.15045, -1.56793]
						},
						"0.8": {
							"vector": [-70.70042, -2.16252, -4.56501]
						},
						"0.9": {
							"vector": [-70.80176, -2.13657, -0.84623]
						},
						"1.1667": {
							"vector": [-70.80176, -2.13657, -0.84623]
						}
					},
					"position": {
						"0.0": {
							"vector": [0, 0, 0]
						},
						"0.4667": {
							"vector": [0, 0, 0]
						},
						"0.5667": {
							"vector": [0, 0, 0]
						},
						"0.6667": {
							"vector": [0.3, -8.425, -0.2]
						},
						"0.7": {
							"vector": [-0.15, -12.605, -4.275]
						},
						"0.7667": {
							"vector": [-1.77, -10.16, -8.625]
						},
						"0.8": {
							"vector": [-3.65, -3.605, -10.525]
						},
						"0.8667": {
							"vector": [-3.45, -1.61, -10.52]
						},
						"1.0": {
							"vector": [-3.65, 4.39, -10.52]
						},
						"1.1667": {
							"vector": [-3.65, 4.39, -10.52]
						},
						"1.4": {
							"vector": [-3.65, -26.21, 0.73]
						}
					}
				},
				"magazine2": {
					"rotation": {
						"0.0": {
							"vector": [0, 0, 0]
						},
						"0.3": {
							"vector": [0, 0, 0]
						},
						"0.4667": {
							"vector": [51.25255, 0.44831, -2.31714]
						},
						"0.5667": {
							"vector": [51.25255, 0.44831, -2.31714]
						},
						"0.6667": {
							"vector": [51.25129, 0.29183, -2.51212]
						},
						"0.8": {
							"vector": [-5.0289, -7.32168, -3.37272]
						},
						"0.9": {
							"vector": [-0.26089, -1.15045, -1.56793]
						},
						"1.0": {
							"vector": [0, 0, 0]
						}
					},
					"position": {
						"0.0": {
							"vector": [0, 0, 0]
						},
						"0.3": {
							"vector": [0, -20, 0]
						},
						"0.4667": {
							"vector": [4.3, 4.275, 4.725]
						},
						"0.5667": {
							"vector": [4.3, 4.275, 4.725]
						},
						"0.6667": {
							"vector": [4.35, -2.125, 4.725]
						},
						"0.7": {
							"vector": [3.4, -7.32, 2.72]
						},
						"0.7667": {
							"vector": [1.7, -8.335, 0.71]
						},
						"0.8": {
							"vector": [0, -6.675, -1.3]
						},
						"0.9": {
							"vector": [0.3, -5.6, -0.2]
						},
						"1.0": {
							"vector": [0, 0, 0]
						}
					},
					"scale": {
						"0.0": {
							"vector": [-0.01, 0, 0]
						},
						"0.3": {
							"vector": [1, 1, 1]
						}
					}
				},
				"action": {
					"position": {
						"1.3667": {
							"vector": [0, 0, 9],
							"easing": "easeInElastic"
						},
						"1.4333": {
							"vector": [0, 0, 0]
						}
					}
				},
				"rightarm": {
					"rotation": {
						"0.0": {
							"vector": [0, 0, 0]
						},
						"0.2": {
							"vector": [42.88639, 13.79191, 2.19635]
						},
						"0.4333": {
							"vector": [-7.37772, 2.46219, 38.03785],
							"easing": "linear"
						},
						"0.6333": {
							"vector": [-7.37772, 2.46219, 38.03785],
							"easing": "easeInElastic"
						},
						"0.7667": {
							"vector": [-7.37772, 2.46219, 38.03785],
							"easing": "linear"
						},
						"0.9667": {
							"vector": [0.487, 4.46766, 28.88652]
						},
						"1.1667": {
							"vector": [1.63072, 9.56721, 12.35041]
						},
						"1.3667": {
							"vector": [2.49417, 7.49995, 2.52796]
						},
						"1.7": {
							"vector": [0, 0, 0]
						}
					},
					"position": {
						"0.0": {
							"vector": [0, 0, 0]
						},
						"0.2": {
							"vector": [-2.75298, 10.52658, 7.77269]
						},
						"0.4333": {
							"vector": [-5.25, 9, -14],
							"easing": "linear"
						},
						"0.5": {
							"vector": [-4.97, 7.89, -12.84]
						},
						"0.5333": {
							"vector": [-4.97, 7.89, -12.84]
						},
						"0.7333": {
							"vector": [-5.57, 6.42, -12.76],
							"easing": "easeInQuad"
						},
						"0.7667": {
							"vector": [-5.57, 6.42, -12.76],
							"easing": "easeInQuad"
						},
						"0.9667": {
							"vector": [-3.39, 5.95, -11.66],
							"easing": "easeInQuad"
						},
						"1.1667": {
							"vector": [0, 6, -3]
						},
						"1.3667": {
							"vector": [0, 6, -3]
						},
						"1.4333": {
							"vector": [0, 6, -2]
						},
						"1.7": {
							"vector": [0, 0, 0]
						}
					}
				},
				"shell": {
					"position": {
						"0.2333": {
							"vector": [2.50502, 7.45054, 80.6177]
						},
						"0.2667": {
							"vector": [0, 0, 0],
							"easing": "step",
							"easingArgs": [2]
						}
					}
				},
				"clip": {
					"position": {
						"0.0": {
							"vector": [0, 0, 0]
						},
						"0.1333": {
							"vector": [2, 27.64, 3.87]
						},
						"0.1667": {
							"vector": [6.86492, 32.9309, 58.53545],
							"easing": "step",
							"easingArgs": [2]
						},
						"0.2": {
							"vector": [-0.88439, -12.99325, 19.66583]
						},
						"0.3": {
							"vector": [-3.10594, 0.42482, 7.36128]
						},
						"0.4": {
							"vector": [-0.9, 7, 1.5]
						},
						"0.4333": {
							"vector": [-0.8, 7, 0],
							"easing": "linear"
						},
						"0.5": {
							"vector": [-0.62, 5.47, 0]
						},
						"0.5333": {
							"vector": [-0.62, 5.47, 0]
						},
						"0.7333": {
							"vector": [-0.33, 2.9, 0],
							"easing": "linear"
						},
						"0.7667": {
							"vector": [-0.33, 2.9, 0],
							"easing": "linear"
						},
						"0.9667": {
							"vector": [-0.1, 0.9, 0],
							"easing": "linear"
						},
						"1.0333": {
							"vector": [-0.1, 0.9, 0],
							"easing": "linear"
						},
						"1.1667": {
							"vector": [0, 0, 0],
							"easing": "linear"
						}
					}
				},
				"_camera_": {
					"rotation": {
						"0.0": {
							"vector": [0, 0, 0]
						},
						"0.2667": {
							"vector": [0.96709, 1.30751, -1.45015]
						},
						"0.5667": {
							"vector": [2.69876, 1.34209, -2.68803]
						},
						"0.8": {
							"vector": [2.75359, 2.00893, -0.41509]
						},
						"1.0667": {
							"vector": [2.71813, 2.05666, -1.41458]
						},
						"1.3333": {
							"vector": [2.90091, 2.48613, 0.07024]
						},
						"1.6333": {
							"vector": [0, 0, 0]
						}
					}
				}
			},
			"sound_effects": {
				"0.0": {
					"effect": "m1_garand_clip_eject"
				},
				"0.4": {
					"effect": "ak_magin"
				},
				"0.8333": {
					"effect": "ak_actionback"
				},
				"1.1": {
					"effect": "foley_start"
				},
				"1.5": {
					"effect": "ak_actionforward"
				},
				"1.7667": {
					"effect": "foley_end"
				}
			}
		}
	},
	"geckolib_format_version": 2
}