{
	"format_version": "1.8.0",
	"animations": {
		"animation.model.reloadfive": {
			"loop": true,
			"animation_length": 2.8667,
			"blend_weight": "1",
			"bones": {
				"main": {
					"rotation": {
						"0.0": {
							"vector": [0.33, 0, 0.72],
							"easing": "easeInSine"
						},
						"0.2333": {
							"vector": [0.15, -0.01, 6],
							"easing": "easeInSine"
						},
						"0.4333": {
							"vector": [0, 0, -2.5],
							"easing": "easeInSine"
						},
						"0.5333": {
							"vector": [0, 0, 0.47],
							"easing": "easeInSine"
						},
						"2.4": {
							"vector": [0, 0, 1.93],
							"easing": "easeInSine"
						},
						"2.5": {
							"vector": [0, 0, -2.37],
							"easing": "easeInSine"
						},
						"2.5667": {
							"vector": [0, 0, -2.1],
							"easing": "easeInSine"
						},
						"2.8": {
							"vector": [0, 0, 0.04],
							"easing": "easeInSine"
						},
						"2.8667": {
							"vector": [0, 0, 0],
							"easing": "easeInSine"
						}
					},
					"position": {
						"0.0": {
							"vector": [0, -0.1, -0.39],
							"easing": "easeInSine"
						},
						"0.1": {
							"vector": [0, 0.02, 0.42],
							"easing": "easeInSine"
						},
						"0.2333": {
							"vector": [-0.02, 0.37, 2.29],
							"easing": "easeInSine"
						},
						"0.3": {
							"vector": [-0.02, 0.34, 2.29],
							"easing": "easeInSine"
						},
						"0.4333": {
							"vector": [0.16, 0.64, 0],
							"easing": "easeInSine"
						},
						"0.5333": {
							"vector": [0.02, 0.62, 2.46],
							"easing": "easeInSine"
						},
						"0.6667": {
							"vector": [0.02, 0.62, 3.46]
						},
						"0.9667": {
							"vector": [0.02, 0.62, 3.89]
						},
						"1.3667": {
							"vector": [0.02, 0.62, 3.89]
						},
						"1.9": {
							"vector": [0.04, 0.62, 2.53],
							"easing": "easeInSine"
						},
						"2.4": {
							"vector": [0.04, 0.62, 2.53],
							"easing": "easeInSine"
						},
						"2.5": {
							"vector": [-0.36, 0.6, 0],
							"easing": "easeInSine"
						},
						"2.5667": {
							"vector": [-0.29, 0.55, -0.17],
							"easing": "easeInSine"
						},
						"2.8": {
							"vector": [0.01, 0.05, 0],
							"easing": "easeInSine"
						},
						"2.8667": {
							"vector": [0, 0, 0],
							"easing": "easeInSine"
						}
					}
				},
				"rightarm": {
					"rotation": {
						"0.0": {
							"vector": [0, 0, 0]
						},
						"0.2": {
							"vector": [-15, 0, 0]
						},
						"0.3": {
							"vector": [-20, 0, 0]
						},
						"0.4333": {
							"vector": [-20, 0, 0]
						},
						"0.6": {
							"vector": [-32.84888, -3.03337, -8.75811]
						},
						"0.9": {
							"vector": [-34.15777, -22.916, -8.10752]
						},
						"2.0333": {
							"vector": [-34.37926, -22.58654, -8.32173]
						},
						"2.1667": {
							"vector": [-26.06927, -3.86924, -4.48757]
						},
						"2.3": {
							"vector": [-20, 0, 0]
						},
						"2.3333": {
							"vector": [-20, 0, 0]
						},
						"2.5": {
							"vector": [-20, 0, 0]
						},
						"2.6": {
							"vector": [-15, 0, 0]
						},
						"2.7667": {
							"vector": [0, 0, 0]
						}
					},
					"position": {
						"0.0333": {
							"vector": [0, 0, 0]
						},
						"0.2333": {
							"vector": [-7.7179, -3.61407, -12.01551]
						},
						"0.3333": {
							"vector": [-9.00138, 0.30894, -12.02]
						},
						"0.3667": {
							"vector": [-9.00138, 0.30894, -12.02]
						},
						"0.4667": {
							"vector": [-9, 1.31, -3.02]
						},
						"0.6333": {
							"vector": [-8.9, -2.25, -2.15]
						},
						"0.7667": {
							"vector": [-8.78514, -6.69962, -1.0707]
						},
						"0.9333": {
							"vector": [-20.24752, -24.0071, -6.27311]
						},
						"1.2667": {
							"vector": [-13.89553, 2.85909, -16.20381]
						},
						"1.4333": {
							"vector": [-8.1778, 2.00041, -22.64011]
						},
						"1.5": {
							"vector": [-8.04759, -0.04307, -22.57747]
						},
						"1.6333": {
							"vector": [-9.33772, 0.28228, -22.04503]
						},
						"1.8333": {
							"vector": [-8.97621, 0.4847, -24.90562]
						},
						"1.9": {
							"vector": [-8.939, -0.5146, -24.90114]
						},
						"2.0333": {
							"vector": [-8.92258, -2.54728, -24.8808]
						},
						"2.1": {
							"vector": [-10.85955, -4.60488, -20.8768]
						},
						"2.2": {
							"vector": [-7.81324, -4.56876, -11.93767]
						},
						"2.2667": {
							"vector": [-8.33575, -3.62862, -7.47681]
						},
						"2.3667": {
							"vector": [-9, 1.31, -3.02]
						},
						"2.4": {
							"vector": [-9, 1.31, -3.02]
						},
						"2.5667": {
							"vector": [-9.00138, 0.30894, -12.02]
						},
						"2.6667": {
							"vector": [-7.7179, -3.61407, -12.01551]
						},
						"2.8333": {
							"vector": [0, 0, 0]
						}
					}
				},
				"bolt": {
					"rotation": {
						"0.3667": {
							"vector": [0, 0, 0]
						},
						"0.4667": {
							"vector": [0, 0, 0]
						},
						"2.4": {
							"vector": [0, 0, 0]
						},
						"2.5667": {
							"vector": [0, 0, 0]
						}
					},
					"position": {
						"0.3667": {
							"vector": [0, 0, 0]
						},
						"0.4667": {
							"vector": [0, 0, 9.75]
						},
						"2.4": {
							"vector": [0, 0, 9.75]
						},
						"2.5667": {
							"vector": [0, 0, 0]
						}
					}
				},
				"handle": {
					"rotation": {
						"0.2": {
							"vector": [0, 0, 0]
						},
						"0.2333": {
							"vector": [0, 0, 0]
						},
						"0.3333": {
							"vector": [0, 0, 52.5]
						},
						"0.3667": {
							"vector": [0, 0, 52.5]
						},
						"2.5667": {
							"vector": [0, 0, 52.5]
						},
						"2.6333": {
							"vector": [0, 0, 0]
						}
					},
					"position": {
						"0.2": {
							"vector": [0, 0, 0]
						},
						"0.2333": {
							"vector": [0, 0, 0]
						},
						"0.3333": {
							"vector": [0, 0, 0]
						},
						"0.3667": {
							"vector": [0, 0, 0]
						},
						"2.5667": {
							"vector": [0, 0, 0]
						},
						"2.6333": {
							"vector": [0, 0, 0]
						}
					}
				},
				"clip": {
					"position": {
						"0.0": {
							"vector": [0, 9, 18]
						},
						"0.7667": {
							"vector": [0, 9, 18]
						},
						"0.8": {
							"vector": [-13.25937, -11.10101, -31.1644]
						},
						"0.9333": {
							"vector": [-13.25937, -11.10101, -31.1644]
						},
						"1.2667": {
							"vector": [-6.90023, 16.14666, -40.91566]
						},
						"1.4333": {
							"vector": [-0.03441, 14.34266, -46.84957]
						},
						"1.5": {
							"vector": [0.02, 12.96, -46.84]
						},
						"1.6": {
							"vector": [0.02, 12.96, -46.84]
						},
						"1.8333": {
							"vector": [0.02, 12.96, -46.84]
						},
						"1.9": {
							"vector": [0.08, 11.57, -46.83]
						},
						"2.0333": {
							"vector": [0.2066, 8.34477, -46.81406]
						}
					}
				},
				"stick": {
					"rotation": {
						"2.4333": {
							"vector": [0, 0, 0]
						},
						"2.8667": {
							"vector": [-555.34, -6.37, 30.95]
						}
					},
					"position": {
						"1.8333": {
							"vector": [0, 0, 0]
						},
						"1.9": {
							"vector": [-0.06, 1.39, 0]
						},
						"2.0333": {
							"vector": [-0.2, 4.6152, -0.03]
						},
						"2.4333": {
							"vector": [-0.2, 4.6152, -0.03]
						},
						"2.6": {
							"vector": [-2, 6.6, -10]
						},
						"2.7667": {
							"vector": [-4, 4.6, -20]
						},
						"2.8667": {
							"vector": [-4, 1.33, -25.45]
						}
					}
				},
				"_camera_": {
					"rotation": {
						"0.3333": {
							"vector": [0, 0, 0]
						},
						"0.3667": {
							"vector": ["math.sin(query.anim_time * 1000) * 0.3", "math.sin(query.anim_time * 1500) * 0.3", "math.sin(query.anim_time * 2160) * 0.3"]
						},
						"0.5333": {
							"vector": [0, 0, 0]
						},
						"2.3667": {
							"vector": [0, 0, 0]
						},
						"2.4": {
							"vector": ["math.sin(query.anim_time * 1000) * 0.3", "math.sin(query.anim_time * 1500) * 0.3", "math.sin(query.anim_time * 2160) * 0.3"]
						},
						"2.5667": {
							"vector": [0, 0, 0]
						}
					}
				}
			},
			"sound_effects": {
				"0.2333": {
					"effect": "kar98kqboltback"
				},
				"1.4333": {
					"effect": "kar98kqclipin"
				},
				"2.3667": {
					"effect": "kar98kqboltforward"
				}
			}
		},
		"animation.model.reloadfour": {
			"loop": true,
			"animation_length": 2.8667,
			"blend_weight": "1",
			"bones": {
				"main": {
					"rotation": {
						"0.0": {
							"vector": [0.33, 0, 0.72],
							"easing": "easeInSine"
						},
						"0.2333": {
							"vector": [0.15, -0.01, 6],
							"easing": "easeInSine"
						},
						"0.4333": {
							"vector": [0, 0, -2.5],
							"easing": "easeInSine"
						},
						"0.5333": {
							"vector": [0, 0, 0.47],
							"easing": "easeInSine"
						},
						"2.4": {
							"vector": [0, 0, 1.93],
							"easing": "easeInSine"
						},
						"2.5": {
							"vector": [0, 0, -2.37],
							"easing": "easeInSine"
						},
						"2.5667": {
							"vector": [0, 0, -2.1],
							"easing": "easeInSine"
						},
						"2.8": {
							"vector": [0, 0, 0.04],
							"easing": "easeInSine"
						},
						"2.8667": {
							"vector": [0, 0, 0],
							"easing": "easeInSine"
						}
					},
					"position": {
						"0.0": {
							"vector": [0, -0.1, -0.39],
							"easing": "easeInSine"
						},
						"0.1": {
							"vector": [0, 0.02, 0.42],
							"easing": "easeInSine"
						},
						"0.2333": {
							"vector": [-0.02, 0.37, 2.29],
							"easing": "easeInSine"
						},
						"0.3": {
							"vector": [-0.02, 0.34, 2.29],
							"easing": "easeInSine"
						},
						"0.4333": {
							"vector": [0.16, 0.64, 0],
							"easing": "easeInSine"
						},
						"0.5333": {
							"vector": [0.02, 0.62, 2.46],
							"easing": "easeInSine"
						},
						"0.6333": {
							"vector": [0.02, 0.62, 3.46]
						},
						"0.9333": {
							"vector": [0.02, 0.62, 3.89]
						},
						"1.3333": {
							"vector": [0.02, 0.62, 3.89]
						},
						"1.8667": {
							"vector": [0.04, 0.62, 2.53],
							"easing": "easeInSine"
						},
						"2.4": {
							"vector": [0.04, 0.62, 2.53],
							"easing": "easeInSine"
						},
						"2.5": {
							"vector": [-0.36, 0.6, 0],
							"easing": "easeInSine"
						},
						"2.5667": {
							"vector": [-0.29, 0.55, -0.17],
							"easing": "easeInSine"
						},
						"2.8": {
							"vector": [0.01, 0.05, 0],
							"easing": "easeInSine"
						},
						"2.8667": {
							"vector": [0, 0, 0],
							"easing": "easeInSine"
						}
					}
				},
				"rightarm": {
					"rotation": {
						"0.0": {
							"vector": [0, 0, 0]
						},
						"0.2": {
							"vector": [-15, 0, 0]
						},
						"0.3": {
							"vector": [-20, 0, 0]
						},
						"0.4333": {
							"vector": [-20, 0, 0]
						},
						"0.5": {
							"vector": [-20, 0, 0]
						},
						"0.8333": {
							"vector": [-39.35285, -23.18287, -20.9764]
						},
						"2.1333": {
							"vector": [-39.35285, -23.18287, -20.9764]
						},
						"2.3667": {
							"vector": [-20, 0, 0]
						},
						"2.5333": {
							"vector": [-20, 0, 0]
						},
						"2.6333": {
							"vector": [-15, 0, 0]
						},
						"2.8": {
							"vector": [0, 0, 0]
						}
					},
					"position": {
						"0.0333": {
							"vector": [0, 0, 0]
						},
						"0.2333": {
							"vector": [-7.7179, -3.61407, -12.01551]
						},
						"0.3333": {
							"vector": [-9.00138, 0.30894, -12.02]
						},
						"0.3667": {
							"vector": [-9.00138, 0.30894, -12.02]
						},
						"0.4667": {
							"vector": [-9, 1.31, -3.02]
						},
						"0.5": {
							"vector": [-9, 1.31, -3.02]
						},
						"0.8333": {
							"vector": [-8.59688, -18.64605, -19.06972]
						},
						"1.0": {
							"vector": [-9.68286, -12.16902, -25.99038]
						},
						"1.1333": {
							"vector": [-8.01702, -8.93266, -27.92063]
						},
						"1.2333": {
							"vector": [-7.04931, -7.90565, -27.90036]
						},
						"1.3333": {
							"vector": [-8.01702, -8.93266, -27.92063]
						},
						"1.4": {
							"vector": [-8.01702, -8.93266, -27.92063]
						},
						"1.5": {
							"vector": [-7.04931, -7.90565, -27.90036]
						},
						"1.6": {
							"vector": [-8.01702, -8.93266, -27.92063]
						},
						"1.6667": {
							"vector": [-8.01702, -8.93266, -27.92063]
						},
						"1.7667": {
							"vector": [-7.04931, -7.90565, -27.90036]
						},
						"1.8667": {
							"vector": [-8.01702, -8.93266, -27.92063]
						},
						"1.9333": {
							"vector": [-8.01702, -8.93266, -27.92063]
						},
						"2.0333": {
							"vector": [-7.04931, -7.90565, -27.90036]
						},
						"2.1333": {
							"vector": [-8.01702, -8.93266, -27.92063]
						},
						"2.4": {
							"vector": [-9, 1.31, -3.02]
						},
						"2.4333": {
							"vector": [-9, 1.31, -3.02]
						},
						"2.6": {
							"vector": [-9.00138, 0.30894, -12.02]
						},
						"2.7": {
							"vector": [-7.7179, -3.61407, -12.01551]
						},
						"2.8667": {
							"vector": [0, 0, 0]
						}
					}
				},
				"bolt": {
					"rotation": {
						"0.3667": {
							"vector": [0, 0, 0]
						},
						"0.4667": {
							"vector": [0, 0, 0]
						},
						"2.4333": {
							"vector": [0, 0, 0]
						},
						"2.6": {
							"vector": [0, 0, 0]
						}
					},
					"position": {
						"0.3667": {
							"vector": [0, 0, 0]
						},
						"0.4667": {
							"vector": [0, 0, 9.75]
						},
						"2.4333": {
							"vector": [0, 0, 9.75]
						},
						"2.6": {
							"vector": [0, 0, 0]
						}
					}
				},
				"handle": {
					"rotation": {
						"0.2": {
							"vector": [0, 0, 0]
						},
						"0.2333": {
							"vector": [0, 0, 0]
						},
						"0.3333": {
							"vector": [0, 0, 52.5]
						},
						"0.3667": {
							"vector": [0, 0, 52.5]
						},
						"2.6": {
							"vector": [0, 0, 52.5]
						},
						"2.6667": {
							"vector": [0, 0, 0]
						}
					},
					"position": {
						"0.2": {
							"vector": [0, 0, 0]
						},
						"0.2333": {
							"vector": [0, 0, 0]
						},
						"0.3333": {
							"vector": [0, 0, 0]
						},
						"0.3667": {
							"vector": [0, 0, 0]
						},
						"2.6": {
							"vector": [0, 0, 0]
						},
						"2.6667": {
							"vector": [0, 0, 0]
						}
					}
				},
				"bullet1": {
					"position": {
						"0.0": {
							"vector": [0, 9, 18]
						},
						"0.8333": {
							"vector": [-1.50735, 1.25705, -36.05344]
						},
						"1.0": {
							"vector": [-3.29286, 7.81098, -44.10038]
						},
						"1.1333": {
							"vector": [-2.18572, 11.09878, -46.94586]
						},
						"1.2": {
							"vector": [-1.23426, 12.62978, -46.92657]
						},
						"1.2667": {
							"vector": [-0.21845, 12.15334, -46.91464]
						},
						"1.3667": {
							"vector": [-0.21845, 12.15334, -46.91464]
						},
						"1.4": {
							"vector": [-2.18572, 11.09878, -46.94586]
						},
						"1.4667": {
							"vector": [-1.23426, 12.62978, -46.92657]
						},
						"1.5333": {
							"vector": [-0.21845, 12.15334, -46.91464]
						},
						"1.6333": {
							"vector": [-0.21845, 12.15334, -46.91464]
						},
						"1.6667": {
							"vector": [-2.18572, 11.09878, -46.94586]
						},
						"1.7333": {
							"vector": [-1.23426, 12.62978, -46.92657]
						},
						"1.8": {
							"vector": [-0.21845, 12.15334, -46.91464]
						},
						"1.9": {
							"vector": [-0.21845, 12.15334, -46.91464]
						},
						"1.9333": {
							"vector": [-2.18572, 11.09878, -46.94586]
						},
						"2.0": {
							"vector": [-1.23426, 12.62978, -46.92657]
						},
						"2.0667": {
							"vector": [-0.21845, 12.15334, -46.91464]
						}
					}
				},
				"_camera_": {
					"rotation": {
						"0.3333": {
							"vector": [0, 0, 0]
						},
						"0.3667": {
							"vector": ["math.sin(query.anim_time * 1000) * 0.3", "math.sin(query.anim_time * 1500) * 0.3", "math.sin(query.anim_time * 2160) * 0.3"]
						},
						"0.5333": {
							"vector": [0, 0, 0]
						},
						"2.4": {
							"vector": [0, 0, 0]
						},
						"2.4333": {
							"vector": ["math.sin(query.anim_time * 1000) * 0.3", "math.sin(query.anim_time * 1500) * 0.3", "math.sin(query.anim_time * 2160) * 0.3"]
						},
						"2.6": {
							"vector": [0, 0, 0]
						}
					}
				}
			},
			"sound_effects": {
				"0.2333": {
					"effect": "kar98kqboltback"
				},
				"1.1667": {
					"effect": "bulletinsert"
				},
				"1.4333": {
					"effect": "bulletinsert"
				},
				"1.7": {
					"effect": "bulletinsert"
				},
				"1.9667": {
					"effect": "bulletinsert"
				},
				"2.4": {
					"effect": "kar98kqboltforward"
				}
			}
		},
		"animation.model.reloadthree": {
			"loop": true,
			"animation_length": 2.6,
			"blend_weight": "1",
			"bones": {
				"main": {
					"rotation": {
						"0.0": {
							"vector": [0.33, 0, 0.72],
							"easing": "easeInSine"
						},
						"0.2333": {
							"vector": [0.15, -0.01, 6],
							"easing": "easeInSine"
						},
						"0.4333": {
							"vector": [0, 0, -2.5],
							"easing": "easeInSine"
						},
						"0.5333": {
							"vector": [0, 0, 0.47],
							"easing": "easeInSine"
						},
						"2.1333": {
							"vector": [0, 0, 1.93],
							"easing": "easeInSine"
						},
						"2.2333": {
							"vector": [0, 0, -2.37],
							"easing": "easeInSine"
						},
						"2.3": {
							"vector": [0, 0, -2.1],
							"easing": "easeInSine"
						},
						"2.5333": {
							"vector": [0, 0, 0.04],
							"easing": "easeInSine"
						},
						"2.6": {
							"vector": [0, 0, 0],
							"easing": "easeInSine"
						}
					},
					"position": {
						"0.0": {
							"vector": [0, -0.1, -0.39],
							"easing": "easeInSine"
						},
						"0.1": {
							"vector": [0, 0.02, 0.42],
							"easing": "easeInSine"
						},
						"0.2333": {
							"vector": [-0.02, 0.37, 2.29],
							"easing": "easeInSine"
						},
						"0.3": {
							"vector": [-0.02, 0.34, 2.29],
							"easing": "easeInSine"
						},
						"0.4333": {
							"vector": [0.16, 0.64, 0],
							"easing": "easeInSine"
						},
						"0.5333": {
							"vector": [0.02, 0.62, 2.46],
							"easing": "easeInSine"
						},
						"0.6333": {
							"vector": [0.02, 0.62, 3.46]
						},
						"0.9333": {
							"vector": [0.02, 0.62, 3.89]
						},
						"1.3333": {
							"vector": [0.02, 0.62, 3.89]
						},
						"1.8667": {
							"vector": [0.04, 0.62, 2.53],
							"easing": "easeInSine"
						},
						"2.1333": {
							"vector": [0.04, 0.62, 2.53],
							"easing": "easeInSine"
						},
						"2.2333": {
							"vector": [-0.36, 0.6, 0],
							"easing": "easeInSine"
						},
						"2.3": {
							"vector": [-0.29, 0.55, -0.17],
							"easing": "easeInSine"
						},
						"2.5333": {
							"vector": [0.01, 0.05, 0],
							"easing": "easeInSine"
						},
						"2.6": {
							"vector": [0, 0, 0],
							"easing": "easeInSine"
						}
					}
				},
				"rightarm": {
					"rotation": {
						"0.0": {
							"vector": [0, 0, 0]
						},
						"0.2": {
							"vector": [-15, 0, 0]
						},
						"0.3": {
							"vector": [-20, 0, 0]
						},
						"0.4333": {
							"vector": [-20, 0, 0]
						},
						"0.5": {
							"vector": [-20, 0, 0]
						},
						"0.8333": {
							"vector": [-39.35285, -23.18287, -20.9764]
						},
						"1.8667": {
							"vector": [-39.35285, -23.18287, -20.9764]
						},
						"2.1": {
							"vector": [-20, 0, 0]
						},
						"2.2667": {
							"vector": [-20, 0, 0]
						},
						"2.3667": {
							"vector": [-15, 0, 0]
						},
						"2.5333": {
							"vector": [0, 0, 0]
						}
					},
					"position": {
						"0.0333": {
							"vector": [0, 0, 0]
						},
						"0.2333": {
							"vector": [-7.7179, -3.61407, -12.01551]
						},
						"0.3333": {
							"vector": [-9.00138, 0.30894, -12.02]
						},
						"0.3667": {
							"vector": [-9.00138, 0.30894, -12.02]
						},
						"0.4667": {
							"vector": [-9, 1.31, -3.02]
						},
						"0.5": {
							"vector": [-9, 1.31, -3.02]
						},
						"0.8333": {
							"vector": [-8.59688, -18.64605, -19.06972]
						},
						"1.0": {
							"vector": [-9.68286, -12.16902, -25.99038]
						},
						"1.1333": {
							"vector": [-8.01702, -8.93266, -27.92063]
						},
						"1.2333": {
							"vector": [-7.04931, -7.90565, -27.90036]
						},
						"1.3333": {
							"vector": [-8.01702, -8.93266, -27.92063]
						},
						"1.4": {
							"vector": [-8.01702, -8.93266, -27.92063]
						},
						"1.5": {
							"vector": [-7.04931, -7.90565, -27.90036]
						},
						"1.6": {
							"vector": [-8.01702, -8.93266, -27.92063]
						},
						"1.6667": {
							"vector": [-8.01702, -8.93266, -27.92063]
						},
						"1.7667": {
							"vector": [-7.04931, -7.90565, -27.90036]
						},
						"1.8667": {
							"vector": [-8.01702, -8.93266, -27.92063]
						},
						"2.1333": {
							"vector": [-9, 1.31, -3.02]
						},
						"2.1667": {
							"vector": [-9, 1.31, -3.02]
						},
						"2.3333": {
							"vector": [-9.00138, 0.30894, -12.02]
						},
						"2.4333": {
							"vector": [-7.7179, -3.61407, -12.01551]
						},
						"2.6": {
							"vector": [0, 0, 0]
						}
					}
				},
				"bolt": {
					"rotation": {
						"0.3667": {
							"vector": [0, 0, 0]
						},
						"0.4667": {
							"vector": [0, 0, 0]
						},
						"2.1667": {
							"vector": [0, 0, 0]
						},
						"2.3333": {
							"vector": [0, 0, 0]
						}
					},
					"position": {
						"0.3667": {
							"vector": [0, 0, 0]
						},
						"0.4667": {
							"vector": [0, 0, 9.75]
						},
						"2.1667": {
							"vector": [0, 0, 9.75]
						},
						"2.3333": {
							"vector": [0, 0, 0]
						}
					}
				},
				"handle": {
					"rotation": {
						"0.2": {
							"vector": [0, 0, 0]
						},
						"0.2333": {
							"vector": [0, 0, 0]
						},
						"0.3333": {
							"vector": [0, 0, 52.5]
						},
						"0.3667": {
							"vector": [0, 0, 52.5]
						},
						"2.3333": {
							"vector": [0, 0, 52.5]
						},
						"2.4": {
							"vector": [0, 0, 0]
						}
					},
					"position": {
						"0.2": {
							"vector": [0, 0, 0]
						},
						"0.2333": {
							"vector": [0, 0, 0]
						},
						"0.3333": {
							"vector": [0, 0, 0]
						},
						"0.3667": {
							"vector": [0, 0, 0]
						},
						"2.3333": {
							"vector": [0, 0, 0]
						},
						"2.4": {
							"vector": [0, 0, 0]
						}
					}
				},
				"bullet1": {
					"position": {
						"0.0": {
							"vector": [0, 9, 18]
						},
						"0.8333": {
							"vector": [-1.50735, 1.25705, -36.05344]
						},
						"1.0": {
							"vector": [-3.29286, 7.81098, -44.10038]
						},
						"1.1333": {
							"vector": [-2.18572, 11.09878, -46.94586]
						},
						"1.2": {
							"vector": [-1.23426, 12.62978, -46.92657]
						},
						"1.2667": {
							"vector": [-0.21845, 12.15334, -46.91464]
						},
						"1.3667": {
							"vector": [-0.21845, 12.15334, -46.91464]
						},
						"1.4": {
							"vector": [-2.18572, 11.09878, -46.94586]
						},
						"1.4667": {
							"vector": [-1.23426, 12.62978, -46.92657]
						},
						"1.5333": {
							"vector": [-0.21845, 12.15334, -46.91464]
						},
						"1.6333": {
							"vector": [-0.21845, 12.15334, -46.91464]
						},
						"1.6667": {
							"vector": [-2.18572, 11.09878, -46.94586]
						},
						"1.7333": {
							"vector": [-1.23426, 12.62978, -46.92657]
						},
						"1.8": {
							"vector": [-0.21845, 12.15334, -46.91464]
						}
					}
				},
				"_camera_": {
					"rotation": {
						"0.3333": {
							"vector": [0, 0, 0]
						},
						"0.3667": {
							"vector": ["math.sin(query.anim_time * 1000) * 0.3", "math.sin(query.anim_time * 1500) * 0.3", "math.sin(query.anim_time * 2160) * 0.3"]
						},
						"0.5333": {
							"vector": [0, 0, 0]
						},
						"2.1333": {
							"vector": [0, 0, 0]
						},
						"2.1667": {
							"vector": ["math.sin(query.anim_time * 1000) * 0.3", "math.sin(query.anim_time * 1500) * 0.3", "math.sin(query.anim_time * 2160) * 0.3"]
						},
						"2.3333": {
							"vector": [0, 0, 0]
						}
					}
				}
			},
			"sound_effects": {
				"0.2333": {
					"effect": "kar98kqboltback"
				},
				"1.1667": {
					"effect": "bulletinsert"
				},
				"1.4333": {
					"effect": "bulletinsert"
				},
				"1.7": {
					"effect": "bulletinsert"
				},
				"2.1333": {
					"effect": "kar98kqboltforward"
				}
			}
		},
		"animation.model.reloadtwo": {
			"loop": true,
			"animation_length": 2.4,
			"blend_weight": "1",
			"bones": {
				"main": {
					"rotation": {
						"0.0": {
							"vector": [0.33, 0, 0.72],
							"easing": "easeInSine"
						},
						"0.2333": {
							"vector": [0.15, -0.01, 6],
							"easing": "easeInSine"
						},
						"0.4333": {
							"vector": [0, 0, -2.5],
							"easing": "easeInSine"
						},
						"0.5333": {
							"vector": [0, 0, 0.47],
							"easing": "easeInSine"
						},
						"1.8667": {
							"vector": [0, 0, 1.93],
							"easing": "easeInSine"
						},
						"1.9667": {
							"vector": [0, 0, -2.37],
							"easing": "easeInSine"
						},
						"2.0333": {
							"vector": [0, 0, -2.1],
							"easing": "easeInSine"
						},
						"2.2667": {
							"vector": [0, 0, 0.04],
							"easing": "easeInSine"
						},
						"2.3333": {
							"vector": [0, 0, 0],
							"easing": "easeInSine"
						}
					},
					"position": {
						"0.0": {
							"vector": [0, -0.1, -0.39],
							"easing": "easeInSine"
						},
						"0.1": {
							"vector": [0, 0.02, 0.42],
							"easing": "easeInSine"
						},
						"0.2333": {
							"vector": [-0.02, 0.37, 2.29],
							"easing": "easeInSine"
						},
						"0.3": {
							"vector": [-0.02, 0.34, 2.29],
							"easing": "easeInSine"
						},
						"0.4333": {
							"vector": [0.16, 0.64, 0],
							"easing": "easeInSine"
						},
						"0.5333": {
							"vector": [0.02, 0.62, 2.46],
							"easing": "easeInSine"
						},
						"0.6333": {
							"vector": [0.02, 0.62, 3.46]
						},
						"0.9333": {
							"vector": [0.02, 0.62, 3.89]
						},
						"1.3333": {
							"vector": [0.02, 0.62, 3.89]
						},
						"1.6667": {
							"vector": [0.04, 0.62, 2.53],
							"easing": "easeInSine"
						},
						"1.8667": {
							"vector": [0.04, 0.62, 2.53],
							"easing": "easeInSine"
						},
						"1.9667": {
							"vector": [-0.36, 0.6, 0],
							"easing": "easeInSine"
						},
						"2.0333": {
							"vector": [-0.29, 0.55, -0.17],
							"easing": "easeInSine"
						},
						"2.2667": {
							"vector": [0.01, 0.05, 0],
							"easing": "easeInSine"
						},
						"2.3333": {
							"vector": [0, 0, 0],
							"easing": "easeInSine"
						}
					}
				},
				"rightarm": {
					"rotation": {
						"0.0": {
							"vector": [0, 0, 0]
						},
						"0.2": {
							"vector": [-15, 0, 0]
						},
						"0.3": {
							"vector": [-20, 0, 0]
						},
						"0.4333": {
							"vector": [-20, 0, 0]
						},
						"0.5": {
							"vector": [-20, 0, 0]
						},
						"0.8333": {
							"vector": [-39.35285, -23.18287, -20.9764]
						},
						"1.6": {
							"vector": [-39.35285, -23.18287, -20.9764]
						},
						"1.8333": {
							"vector": [-20, 0, 0]
						},
						"2.0": {
							"vector": [-20, 0, 0]
						},
						"2.1": {
							"vector": [-15, 0, 0]
						},
						"2.2667": {
							"vector": [0, 0, 0]
						}
					},
					"position": {
						"0.0333": {
							"vector": [0, 0, 0]
						},
						"0.2333": {
							"vector": [-7.7179, -3.61407, -12.01551]
						},
						"0.3333": {
							"vector": [-9.00138, 0.30894, -12.02]
						},
						"0.3667": {
							"vector": [-9.00138, 0.30894, -12.02]
						},
						"0.4667": {
							"vector": [-9, 1.31, -3.02]
						},
						"0.5": {
							"vector": [-9, 1.31, -3.02]
						},
						"0.8333": {
							"vector": [-8.59688, -18.64605, -19.06972]
						},
						"1.0": {
							"vector": [-9.68286, -12.16902, -25.99038]
						},
						"1.1333": {
							"vector": [-8.01702, -8.93266, -27.92063]
						},
						"1.2333": {
							"vector": [-7.04931, -7.90565, -27.90036]
						},
						"1.3333": {
							"vector": [-8.01702, -8.93266, -27.92063]
						},
						"1.4": {
							"vector": [-8.01702, -8.93266, -27.92063]
						},
						"1.5": {
							"vector": [-7.04931, -7.90565, -27.90036]
						},
						"1.6": {
							"vector": [-8.01702, -8.93266, -27.92063]
						},
						"1.8667": {
							"vector": [-9, 1.31, -3.02]
						},
						"1.9": {
							"vector": [-9, 1.31, -3.02]
						},
						"2.0667": {
							"vector": [-9.00138, 0.30894, -12.02]
						},
						"2.1667": {
							"vector": [-7.7179, -3.61407, -12.01551]
						},
						"2.3333": {
							"vector": [0, 0, 0]
						}
					}
				},
				"bolt": {
					"rotation": {
						"0.3667": {
							"vector": [0, 0, 0]
						},
						"0.4667": {
							"vector": [0, 0, 0]
						},
						"1.9": {
							"vector": [0, 0, 0]
						},
						"2.0667": {
							"vector": [0, 0, 0]
						}
					},
					"position": {
						"0.3667": {
							"vector": [0, 0, 0]
						},
						"0.4667": {
							"vector": [0, 0, 9.75]
						},
						"1.9": {
							"vector": [0, 0, 9.75]
						},
						"2.0667": {
							"vector": [0, 0, 0]
						}
					}
				},
				"handle": {
					"rotation": {
						"0.2": {
							"vector": [0, 0, 0]
						},
						"0.2333": {
							"vector": [0, 0, 0]
						},
						"0.3333": {
							"vector": [0, 0, 52.5]
						},
						"0.3667": {
							"vector": [0, 0, 52.5]
						},
						"2.3333": {
							"vector": [0, 0, 52.5]
						},
						"2.4": {
							"vector": [0, 0, 0]
						}
					},
					"position": {
						"0.2": {
							"vector": [0, 0, 0]
						},
						"0.2333": {
							"vector": [0, 0, 0]
						},
						"0.3333": {
							"vector": [0, 0, 0]
						},
						"0.3667": {
							"vector": [0, 0, 0]
						},
						"2.3333": {
							"vector": [0, 0, 0]
						},
						"2.4": {
							"vector": [0, 0, 0]
						}
					}
				},
				"bullet1": {
					"position": {
						"0.0": {
							"vector": [0, 9, 18]
						},
						"0.8333": {
							"vector": [-1.50735, 1.25705, -36.05344]
						},
						"1.0": {
							"vector": [-3.29286, 7.81098, -44.10038]
						},
						"1.1333": {
							"vector": [-2.18572, 11.09878, -46.94586]
						},
						"1.2": {
							"vector": [-1.23426, 12.62978, -46.92657]
						},
						"1.2667": {
							"vector": [-0.21845, 12.15334, -46.91464]
						},
						"1.3667": {
							"vector": [-0.21845, 12.15334, -46.91464]
						},
						"1.4": {
							"vector": [-2.18572, 11.09878, -46.94586]
						},
						"1.4667": {
							"vector": [-1.23426, 12.62978, -46.92657]
						},
						"1.5333": {
							"vector": [-0.21845, 12.15334, -46.91464]
						}
					}
				},
				"_camera_": {
					"rotation": {
						"0.3333": {
							"vector": [0, 0, 0]
						},
						"0.3667": {
							"vector": ["math.sin(query.anim_time * 1000) * 0.3", "math.sin(query.anim_time * 1500) * 0.3", "math.sin(query.anim_time * 2160) * 0.3"]
						},
						"0.5333": {
							"vector": [0, 0, 0]
						},
						"1.8667": {
							"vector": [0, 0, 0]
						},
						"1.9": {
							"vector": ["math.sin(query.anim_time * 1000) * 0.3", "math.sin(query.anim_time * 1500) * 0.3", "math.sin(query.anim_time * 2160) * 0.3"]
						},
						"2.0667": {
							"vector": [0, 0, 0]
						}
					}
				}
			},
			"sound_effects": {
				"0.2333": {
					"effect": "kar98kqboltback"
				},
				"1.1667": {
					"effect": "bulletinsert"
				},
				"1.4333": {
					"effect": "bulletinsert"
				},
				"1.9": {
					"effect": "kar98kqboltforward"
				}
			}
		},
		"animation.model.reloadone": {
			"loop": true,
			"animation_length": 2.3667,
			"blend_weight": "1",
			"bones": {
				"main": {
					"rotation": {
						"0.0": {
							"vector": [0.33, 0, 0.72],
							"easing": "easeInSine"
						},
						"0.2333": {
							"vector": [0.15, -0.01, 6],
							"easing": "easeInSine"
						},
						"0.4333": {
							"vector": [0, 0, -2.5],
							"easing": "easeInSine"
						},
						"0.5333": {
							"vector": [0, 0, 0.47],
							"easing": "easeInSine"
						},
						"1.8667": {
							"vector": [0, 0, 1.93],
							"easing": "easeInSine"
						},
						"1.9667": {
							"vector": [0, 0, -2.37],
							"easing": "easeInSine"
						},
						"2.0333": {
							"vector": [0, 0, -2.1],
							"easing": "easeInSine"
						},
						"2.2667": {
							"vector": [0, 0, 0.04],
							"easing": "easeInSine"
						},
						"2.3333": {
							"vector": [0, 0, 0],
							"easing": "easeInSine"
						}
					},
					"position": {
						"0.0": {
							"vector": [0, -0.1, -0.39],
							"easing": "easeInSine"
						},
						"0.1": {
							"vector": [0, 0.02, 0.42],
							"easing": "easeInSine"
						},
						"0.2333": {
							"vector": [-0.02, 0.37, 2.29],
							"easing": "easeInSine"
						},
						"0.3": {
							"vector": [-0.02, 0.34, 2.29],
							"easing": "easeInSine"
						},
						"0.4333": {
							"vector": [0.16, 0.64, 0],
							"easing": "easeInSine"
						},
						"0.5333": {
							"vector": [0.02, 0.62, 2.46],
							"easing": "easeInSine"
						},
						"0.6": {
							"vector": [0.02, 0.62, 3.46]
						},
						"0.9": {
							"vector": [0.02, 0.62, 3.89]
						},
						"1.3": {
							"vector": [0.02, 0.62, 3.89]
						},
						"1.6333": {
							"vector": [0.04, 0.62, 2.53],
							"easing": "easeInSine"
						},
						"1.8667": {
							"vector": [0.04, 0.62, 2.53],
							"easing": "easeInSine"
						},
						"1.9667": {
							"vector": [-0.36, 0.6, 0],
							"easing": "easeInSine"
						},
						"2.0333": {
							"vector": [-0.29, 0.55, -0.17],
							"easing": "easeInSine"
						},
						"2.2667": {
							"vector": [0.01, 0.05, 0],
							"easing": "easeInSine"
						},
						"2.3333": {
							"vector": [0, 0, 0],
							"easing": "easeInSine"
						}
					}
				},
				"rightarm": {
					"rotation": {
						"0.0": {
							"vector": [0, 0, 0]
						},
						"0.2": {
							"vector": [-15, 0, 0]
						},
						"0.3": {
							"vector": [-20, 0, 0]
						},
						"0.4333": {
							"vector": [-20, 0, 0]
						},
						"0.5": {
							"vector": [-20, 0, 0]
						},
						"0.8333": {
							"vector": [-39.35285, -23.18287, -20.9764]
						},
						"1.3333": {
							"vector": [-39.35285, -23.18287, -20.9764]
						},
						"1.5667": {
							"vector": [-20, 0, 0]
						},
						"1.7333": {
							"vector": [-20, 0, 0]
						},
						"1.8333": {
							"vector": [-15, 0, 0]
						},
						"2.0": {
							"vector": [0, 0, 0]
						}
					},
					"position": {
						"0.0333": {
							"vector": [0, 0, 0]
						},
						"0.2333": {
							"vector": [-7.7179, -3.61407, -12.01551]
						},
						"0.3333": {
							"vector": [-9.00138, 0.30894, -12.02]
						},
						"0.3667": {
							"vector": [-9.00138, 0.30894, -12.02]
						},
						"0.4667": {
							"vector": [-9, 1.31, -3.02]
						},
						"0.5": {
							"vector": [-9, 1.31, -3.02]
						},
						"0.8333": {
							"vector": [-8.59688, -18.64605, -19.06972]
						},
						"1.0": {
							"vector": [-9.68286, -12.16902, -25.99038]
						},
						"1.1333": {
							"vector": [-8.01702, -8.93266, -27.92063]
						},
						"1.2333": {
							"vector": [-7.04931, -7.90565, -27.90036]
						},
						"1.3333": {
							"vector": [-8.01702, -8.93266, -27.92063]
						},
						"1.6": {
							"vector": [-9, 1.31, -3.02]
						},
						"1.6333": {
							"vector": [-9, 1.31, -3.02]
						},
						"1.8": {
							"vector": [-9.00138, 0.30894, -12.02]
						},
						"1.9": {
							"vector": [-7.7179, -3.61407, -12.01551]
						},
						"2.0667": {
							"vector": [0, 0, 0]
						}
					}
				},
				"bolt": {
					"rotation": {
						"0.3667": {
							"vector": [0, 0, 0]
						},
						"0.4667": {
							"vector": [0, 0, 0]
						},
						"1.6333": {
							"vector": [0, 0, 0]
						},
						"1.8": {
							"vector": [0, 0, 0]
						}
					},
					"position": {
						"0.3667": {
							"vector": [0, 0, 0]
						},
						"0.4667": {
							"vector": [0, 0, 9.75]
						},
						"1.6333": {
							"vector": [0, 0, 9.75]
						},
						"1.8": {
							"vector": [0, 0, 0]
						}
					}
				},
				"handle": {
					"rotation": {
						"0.2": {
							"vector": [0, 0, 0]
						},
						"0.2333": {
							"vector": [0, 0, 0]
						},
						"0.3333": {
							"vector": [0, 0, 52.5]
						},
						"0.3667": {
							"vector": [0, 0, 52.5]
						},
						"2.0667": {
							"vector": [0, 0, 52.5]
						},
						"2.1333": {
							"vector": [0, 0, 0]
						}
					},
					"position": {
						"0.2": {
							"vector": [0, 0, 0]
						},
						"0.2333": {
							"vector": [0, 0, 0]
						},
						"0.3333": {
							"vector": [0, 0, 0]
						},
						"0.3667": {
							"vector": [0, 0, 0]
						},
						"2.0667": {
							"vector": [0, 0, 0]
						},
						"2.1333": {
							"vector": [0, 0, 0]
						}
					}
				},
				"bullet1": {
					"position": {
						"0.0": {
							"vector": [0, 9, 18]
						},
						"0.8333": {
							"vector": [-1.50735, 1.25705, -36.05344]
						},
						"1.0": {
							"vector": [-3.29286, 7.81098, -44.10038]
						},
						"1.1333": {
							"vector": [-2.18572, 11.09878, -46.94586]
						},
						"1.2": {
							"vector": [-1.23426, 12.62978, -46.92657]
						},
						"1.2667": {
							"vector": [-0.21845, 12.15334, -46.91464]
						}
					}
				},
				"_camera_": {
					"rotation": {
						"0.3333": {
							"vector": [0, 0, 0]
						},
						"0.3667": {
							"vector": ["math.sin(query.anim_time * 1000) * 0.3", "math.sin(query.anim_time * 1500) * 0.3", "math.sin(query.anim_time * 2160) * 0.3"]
						},
						"0.5333": {
							"vector": [0, 0, 0]
						},
						"1.6": {
							"vector": [0, 0, 0]
						},
						"1.6333": {
							"vector": ["math.sin(query.anim_time * 1000) * 0.3", "math.sin(query.anim_time * 1500) * 0.3", "math.sin(query.anim_time * 2160) * 0.3"]
						},
						"1.8": {
							"vector": [0, 0, 0]
						}
					}
				}
			},
			"sound_effects": {
				"0.2333": {
					"effect": "kar98kqboltback"
				},
				"1.1667": {
					"effect": "bulletinsert"
				},
				"1.6": {
					"effect": "kar98kqboltforward"
				}
			}
		},
		"animation.model.draw": {
			"loop": true,
			"animation_length": 0.6,
			"bones": {
				"main": {
					"rotation": {
						"0.0": {
							"vector": [32.09413, -54.38778, -8.29667]
						},
						"0.35": {
							"vector": [0.50518, -5.08075, 6.8716],
							"easing": "easeOutSine"
						},
						"0.5": {
							"vector": [0.32389, -0.60235, -2.1558],
							"easing": "linear"
						},
						"0.6": {
							"vector": [0, 0, 0],
							"easing": "linear"
						}
					},
					"position": {
						"0.0": {
							"vector": [0, -17.3, 0]
						},
						"0.25": {
							"vector": [-0.4, -2.525, -1.625],
							"easing": "linear"
						},
						"0.4": {
							"vector": [-0.05, 0, -2.49],
							"easing": "linear"
						},
						"0.55": {
							"vector": [0, 0, 0],
							"easing": "linear"
						}
					}
				},
				"leftarm": {
					"rotation": {
						"0.0": {
							"vector": [0, 0, 0]
						},
						"0.05": {
							"vector": ["math.sin(query.anim_time * 1000) * 0.3", "math.sin(query.anim_time * 1000) * 0.3", "math.sin(query.anim_time * 1000) * 0.3"]
						},
						"0.2": {
							"vector": [0, 0, 0]
						},
						"0.3": {
							"vector": ["math.sin(query.anim_time * 300) * 1", 0, "math.sin(query.anim_time * 300) * 1"]
						},
						"0.4": {
							"vector": [0, 0, 0]
						},
						"0.6": {
							"vector": [0, 0, 0]
						}
					},
					"position": {
						"0.0": {
							"vector": [0, 0, 0]
						},
						"0.2": {
							"vector": [0, 0, 0]
						},
						"0.4": {
							"vector": [0, 0, 0]
						}
					}
				}
			},
			"sound_effects": {
				"0.0": {
					"effect": "draw"
				}
			}
		},
		"animation.model.fire": {
			"loop": true,
			"animation_length": 1.1,
			"bones": {
				"main": {
					"rotation": {
						"0.0": {
							"vector": [0.33, 0, 0.72],
							"easing": "easeInSine"
						},
						"0.2333": {
							"vector": [0.15, -0.01, 6],
							"easing": "easeInSine"
						},
						"0.4333": {
							"vector": [0, 0, -2.5],
							"easing": "easeInSine"
						},
						"0.5333": {
							"vector": [0, 0, 0.47],
							"easing": "easeInSine"
						},
						"0.6": {
							"vector": [0, 0, 1.93],
							"easing": "easeInSine"
						},
						"1.1": {
							"vector": [0, 0, 0],
							"easing": "easeInSine"
						}
					},
					"position": {
						"0.0": {
							"vector": [0, -0.1, -0.39],
							"easing": "easeInSine"
						},
						"0.1": {
							"vector": [0, 0.02, 0.42],
							"easing": "easeInSine"
						},
						"0.2333": {
							"vector": [-0.02, 0.37, 2.29],
							"easing": "easeInSine"
						},
						"0.3": {
							"vector": [-0.02, 0.34, 2.29],
							"easing": "easeInSine"
						},
						"0.4333": {
							"vector": [0.16, 0.64, 0],
							"easing": "easeInSine"
						},
						"0.5333": {
							"vector": [0.02, 0.62, 2.46],
							"easing": "easeInSine"
						},
						"0.6": {
							"vector": [0.04, 0.62, 2.53],
							"easing": "easeInSine"
						},
						"0.7333": {
							"vector": [-0.36, 0.6, 0],
							"easing": "easeInSine"
						},
						"0.8": {
							"vector": [-0.29, 0.55, -0.17],
							"easing": "easeInSine"
						},
						"1.0333": {
							"vector": [0.01, 0.05, 0],
							"easing": "easeInSine"
						},
						"1.1": {
							"vector": [0, 0, 0],
							"easing": "easeInSine"
						}
					}
				},
				"rightarm": {
					"rotation": {
						"0.0333": {
							"vector": [0, 0, 0]
						},
						"0.2333": {
							"vector": [-15, 0, 0]
						},
						"0.3333": {
							"vector": [-20, 0, 0]
						},
						"0.8": {
							"vector": [-20, 0, 0]
						},
						"0.8667": {
							"vector": [-15, 0, 0]
						},
						"1.0333": {
							"vector": [0, 0, 0]
						}
					},
					"position": {
						"0.0333": {
							"vector": [0, 0, 0]
						},
						"0.2333": {
							"vector": [-7.7179, -3.61407, -12.01551]
						},
						"0.3333": {
							"vector": [-9.00138, 0.30894, -12.02]
						},
						"0.3667": {
							"vector": [-9.00138, 0.30894, -12.02]
						},
						"0.4667": {
							"vector": [-9, 1.31, -3.02]
						},
						"0.6667": {
							"vector": [-9, 1.31, -3.02]
						},
						"0.7667": {
							"vector": [-9.00138, 0.30894, -12.02]
						},
						"0.8": {
							"vector": [-9.00138, 0.30894, -12.02]
						},
						"0.8667": {
							"vector": [-7.7179, -3.61407, -12.01551]
						},
						"1.0333": {
							"vector": [0, 0, 0]
						}
					}
				},
				"bolt": {
					"rotation": {
						"0.3667": {
							"vector": [0, 0, 0]
						},
						"0.4667": {
							"vector": [0, 0, 0]
						},
						"0.6667": {
							"vector": [0, 0, 0]
						},
						"0.7667": {
							"vector": [0, 0, 0]
						}
					},
					"position": {
						"0.3667": {
							"vector": [0, 0, 0]
						},
						"0.4667": {
							"vector": [0, 0, 9.75]
						},
						"0.6667": {
							"vector": [0, 0, 9.75]
						},
						"0.7667": {
							"vector": [0, 0, 0]
						}
					}
				},
				"handle": {
					"rotation": {
						"0.2": {
							"vector": [0, 0, 0]
						},
						"0.2333": {
							"vector": [0, 0, 0]
						},
						"0.3333": {
							"vector": [0, 0, 52.5]
						},
						"0.3667": {
							"vector": [0, 0, 52.5]
						},
						"0.7333": {
							"vector": [0, 0, 52.5]
						},
						"0.8": {
							"vector": [0, 0, 52.5]
						},
						"0.8667": {
							"vector": [0, 0, 0]
						}
					},
					"position": {
						"0.2": {
							"vector": [0, 0, 0]
						},
						"0.2333": {
							"vector": [0, 0, 0]
						},
						"0.3333": {
							"vector": [0, 0, 0]
						},
						"0.3667": {
							"vector": [0, 0, 0]
						},
						"0.7333": {
							"vector": [0, 0, 0]
						},
						"0.8": {
							"vector": [0, 0, 0]
						},
						"0.8667": {
							"vector": [0, 0, 0]
						}
					}
				},
				"casing": {
					"rotation": {
						"0.4": {
							"vector": [0, 0, 0]
						},
						"0.4667": {
							"vector": [-10, 0, 0]
						},
						"1.0333": {
							"vector": [-600, 0, 0]
						}
					},
					"position": {
						"0.4": {
							"vector": [0, 12, -47]
						},
						"0.4667": {
							"vector": [0, 13, -47]
						},
						"0.5667": {
							"vector": [-1.5, 16.93721, -46.30953]
						},
						"0.6667": {
							"vector": [-3, 17.92404, -46.13176],
							"easing": "linear"
						},
						"0.7667": {
							"vector": [-5.64, 16.33822, -46.41247]
						},
						"0.9": {
							"vector": [-7.82, 10.85341, -47.37612]
						},
						"1.0333": {
							"vector": [-9, 2.16308, -48.90837],
							"easing": "linear"
						}
					}
				},
				"_camera_": {
					"rotation": {
						"0.3333": {
							"vector": [0, 0, 0]
						},
						"0.3667": {
							"vector": ["math.sin(query.anim_time * 1000) * 0.3", "math.sin(query.anim_time * 1500) * 0.3", "math.sin(query.anim_time * 2160) * 0.3"]
						},
						"0.5333": {
							"vector": [0, 0, 0]
						},
						"0.6667": {
							"vector": [0, 0, 0]
						},
						"0.7": {
							"vector": ["math.sin(query.anim_time * 1000) * 0.3", "math.sin(query.anim_time * 1500) * 0.3", "math.sin(query.anim_time * 2160) * 0.3"]
						},
						"0.8667": {
							"vector": [0, 0, 0]
						}
					}
				}
			},
			"sound_effects": {
				"0.2333": {
					"effect": "kar98k_bolt_rechamber"
				}
			}
		},
		"animation.model.inspect": {
			"loop": true,
			"animation_length": 5.7333,
			"bones": {
				"main": {
					"rotation": {
						"0.0": {
							"vector": [0, 0, 0]
						},
						"0.1667": {
							"vector": [-8.41746, -13.59608, -21.21259],
							"easing": "linear"
						},
						"0.3": {
							"vector": [-8.39812, -20.10111, -31.77688]
						},
						"0.4333": {
							"vector": [-9.55676, -20.88889, -28.55629]
						},
						"0.5333": {
							"vector": [-8.77652, -21.21647, -30.72851]
						},
						"0.7667": {
							"vector": [-9.4227, -20.94881, -28.93303]
						},
						"1.0": {
							"vector": [-3.1216, -20.98207, -46.44405]
						},
						"1.1333": {
							"vector": [-4.564, -20.73064, -42.44007]
						},
						"1.2333": {
							"vector": [-4.86325, -20.9153, -41.60203]
						},
						"1.3333": {
							"vector": [-4.58308, -20.97575, -42.38574]
						},
						"1.4667": {
							"vector": [-4.01131, -21.08802, -43.97908]
						},
						"1.6": {
							"vector": [-4.38767, -21.01662, -42.9316]
						},
						"1.7": {
							"vector": [-4.18847, -21.05622, -43.48691],
							"easing": "linear"
						},
						"2.0333": {
							"vector": [-15.89152, -7.95869, 11.31784],
							"easing": "linear"
						},
						"2.1667": {
							"vector": [-14.94381, -6.50422, 16.67543]
						},
						"2.3": {
							"vector": [-15.33801, -6.79181, 16.21035]
						},
						"2.4333": {
							"vector": [-16.31506, -6.0865, 19.55349]
						},
						"2.5667": {
							"vector": [-16.56646, -5.34538, 22.07712]
						},
						"2.7333": {
							"vector": [-16.48953, -5.58326, 21.27164]
						},
						"2.9": {
							"vector": [-16.59514, -5.24965, 22.39897]
						},
						"3.1": {
							"vector": [-16.55983, -5.36519, 22.00986]
						},
						"3.2667": {
							"vector": [-16.27692, -6.19095, 19.19446]
						},
						"3.4": {
							"vector": [-9.19183, 0.05363, 18.74543]
						},
						"3.5333": {
							"vector": [0.15, -0.01, 6],
							"easing": "easeInSine"
						},
						"3.6667": {
							"vector": [0.06, 0, 5.3],
							"easing": "easeInSine"
						},
						"3.7": {
							"vector": [0, 0, 4.07],
							"easing": "easeInSine"
						},
						"3.8": {
							"vector": [0, 0, 0],
							"easing": "easeInSine"
						},
						"3.9": {
							"vector": [0, 0, 0.47],
							"easing": "easeInSine"
						},
						"3.9667": {
							"vector": [0, 0, 1.93],
							"easing": "easeInSine"
						},
						"4.3333": {
							"vector": ["math.sin(query.anim_time * 120) * 0.7", 0, "math.sin(query.anim_time * 200) * 1 + 1"]
						},
						"4.9667": {
							"vector": [0, 0, 1.93],
							"easing": "easeInSine"
						},
						"5.2667": {
							"vector": [0, 0, 1.93],
							"easing": "easeInSine"
						},
						"5.3667": {
							"vector": [0, 0, -2.37],
							"easing": "easeInSine"
						},
						"5.4333": {
							"vector": [0, 0, -2.1],
							"easing": "easeInSine"
						},
						"5.6667": {
							"vector": [0, 0, 0.04],
							"easing": "easeInSine"
						},
						"5.7333": {
							"vector": [0, 0, 0],
							"easing": "easeInSine"
						}
					},
					"position": {
						"0.0": {
							"vector": [0, 0, 0]
						},
						"0.3": {
							"vector": [-0.475, 1.475, -8.7]
						},
						"0.4": {
							"vector": [-0.195, 1, -7.7]
						},
						"0.5333": {
							"vector": [-0.03, 0.725, -7.7]
						},
						"0.7": {
							"vector": [0, 1.125, -7.7]
						},
						"0.9": {
							"vector": [0.125, 1.4, -8.275]
						},
						"1.2": {
							"vector": [-0.02, 1.475, -8]
						},
						"1.4": {
							"vector": [0.11, 1.425, -8.175]
						},
						"1.6667": {
							"vector": [0.275, 1.25, -7.975]
						},
						"1.8": {
							"vector": [-0.13, -1.19, -8.65]
						},
						"1.9667": {
							"vector": [-0.545, -1.325, -11.15]
						},
						"2.1333": {
							"vector": [-0.415, -1.395, -10.545]
						},
						"2.2667": {
							"vector": [-0.525, -1.455, -9.17]
						},
						"2.4": {
							"vector": [-0.49, -1.43, -9.85]
						},
						"2.5667": {
							"vector": [-0.455, -1.5, -9.24]
						},
						"2.7667": {
							"vector": [-0.53, -1.5, -9.27]
						},
						"3.0": {
							"vector": [-0.49, -1.41, -9.3]
						},
						"3.2333": {
							"vector": [-0.545, -1.325, -9.325]
						},
						"3.3667": {
							"vector": [-1.005, -0.61, -7.41]
						},
						"3.6": {
							"vector": [-0.02, 0.37, 2.29],
							"easing": "easeInSine"
						},
						"3.6667": {
							"vector": [-0.02, 0.34, 2.29],
							"easing": "easeInSine"
						},
						"3.8": {
							"vector": [0.16, 0.64, 1],
							"easing": "easeInSine"
						},
						"3.9": {
							"vector": [0.02, 0.62, 2.46],
							"easing": "easeInSine"
						},
						"3.9667": {
							"vector": [0.04, 0.62, 2.53],
							"easing": "easeInSine"
						},
						"4.9667": {
							"vector": [0.04, 0.62, 2.53],
							"easing": "easeInSine"
						},
						"5.2667": {
							"vector": [0.04, 0.62, 2.53],
							"easing": "easeInSine"
						},
						"5.3667": {
							"vector": [-0.36, 0.6, 0],
							"easing": "easeInSine"
						},
						"5.4333": {
							"vector": [-0.29, 0.55, -0.17],
							"easing": "easeInSine"
						},
						"5.6667": {
							"vector": [0.01, 0.05, 0],
							"easing": "easeInSine"
						},
						"5.7333": {
							"vector": [0, 0, 0],
							"easing": "easeInSine"
						}
					}
				},
				"bullet1": {
					"rotation": {
						"3.9333": {
							"vector": [0, 0, 0]
						},
						"4.0": {
							"vector": [-10, 0, 0]
						},
						"4.3": {
							"vector": [-419.85, 0, 0]
						},
						"4.7": {
							"vector": [-419.85, 0, 0]
						},
						"5.2": {
							"vector": [360, 0, 0]
						}
					},
					"position": {
						"3.9333": {
							"vector": [0, 12, -47]
						},
						"4.0": {
							"vector": [0, 13, -47]
						},
						"4.1": {
							"vector": [-1.5, 17.93721, -46.30953]
						},
						"4.2": {
							"vector": [-3, 19.92404, -46.13176],
							"easing": "linear"
						},
						"4.3": {
							"vector": [-5.64, 17.33822, -46.41247]
						},
						"4.4": {
							"vector": [-5.70736, 19.33887, -49.41]
						},
						"4.4667": {
							"vector": [-5.72684, 19.78972, -50.33]
						},
						"4.6": {
							"vector": [-5.72684, 19.78972, -50.33]
						},
						"4.7": {
							"vector": [-5.72684, 19.78972, -50.33]
						},
						"4.8333": {
							"vector": [-5.04943, 24.15632, -49.22]
						},
						"4.9333": {
							"vector": [-3.57311, 25.44489, -48.9]
						},
						"5.0333": {
							"vector": [-1.98057, 23.23368, -47.58]
						},
						"5.2": {
							"vector": [0, 12, -47]
						}
					}
				},
				"bolt": {
					"rotation": {
						"3.9333": {
							"vector": [0, 0, 0]
						},
						"4.0333": {
							"vector": [0, 0, 0]
						},
						"5.2667": {
							"vector": [0, 0, 0]
						},
						"5.4333": {
							"vector": [0, 0, 0]
						}
					},
					"position": {
						"3.9333": {
							"vector": [0, 0, 0]
						},
						"4.0333": {
							"vector": [0, 0, 9.75]
						},
						"5.2667": {
							"vector": [0, 0, 9.75]
						},
						"5.4333": {
							"vector": [0, 0, 0]
						}
					}
				},
				"handle": {
					"rotation": {
						"3.7667": {
							"vector": [0, 0, 0]
						},
						"3.8": {
							"vector": [0, 0, 0]
						},
						"3.9": {
							"vector": [0, 0, 52.5]
						},
						"3.9333": {
							"vector": [0, 0, 52.5]
						},
						"5.4333": {
							"vector": [0, 0, 52.5]
						},
						"5.5": {
							"vector": [0, 0, 0]
						}
					},
					"position": {
						"3.7667": {
							"vector": [0, 0, 0]
						},
						"3.8": {
							"vector": [0, 0, 0]
						},
						"3.9": {
							"vector": [0, 0, 0]
						},
						"3.9333": {
							"vector": [0, 0, 0]
						},
						"5.4333": {
							"vector": [0, 0, 0]
						},
						"5.5": {
							"vector": [0, 0, 0]
						}
					}
				},
				"rightarm": {
					"rotation": {
						"3.6": {
							"vector": [0, 0, 0]
						},
						"3.8": {
							"vector": [-15, 0, 0]
						},
						"3.9": {
							"vector": [-20, 0, 0]
						},
						"4.0667": {
							"vector": [-20, 0, 0]
						},
						"4.3": {
							"vector": [-20.07664, -2.47219, 0.37973]
						},
						"4.7": {
							"vector": [-20.07664, -2.47219, 0.37973]
						},
						"4.7667": {
							"vector": [-37.5766, -2.47219, 0.37973]
						},
						"5.0333": {
							"vector": [-24, -1, 0.37973]
						},
						"5.2": {
							"vector": [-20, 0, 0]
						},
						"5.2667": {
							"vector": [-20, 0, 0]
						},
						"5.4333": {
							"vector": [-20, 0, 0]
						},
						"5.5333": {
							"vector": [-15, 0, 0]
						},
						"5.7": {
							"vector": [0, 0, 0]
						}
					},
					"position": {
						"3.6": {
							"vector": [0, 0, 0]
						},
						"3.8": {
							"vector": [-7.7179, -3.61407, -12.01551]
						},
						"3.9": {
							"vector": [-9.00138, 0.30894, -12.02]
						},
						"3.9333": {
							"vector": [-9.00138, 0.30894, -12.02]
						},
						"4.0333": {
							"vector": [-9, 1.31, -3.02]
						},
						"4.1": {
							"vector": [-8.48, 0.83, -6.52]
						},
						"4.3": {
							"vector": [-6.93589, -0.62376, -21.02]
						},
						"4.4": {
							"vector": [-7.04104, 2.3783, -24.02]
						},
						"4.4667": {
							"vector": [-7.05684, 2.79972, -24.94]
						},
						"4.6": {
							"vector": [-7.05684, 2.79972, -24.94]
						},
						"4.7": {
							"vector": [-7.05684, 2.79972, -24.94]
						},
						"4.8": {
							"vector": [-7.06739, 3.3047, -22.94145]
						},
						"5.2": {
							"vector": [-9, 1.31, -3.02]
						},
						"5.2667": {
							"vector": [-9, 1.31, -3.02]
						},
						"5.4333": {
							"vector": [-9.00138, 0.30894, -12.02]
						},
						"5.5333": {
							"vector": [-7.7179, -3.61407, -12.01551]
						},
						"5.7": {
							"vector": [0, 0, 0]
						}
					}
				},
				"leftarm": {
					"rotation": {
						"0.0": {
							"vector": [0, 0, 0]
						},
						"0.1667": {
							"vector": [0, 0, -2.5]
						},
						"1.7333": {
							"vector": [0, 0, -2.5]
						},
						"2.0333": {
							"vector": [0, 0, 0]
						},
						"3.3": {
							"vector": [0, 0, 0]
						}
					},
					"position": {
						"0.0": {
							"vector": [0, 0, 0]
						},
						"0.1667": {
							"vector": [11.23986, -30.20851, 24.64864]
						},
						"1.7333": {
							"vector": [11.23986, -30.20851, 24.64864]
						},
						"2.0333": {
							"vector": [0, 0, 0]
						},
						"3.3": {
							"vector": [0, 0, 0]
						}
					}
				},
				"_camera_": {
					"rotation": {
						"0.2333": {
							"vector": [0, 0, 0]
						},
						"0.2667": {
							"vector": ["math.sin(query.anim_time * 1800) * 0.2", "math.sin(query.anim_time * 1500) * 0.2", "math.sin(query.anim_time * 2160) * 0.2"]
						},
						"0.4333": {
							"vector": [0, 0, 0]
						},
						"2.0": {
							"vector": [0, 0, 0]
						},
						"2.0333": {
							"vector": ["math.sin(query.anim_time * 1800) * 0.1", "math.sin(query.anim_time * 1500) * 0.1", "math.sin(query.anim_time * 2160) * 0.1"]
						},
						"2.2": {
							"vector": [0, 0, 0]
						},
						"3.5": {
							"vector": [0, 0, 0]
						},
						"3.5333": {
							"vector": ["math.sin(query.anim_time * 1800) * 0.2", "math.sin(query.anim_time * 1500) * 0.2", "math.sin(query.anim_time * 2160) * 0.2"]
						},
						"3.7": {
							"vector": [0, 0, 0]
						},
						"3.9333": {
							"vector": [0, 0, 0]
						},
						"3.9667": {
							"vector": ["math.sin(query.anim_time * 1000) * 0.3", "math.sin(query.anim_time * 1500) * 0.3", "math.sin(query.anim_time * 2160) * 0.3"]
						},
						"4.1333": {
							"vector": [0, 0, 0]
						},
						"5.2667": {
							"vector": [0, 0, 0]
						},
						"5.3": {
							"vector": ["math.sin(query.anim_time * 1000) * 0.3", "math.sin(query.anim_time * 1500) * 0.3", "math.sin(query.anim_time * 2160) * 0.3"]
						},
						"5.4667": {
							"vector": [0, 0, 0]
						}
					}
				}
			},
			"sound_effects": {
				"0.0": {
					"effect": "foley_start"
				},
				"0.7667": {
					"effect": "inspect_foley"
				},
				"1.7": {
					"effect": "inspect_down"
				},
				"3.4333": {
					"effect": "foley_end"
				},
				"3.8": {
					"effect": "kar98kqboltback"
				},
				"5.1333": {
					"effect": "bulletinsert"
				},
				"5.2667": {
					"effect": "kar98kqboltforward"
				}
			}
		}
	},
	"geckolib_format_version": 2
}