{
	"format_version": "1.8.0",
	"animations": {
		"animation.model.draw": {
			"loop": true,
			"animation_length": 1.2,
			"bones": {
				"main": {
					"rotation": {
						"0.0": [32.09413, -54.38778, -8.29667],
						"0.35": [0.50518, -5.08075, 6.8716],
						"0.5": [0.32389, -0.60235, -2.1558],
						"0.6": [0, 0, 0]
					},
					"position": {
						"0.0": [0, -17.3, 0],
						"0.25": [-0.4, -2.525, -1.625],
						"0.4": [-0.05, 0, -2.49],
						"0.55": [0, 0, 0]
					}
				},
				"leftarm": {
					"rotation": {
						"0.0": [0, 0, 0],
						"0.2": [1, 0, -22],
						"0.4": [0, 0, 0]
					},
					"position": {
						"0.0": [0, 0, 0],
						"0.2": [3.53901, 3.6754, 5.59783],
						"0.4": [0, 0, 0]
					}
				}
			}
		},
		"animation.model.inspect": {
			"loop": true,
			"animation_length": 4.2667,
			"bones": {
				"main": {
					"rotation": {
						"0.0": [0, 0, 0],
						"0.1667": [-8.41746, -13.59608, -21.21259],
						"0.3": [-8.39812, -20.10111, -31.77688],
						"0.4333": [-9.55676, -20.88889, -28.55629],
						"0.5333": [-8.77652, -21.21647, -30.72851],
						"0.7667": [-9.4227, -20.94881, -28.93303],
						"1.0": [-3.1216, -20.98207, -46.44405],
						"1.1333": [-4.564, -20.73064, -42.44007],
						"1.2333": [-4.86325, -20.9153, -41.60203],
						"1.3333": [-4.58308, -20.97575, -42.38574],
						"1.4667": [-4.01131, -21.08802, -43.97908],
						"1.6": [-4.38767, -21.01662, -42.9316],
						"1.7": [-4.18847, -21.05622, -43.48691],
						"2.0333": [-16.91438, 5.38499, 54.40399],
						"2.1667": [-15.22513, 5.80082, 60.04554],
						"2.3": [-15.70981, 5.86025, 59.48558],
						"2.4333": [-15.93602, 7.03904, 62.69373],
						"2.5667": [-15.60896, 7.75082, 65.23442],
						"2.7333": [-15.71675, 7.52491, 64.42194],
						"2.9": [-15.56389, 7.84019, 65.55973],
						"3.1": [-15.61778, 7.73186, 65.16659],
						"3.2667": [-15.9801, 6.93689, 62.33342],
						"3.4": [-8.86998, 2.42135, 33.56191],
						"3.5333": [0, -1.75, -2.75],
						"3.7": [0, 0, 0]
					},
					"position": {
						"0.0": [0, 0, 0],
						"0.3": [-0.475, 1.475, -8.7],
						"0.4": [-0.195, 1, -7.7],
						"0.5333": [-0.03, 0.725, -7.7],
						"0.7": [0, 1.125, -7.7],
						"0.9": [0.125, 1.4, -8.275],
						"1.2": [-0.02, 1.475, -8],
						"1.4": [0.11, 1.425, -8.175],
						"1.6667": [0.275, 1.25, -7.975],
						"1.8": [-0.13, -1.19, -8.65],
						"1.9667": [-0.545, -1.325, -11.15],
						"2.1333": [-0.415, -1.395, -10.545],
						"2.2667": [-0.525, -1.455, -9.17],
						"2.4": [-0.49, -1.43, -9.85],
						"2.5667": [-0.455, -1.5, -9.24],
						"2.7667": [-0.53, -1.5, -9.27],
						"3.0": [-0.49, -1.41, -9.3],
						"3.2333": [-0.545, -1.325, -9.325],
						"3.3667": [-1.005, -0.61, -7.41],
						"3.6333": [0, 0, 0]
					}
				},
				"leftarm": {
					"rotation": {
						"0.0": [0, 0, 0],
						"0.1667": [0, 0, -2.5],
						"1.7333": [0, 0, -2.5],
						"2.0333": [-20, 0, -45],
						"3.3": [-20, 0, -45],
						"3.5667": [0, 0, 0]
					},
					"position": {
						"0.0": [0, 0, 0],
						"0.1667": [11.23986, -30.20851, 24.64864],
						"1.7333": [11.23986, -30.20851, 24.64864],
						"2.0333": [7.35, 6.25, 2.33],
						"3.3": [7.35, 6.25, 2.33],
						"3.5667": [0, 0, 0]
					}
				}
			}
		},
		"animation.model.reload": {
			"loop": true,
			"animation_length": 2.3667,
			"bones": {
				"gun": {
					"rotation": {
						"0.0": [0, 0, 0],
						"0.1333": [-11.76782, -4.2453, -19.5623],
						"0.2333": [-11.77, -4.25, -19.56],
						"0.3333": [-11.77, -4.25, -19.56],
						"0.4667": [-13.63114, -5.30005, -1.33434],
						"0.6": [-12.08938, -3.21581, -14.65765],
						"0.8333": [-9.62183, -5.68077, -14.23926],
						"0.9333": [-9.62183, -5.68077, -14.23926],
						"1.1333": [-9.62183, -5.68077, -14.23926],
						"1.2667": [-9.57496, -0.75068, -15.07402],
						"1.4": [-9.62, -5.68, -14.23],
						"1.9667": [-9.62, -5.68, -14.23],
						"2.0": [-9.62, -5.68, -14.23],
						"2.1333": [-10.4268, 0.98421, -5.25445],
						"2.3667": [0, 0, 0]
					},
					"position": {
						"0.0": [0, 0, 0],
						"0.1333": [-5, 0, 0],
						"0.2333": [-5, 0, 0],
						"0.3333": [-5, 0, 0],
						"0.4667": [-2, 0, 0],
						"0.6": [-3, -1, 0],
						"0.8333": [-3, -2, 0],
						"1.1333": [-2, -2, 0],
						"1.2667": [-4, -2, 0],
						"1.4": [-3, -2, 0],
						"1.5667": [-4.92912, -2.48922, -0.19794],
						"1.9667": [-4.93, -2.49, -0.2],
						"2.0": [-4.93, -2.49, -0.2],
						"2.1333": [-6.93, -2.49, -0.2],
						"2.2333": [-5.04, -4.81, -0.15],
						"2.3667": [0, 0, 0]
					},
					"scale": {
						"0.0": [1, 1, 1],
						"2.3667": [1, 1, 1]
					}
				},
				"rightarm": {
					"rotation": {
						"0.0": [0, 0, 0],
						"0.1333": [-3.07717, -7.42257, -18.84028],
						"0.3333": [-5.01441, -5.32162, -13.31716],
						"0.4667": [-12.78929, 2.90485, 15.87286],
						"0.6": [-11.25438, 2.15713, 7.88645],
						"0.9333": [-11.25438, 2.15713, 7.88645],
						"1.4": [-9.50222, -3.93873, -0.65414],
						"1.5667": [-9.36093, -1.26359, -1.1088],
						"1.9667": [-9.36093, -1.26359, -1.1088],
						"2.0": [-9.36093, -1.26359, -1.1088],
						"2.1333": [-12.19904, 7.44793, 13.81811],
						"2.3667": [0, 0, 0]
					},
					"position": {
						"0.0": [0, 0, 0],
						"0.1333": [-2, -3, -4],
						"0.4667": [-1.7, -3.5, -3.4],
						"0.6": [-1.3, -4, -1.4],
						"0.8333": [-1.3, -5, -1.4],
						"1.1333": [-0.3, -5, -1.4],
						"1.2667": [-2.3, -5, -1.4],
						"1.5667": [-3.2, -5.6, -1.4],
						"1.9667": [-3.2, -5.6, -1.4],
						"2.1333": [-5.3, -5, -1.4],
						"2.2333": [-3.85, -6.64, -1.02],
						"2.3667": [0, 0, 0]
					},
					"scale": {
						"0.0": [1, 1, 1],
						"2.3667": [1, 1, 1]
					}
				},
				"leftarm": {
					"rotation": {
						"0.0": [0, 0, 0],
						"0.1333": [17.5, 0, 0],
						"0.3": [7.63407, -14.48195, -26.47264],
						"0.3333": [7.63407, -14.48195, -26.47264],
						"0.5": [16.15732, -12.19617, -19.17812],
						"0.7": [31.62406, -12.3368, -21.71742],
						"0.9333": [33.05696, -12.63487, -29.34707],
						"1.1333": [29.55548, -19.79, -66.93309],
						"1.2667": [26.20548, -20.15945, -72.18518],
						"1.4": [21.15045, -16.61413, -54.32034],
						"1.5667": [18.65045, -16.61413, -54.32034],
						"1.7333": [12.46486, -18.55346, -59.11281],
						"1.8667": [42.46486, -18.55346, -59.11281],
						"1.9667": [13.48975, -12.05305, -42.38039],
						"2.0": [13.48975, -12.05305, -42.38039],
						"2.3667": [0, 0, 0]
					},
					"position": {
						"0.0": [0, 0, 0],
						"0.1333": [0, -1, 3],
						"0.3": [3, 4, 17],
						"0.3333": [3, 4, 17],
						"0.5": [7, 4, 17],
						"0.7": [7, -12, 17],
						"0.9333": [7, -3, 17],
						"1.1333": [6, 8, 18],
						"1.2667": [5, 9, 18],
						"1.4": [3.75, 6.33, 18],
						"1.5667": [2.75, 6.93, 18],
						"1.7333": [4.75, 6.22, 18],
						"1.8667": [3.75, 4.93, 18],
						"1.9667": [1.75, 3.93, 18],
						"2.0": [1.75, 3.93, 18],
						"2.3667": [0, 0, 0]
					},
					"scale": {
						"0.0": [1, 1, 1],
						"2.3667": [1, 1, 1]
					}
				},
				"magazine": {
					"rotation": {
						"0.0": [0, 0, 0],
						"0.1333": [-11.76782, -4.2453, -19.5623],
						"0.2333": [-11.77, -4.25, -19.56],
						"0.3333": [-11.77, -4.25, -19.56],
						"0.5": [-12.32013, 2.1509, 9.76956],
						"0.7333": [-11.77248, 4.24303, 19.56409],
						"0.9333": [-12.21702, 2.68222, 12.21463],
						"1.1333": [-11.12657, -5.74069, -26.93864],
						"1.2667": [-11.17195, 0.65419, -33.28955],
						"1.4": [-9.749, -0.63851, 0.02895],
						"1.5667": [-9.09358, -6.49342, -19.19142],
						"1.7333": [-9.7404, -10.6089, -13.38095],
						"1.9667": [-9.7404, -10.6089, -13.38095],
						"2.0": [-9.74, -10.61, -13.38],
						"2.1333": [-10.4268, 0.98421, -5.25445],
						"2.3667": [0, 0, 0]
					},
					"position": {
						"0.0": [0, 0, 0],
						"0.1333": [-5, 0, 0],
						"0.2333": [-5, 0, 0],
						"0.3333": [-5, 0, 0],
						"0.5": [6, 0, 0],
						"0.7333": [12, -17, 0],
						"0.9333": [12, -8, 0],
						"1.1333": [0.5, -1.3, 0.4],
						"1.2667": [-1.5, -0.3, 0.4],
						"1.4": [-1.75, -1.3, 0.4],
						"1.5667": [-4, -2, 0],
						"1.7333": [-4.93, -2.49, -0.2],
						"1.9667": [-4.93, -2.49, -0.2],
						"2.0": [-5.93, -2.49, -0.2],
						"2.1333": [-6.93, -2.49, -0.2],
						"2.2333": [-5.04, -4.81, -0.15],
						"2.3667": [0, 0, 0]
					},
					"scale": {
						"0.0": [1, 1, 1],
						"2.3667": [1, 1, 1]
					}
				},
				"magazine2": {
					"scale": 0
				},
				"_camera_": {
					"rotation": {
						"0.0": [0, 0, 0],
						"0.3": [0, 0, 0],
						"0.4": [1, -1, -2],
						"0.5667": [3, 0, 0],
						"1.2": [3, 0, 0],
						"1.5333": [1, 0, 1],
						"1.7": [0, 0, 0],
						"1.7333": [0, 0, 2],
						"1.7667": [0, 0, -1],
						"1.8333": [0, 0, 0],
						"2.2333": [1, 0, 0]
					},
					"position": {
						"0.0": [0, 0, 0],
						"0.3": [0, 0, 0],
						"0.4": [0, 0, 0],
						"0.5667": [0, 0, 0],
						"1.2": [0, 0, 0]
					}
				}
			},
			"sound_effects": {
				"0.2667": {
					"effect": "ak_magout"
				},
				"1.1667": {
					"effect": "lmg_coverdown"
				},
				"1.9333": {
					"effect": "mgl_open"
				}
			}
		},
		"animation.model.fire": {
			"loop": true,
			"animation_length": 0.092,
			"bones": {
				"reload_thing": {
					"rotation": {
						"0.0": [0, 0, 0],
						"0.0417": [0, 0, 0]
					},
					"position": {
						"0.0": [0, 0, 0],
						"0.0417": [0, 0, -8],
						"0.0833": [0, 0, 0]
					}
				}
			}
		},
		"animation.model.reloadempty": {
			"loop": true,
			"animation_length": 3.3,
			"bones": {
				"main": {
					"rotation": {
						"0.0": [0, 0, 0],
						"0.2667": [-15, -15, 0],
						"0.3333": [-15.8198, -16.74601, 3.1957],
						"0.4": [-14.33751, -15.63318, -2.50758],
						"0.5333": [-17.51438, -14.38784, 9.51522],
						"0.6667": [-17.33881, -12.00255, 8.74626],
						"0.8333": [-19.83881, -12.00255, 8.74626],
						"0.9333": [-19.83881, -12.00255, 8.74626],
						"1.6667": [-16.22124, -15.8396, 4.55893],
						"1.8333": [-15.49, -18.09, 1.95],
						"1.9333": [-15.04037, -16.42841, 0.39527],
						"2.0": [-15.00605, -19.59323, 0.21109],
						"2.3": [-9.86287, -17.1307, -0.24331],
						"2.4333": [-9.56023, -9.73786, -1.54316],
						"2.6": [-9.56023, -9.73786, -1.54316],
						"2.7333": [-9.56023, -9.73786, -1.54316],
						"2.8": [-9.56, -9.74, -1.54],
						"2.8667": [-12.06023, -9.73786, -1.54316],
						"3.1": [0, 0, 0]
					},
					"position": {
						"0.0": [0, 0, 0],
						"0.2667": [-2, 0, 0],
						"0.9333": [-3, 0, 0],
						"1.3667": [-1, 0, 0],
						"1.8333": [-1, -1.87, 0.94],
						"1.9333": [-1.4, -2.12, 1.06],
						"2.4333": [-1, -4, 2],
						"2.6": [-0.69, -4.75, 1.37],
						"2.7333": [-0.69, -4.75, 1.37],
						"2.8": [-0.69, -4.75, 1.37],
						"2.8667": [-0.69, -4.75, 2.37],
						"3.1": [0, 0, 0]
					},
					"scale": {
						"0.0": [1, 1, 1],
						"3.1": [1, 1, 1]
					}
				},
				"reload_thing": {
					"position": {
						"0.0": [0, 0, -8],
						"2.6": [0, 0, -8],
						"2.7333": [0, 0, 0],
						"2.7667": [0, 0, 0]
					}
				},
				"rightarm": {
					"rotation": {
						"0.0": [0, 0, 0],
						"3.1": [0, 0, 0]
					},
					"position": {
						"0.0": [0, 0, 0],
						"3.1": [0, 0, 0]
					},
					"scale": {
						"0.0": [1, 1, 1],
						"3.1": [1, 1, 1]
					}
				},
				"leftarm": {
					"rotation": {
						"0.0": [0, 0, 0],
						"0.1333": [15.08758, -4.202, -11.77553],
						"0.2667": [15.92686, -10.66616, -22.81992],
						"0.3333": [16.74524, -12.2353, -27.63745],
						"0.4": [15.92686, -10.66616, -22.81992],
						"0.5333": [9.64297, -5.49894, -11.36214],
						"0.6667": [24.56071, -8.11288, -18.42081],
						"0.7667": [17.14297, -5.49894, -11.36214],
						"1.1333": [32.14297, -5.49894, -11.36214],
						"1.3667": [22.14297, -5.49894, -11.36214],
						"1.5333": [22.73552, -7.08293, -18.71707],
						"1.7667": [25.26813, -10.80388, -38.53226],
						"1.8333": [22.76813, -10.80388, -38.53226],
						"2.0": [23.5996, -11.79545, -43.503],
						"2.1": [24.04831, -12.26359, -45.99944],
						"2.3": [23.69214, -19.6325, -44.55767],
						"2.4333": [23.33368, -24.53907, -43.53072],
						"2.5667": [27.07492, -34.28152, -100.4508],
						"2.6": [27.07492, -34.28152, -100.4508],
						"2.7333": [27.07, -34.28, -100.45],
						"2.8333": [27.07, -34.28, -100.45],
						"3.1": [0, 0, 0]
					},
					"position": {
						"0.0": [0, 0, 0],
						"0.1333": [0, -8, 5],
						"0.2667": [2, 2, 18],
						"0.5333": [6, -1, 18],
						"0.6667": [8, -3.29, 20],
						"0.7667": [13, -5, 18],
						"0.9333": [13, -18, 18],
						"1.1333": [13, -18, 18],
						"1.3667": [12, -3, 18],
						"1.5333": [5, 1, 21],
						"1.7667": [5, 5, 21],
						"1.8333": [3, 5, 21],
						"2.1": [2.8, 5, 21],
						"2.3": [2.8, 5, 23],
						"2.4333": [2.8, 5, 22],
						"2.5667": [4.8, 17, 19],
						"2.6": [4.8, 17, 19],
						"2.7333": [4.8, 17, 29],
						"2.8333": [4.8, 17, 29],
						"3.1": [0, 0, 0]
					},
					"scale": {
						"0.0": [1, 1, 1],
						"3.1": [1, 1, 1]
					}
				},
				"magazine": {
					"rotation": {
						"0.9333": [0, -2.5, 2.5],
						"1.1333": [-8.95891, -15.09492, 33.68939],
						"1.5333": [0, -10, 2.5],
						"1.7667": [0.96344, -2.33752, -12.49116],
						"1.8333": [0.82248, 0.1183, -9.11926],
						"2.0": [0.82966, 0.04617, -4.11978],
						"2.1": [0, 0, 0]
					},
					"position": {
						"0.9333": [14, -19, 0],
						"1.1333": [15, -23, -4],
						"1.3667": [10, -5, -4],
						"1.5333": [4, -1, 0],
						"1.7667": [1, -0.3, 0],
						"1.8333": [0, 0, 0],
						"2.1": [0, 0, 0]
					},
					"scale": {
						"0.0": [0, 0, 0],
						"0.9": [0, 0, 0],
						"0.9333": [1, 1, 1]
					}
				},
				"magazine2": {
					"rotation": {
						"0.0": [0, 0, 0],
						"0.4": [0, 0, 2.5],
						"0.5333": [0, 0, 10],
						"0.6667": [0, -10, 2.5],
						"3.1": [0, 0, 0]
					},
					"position": {
						"0.0": [0, 0, 0],
						"0.4": [2, 0, 0],
						"0.5333": [4, 0, 0],
						"0.6667": [7.71, -1.86, 0],
						"0.7667": [14, -5, 0],
						"0.9333": [14, -19, 0],
						"3.1": [0, 0, 0]
					},
					"scale": {
						"0.0": [1, 1, 1],
						"0.9333": [1, 1, 1],
						"0.9667": [0, 0, 0]
					}
				},
				"_camera_": {
					"rotation": {
						"0.0": [0, 0, 0],
						"0.2333": [2, -2, 0],
						"0.3": [2, -2, 0],
						"0.4": [1, 1, 0],
						"0.4667": [1, 2, 0],
						"0.5333": [1, 0, 0],
						"0.6667": [0, 0, 0],
						"1.7667": [0, 0, 0],
						"1.8667": [1, 0, 2],
						"1.9": [1, 0, -1],
						"1.9333": [0, 0, 0],
						"2.6333": [0, 0, 0],
						"2.7": [1, 1, 0],
						"2.7333": [0, 0, 0]
					},
					"position": {
						"0.0": [0, 0, 0],
						"0.2333": [0, 0, 0],
						"0.3": [0, 0, 0],
						"0.4": [0, 0, 0],
						"0.5333": [0, 0, 0],
						"1.7667": [0, 0, 0],
						"1.8667": [0, 0, 0],
						"2.6333": [0, 0, 0]
					}
				}
			},
			"sound_effects": {
				"0.2333": {
					"effect": "ak_magout"
				},
				"1.6": {
					"effect": "lmg_magin"
				},
				"2.4333": {
					"effect": "ak_magin"
				}
			}
		}
	}
}