{
	"format_version": "1.8.0",
	"animations": {
		"animation.model.draw": {
			"loop": true,
			"animation_length": 1.2,
			"bones": {
				"main": {
					"rotation": {
						"0.0": {
							"vector": [32.09413, -54.38778, -8.29667]
						},
						"0.35": {
							"vector": [0.50518, -5.08075, 6.8716],
							"easing": "easeOutSine"
						},
						"0.5": {
							"vector": [0.32389, -0.60235, -2.1558],
							"easing": "linear"
						},
						"0.6": {
							"vector": [0, 0, 0],
							"easing": "linear"
						}
					},
					"position": {
						"0.0": {
							"vector": [0, -17.3, 0]
						},
						"0.25": {
							"vector": [-0.4, -2.525, -1.625],
							"easing": "linear"
						},
						"0.4": {
							"vector": [-0.05, 0, -2.49],
							"easing": "linear"
						},
						"0.55": {
							"vector": [0, 0, 0],
							"easing": "linear"
						}
					}
				},
				"leftarm": {
					"rotation": {
						"0.0": {
							"vector": [0, 0, 0]
						},
						"0.2": {
							"vector": [1, 0, -22]
						},
						"0.4": {
							"vector": [0, 0, 0]
						}
					},
					"position": {
						"0.0": {
							"vector": [0, 0, 0]
						},
						"0.2": {
							"vector": [3.53901, 3.6754, 5.59783]
						},
						"0.4": {
							"vector": [0, 0, 0]
						}
					}
				}
			}
		},
		"animation.model.inspect": {
			"loop": true,
			"animation_length": 4.2667,
			"bones": {
				"main": {
					"rotation": {
						"0.0": {
							"vector": [0, 0, 0]
						},
						"0.1667": {
							"vector": [-8.41746, -13.59608, -21.21259],
							"easing": "linear"
						},
						"0.3": {
							"vector": [-8.39812, -20.10111, -31.77688]
						},
						"0.4333": {
							"vector": [-9.55676, -20.88889, -28.55629]
						},
						"0.5333": {
							"vector": [-8.77652, -21.21647, -30.72851]
						},
						"0.7667": {
							"vector": [-9.4227, -20.94881, -28.93303]
						},
						"1.0": {
							"vector": [-3.1216, -20.98207, -46.44405]
						},
						"1.1333": {
							"vector": [-4.564, -20.73064, -42.44007]
						},
						"1.2333": {
							"vector": [-4.86325, -20.9153, -41.60203]
						},
						"1.3333": {
							"vector": [-4.58308, -20.97575, -42.38574]
						},
						"1.4667": {
							"vector": [-4.01131, -21.08802, -43.97908]
						},
						"1.6": {
							"vector": [-4.38767, -21.01662, -42.9316]
						},
						"1.7": {
							"vector": [-4.18847, -21.05622, -43.48691],
							"easing": "linear"
						},
						"2.0333": {
							"vector": [-16.91438, 5.38499, 54.40399],
							"easing": "linear"
						},
						"2.1667": {
							"vector": [-15.22513, 5.80082, 60.04554]
						},
						"2.3": {
							"vector": [-15.70981, 5.86025, 59.48558]
						},
						"2.4333": {
							"vector": [-15.93602, 7.03904, 62.69373]
						},
						"2.5667": {
							"vector": [-15.60896, 7.75082, 65.23442]
						},
						"2.7333": {
							"vector": [-15.71675, 7.52491, 64.42194]
						},
						"2.9": {
							"vector": [-15.56389, 7.84019, 65.55973]
						},
						"3.1": {
							"vector": [-15.61778, 7.73186, 65.16659]
						},
						"3.2667": {
							"vector": [-15.9801, 6.93689, 62.33342]
						},
						"3.4": {
							"vector": [-8.86998, 2.42135, 33.56191]
						},
						"3.5333": {
							"vector": [0, -1.75, -2.75]
						},
						"3.7": {
							"vector": [0, 0, 0]
						}
					},
					"position": {
						"0.0": {
							"vector": [0, 0, 0]
						},
						"0.3": {
							"vector": [-0.475, 1.475, -8.7]
						},
						"0.4": {
							"vector": [-0.195, 1, -7.7]
						},
						"0.5333": {
							"vector": [-0.03, 0.725, -7.7]
						},
						"0.7": {
							"vector": [0, 1.125, -7.7]
						},
						"0.9": {
							"vector": [0.125, 1.4, -8.275]
						},
						"1.2": {
							"vector": [-0.02, 1.475, -8]
						},
						"1.4": {
							"vector": [0.11, 1.425, -8.175]
						},
						"1.6667": {
							"vector": [0.275, 1.25, -7.975]
						},
						"1.8": {
							"vector": [-0.13, -1.19, -8.65]
						},
						"1.9667": {
							"vector": [-0.545, -1.325, -11.15]
						},
						"2.1333": {
							"vector": [-0.415, -1.395, -10.545]
						},
						"2.2667": {
							"vector": [-0.525, -1.455, -9.17]
						},
						"2.4": {
							"vector": [-0.49, -1.43, -9.85]
						},
						"2.5667": {
							"vector": [-0.455, -1.5, -9.24]
						},
						"2.7667": {
							"vector": [-0.53, -1.5, -9.27]
						},
						"3.0": {
							"vector": [-0.49, -1.41, -9.3]
						},
						"3.2333": {
							"vector": [-0.545, -1.325, -9.325]
						},
						"3.3667": {
							"vector": [-1.005, -0.61, -7.41]
						},
						"3.6333": {
							"vector": [0, 0, 0]
						}
					}
				},
				"leftarm": {
					"rotation": {
						"0.0": {
							"vector": [0, 0, 0]
						},
						"0.1667": {
							"vector": [0, 0, -2.5]
						},
						"1.7333": {
							"vector": [0, 0, -2.5]
						},
						"2.0333": {
							"vector": [-20, 0, -45]
						},
						"3.3": {
							"vector": [-20, 0, -45]
						},
						"3.5667": {
							"vector": [0, 0, 0]
						}
					},
					"position": {
						"0.0": {
							"vector": [0, 0, 0]
						},
						"0.1667": {
							"vector": [11.23986, -30.20851, 24.64864]
						},
						"1.7333": {
							"vector": [11.23986, -30.20851, 24.64864]
						},
						"2.0333": {
							"vector": [7.35, 6.25, 2.33]
						},
						"3.3": {
							"vector": [7.35, 6.25, 2.33]
						},
						"3.5667": {
							"vector": [0, 0, 0]
						}
					}
				}
			}
		},
		"animation.model.reloadempty": {
			"loop": true,
			"animation_length": 3.4,
			"bones": {
				"main": {
					"rotation": {
						"0.0": {
							"vector": [0, 0, 0]
						},
						"0.2333": {
							"vector": [-42.27296, 0.24061, 22.89373]
						},
						"0.4": {
							"vector": [-33.18359, -7.01119, -0.25571],
							"easing": "easeOutSine"
						},
						"0.5": {
							"vector": [-32.4, -0.17, 19.04]
						},
						"0.7": {
							"vector": [-30.18854, 6.63857, 29.26987],
							"easing": "easeOutSine"
						},
						"0.8333": {
							"vector": [-29.99361, 2.31319, 31.78401]
						},
						"1.1": {
							"vector": [-32.68955, 6.63956, 29.26996],
							"easing": "easeOutSine"
						},
						"1.5": {
							"vector": [-30.18854, 6.63857, 29.26987],
							"easing": "easeOutSine"
						},
						"1.8333": {
							"vector": [-30.45535, 5.12374, 26.66663]
						},
						"2.1667": {
							"vector": [-30.18854, 6.63857, 29.26987],
							"easing": "easeOutSine"
						},
						"2.2667": {
							"vector": [-25.33412, 8.89957, 28.19319],
							"easing": "easeOutSine"
						},
						"2.5667": {
							"vector": [-30.18854, 6.63857, 29.26987],
							"easing": "easeOutSine"
						},
						"2.6667": {
							"vector": [-31.62891, 5.36287, 12.46126]
						},
						"2.7667": {
							"vector": [-30.06936, 8.72406, 41.87456]
						},
						"3.0": {
							"vector": [-30.18854, 6.63857, 29.26987],
							"easing": "easeOutSine"
						},
						"3.2333": {
							"vector": [-13.08, 0.01, 1.42]
						},
						"3.3667": {
							"vector": [0, 0, 0]
						}
					},
					"position": {
						"0.0": {
							"vector": [0, 0, 0]
						},
						"0.2333": {
							"vector": [2.33298, 0.4051, -1.54696]
						},
						"0.4": {
							"vector": [-1.82096, 0.76882, -1.63942],
							"easing": "easeOutSine"
						},
						"0.5": {
							"vector": [2.53, 0.16, -2.75]
						},
						"0.7": {
							"vector": [4.20807, -5.7264, 4.21642],
							"easing": "easeOutSine"
						},
						"0.8333": {
							"vector": [5.05935, -6.25629, 4.17964]
						},
						"1.1": {
							"vector": [3.41931, -7.43063, 5.43765],
							"easing": "easeOutSine"
						},
						"1.5": {
							"vector": [4.20807, -5.7264, 4.21642],
							"easing": "easeOutSine"
						},
						"1.8333": {
							"vector": [4.12099, -5.6853, 4.22893]
						},
						"1.9667": {
							"vector": [5.07067, -6.42184, 4.44821]
						},
						"2.1667": {
							"vector": [4.20807, -5.7264, 4.21642],
							"easing": "easeOutSine"
						},
						"2.2667": {
							"vector": [4.36869, -5.2425, 3.36142]
						},
						"2.5667": {
							"vector": [4.20807, -5.7264, 4.21642],
							"easing": "easeOutSine"
						},
						"2.6667": {
							"vector": [2.26983, -5.56372, 5.31913]
						},
						"2.7667": {
							"vector": [9.93815, -8.85719, 2.88006]
						},
						"3.0": {
							"vector": [4.20807, -5.7264, 4.21642],
							"easing": "easeOutSine"
						},
						"3.3667": {
							"vector": [0, 0, 0],
							"easing": "easeOutSine"
						}
					}
				},
				"leftarm": {
					"rotation": {
						"0.0": {
							"vector": [0, 0, 0]
						},
						"0.2": {
							"vector": [0, 0, 0]
						},
						"0.8333": {
							"vector": [12.08377, -36.98252, -53.51639]
						},
						"0.9333": {
							"vector": [12.08377, -36.98252, -53.51639]
						},
						"1.0333": {
							"vector": [12.08377, -36.98252, -53.51639]
						},
						"1.2": {
							"vector": [12.08377, -36.98252, -53.51639]
						},
						"1.6667": {
							"vector": [-4.06787, -0.8685, -47.95525]
						},
						"1.9333": {
							"vector": [-8.94746, -8.08292, -7.28754]
						},
						"2.2667": {
							"vector": [14.27759, -8.84186, -64.74163]
						},
						"2.3333": {
							"vector": [14.27759, -8.84186, -64.74163]
						},
						"2.5667": {
							"vector": [10.70995, -37.58195, -55.34465]
						},
						"3.2667": {
							"vector": [0, 0, 0],
							"easing": "easeInSine"
						}
					},
					"position": {
						"0.0": {
							"vector": [0, 0, 0]
						},
						"0.2": {
							"vector": [0, 0, 0]
						},
						"0.5": {
							"vector": [6.87434, 0.88647, -5.42676]
						},
						"0.8333": {
							"vector": [0.69743, 13.36956, -5.47868]
						},
						"0.9333": {
							"vector": [0.69743, 13.36956, -2.47868]
						},
						"1.0333": {
							"vector": [0.69743, 13.36956, -2.47868]
						},
						"1.2": {
							"vector": [0.69743, 13.36956, -5.47868]
						},
						"1.6667": {
							"vector": [3.68053, -0.37865, 16.59068]
						},
						"1.9333": {
							"vector": [3.85, 6.51, 10.13]
						},
						"2.2667": {
							"vector": [-3.87, 10.96, 2.95]
						},
						"2.3333": {
							"vector": [-3.87, 10.96, 2.95]
						},
						"2.5667": {
							"vector": [2.13, 11.96, 15.95]
						},
						"2.7667": {
							"vector": [2.75, -6.2, 5.83]
						},
						"3.2667": {
							"vector": [0, 0, 0],
							"easing": "easeInSine"
						}
					}
				},
				"gun": {
					"rotation": {
						"0.0": {
							"vector": [0, 0, 0]
						},
						"2.7333": {
							"vector": [0, 0, 0]
						},
						"2.7667": {
							"vector": [0, 0, 12.5]
						},
						"2.9333": {
							"vector": [0, 0, 0]
						}
					},
					"position": {
						"0.0": {
							"vector": [0, 0, 0]
						},
						"0.2": {
							"vector": [1, 0, -4]
						},
						"1.5": {
							"vector": [0, 0, -4]
						},
						"2.7333": {
							"vector": [0, 0, -4]
						},
						"2.7667": {
							"vector": [0, 0, -4]
						},
						"2.9333": {
							"vector": [0, 0, 0]
						}
					}
				},
				"drum_thing": {
					"rotation": {
						"0.5": {
							"vector": [0, 0, 0]
						},
						"0.6": {
							"vector": [0, 0, 90]
						},
						"2.6667": {
							"vector": [0, 0, 90]
						},
						"2.7667": {
							"vector": [0, 0, 0]
						}
					},
					"position": {
						"0.5": {
							"vector": [0, 0, 0]
						},
						"2.6667": {
							"vector": [0, 0, 0]
						}
					}
				},
				"reload_thingy": {
					"rotation": {
						"vector": [0, 0, 0]
					},
					"position": {
						"0.8333": {
							"vector": [0, 0, 0]
						},
						"0.9333": {
							"vector": [0, 0, 3]
						},
						"1.0333": {
							"vector": [0, 0, 3]
						},
						"1.2": {
							"vector": [0, 0, 0]
						}
					}
				},
				"bullets": {
					"rotation": {
						"vector": [0, 0, 0]
					},
					"position": {
						"0.0": {
							"vector": [0, 0, 0]
						},
						"0.8333": {
							"vector": [0, 0, 0]
						},
						"1.0": {
							"vector": [0, 0, 11]
						},
						"1.6667": {
							"vector": [12.25, 7.75, 15.25]
						},
						"1.9333": {
							"vector": [-0.75, 1.75, 9.35]
						},
						"2.1333": {
							"vector": [0, 0, 4]
						},
						"2.2333": {
							"vector": [0, 0, 0]
						}
					},
					"scale": {
						"1.1333": {
							"vector": [1, 1, 1]
						},
						"1.2": {
							"vector": [0, 0, 0]
						},
						"1.6333": {
							"vector": [0, 0, 0]
						},
						"1.6667": {
							"vector": [1, 1, 1]
						}
					}
				},
				"rightarm": {
					"rotation": {
						"0.0": {
							"vector": [0, 0, 0]
						},
						"0.4333": {
							"vector": [0, 0, 0]
						},
						"0.5333": {
							"vector": [0, 0, -17]
						},
						"0.6333": {
							"vector": [0, 0, -17]
						},
						"0.7667": {
							"vector": [0, 0, 0]
						}
					},
					"position": {
						"0.0": {
							"vector": [0, 0, 0]
						},
						"0.4333": {
							"vector": [0, 0, 0]
						},
						"0.5333": {
							"vector": [1.38975, 1.1209, -2.53617]
						},
						"0.6333": {
							"vector": [1.38975, 1.1209, -2.53617]
						},
						"0.7667": {
							"vector": [0, 0, 0]
						},
						"0.8333": {
							"vector": [0, 0, 0]
						}
					}
				},
				"loader": {
					"rotation": {
						"1.6333": {
							"vector": [0, 0, 0]
						},
						"1.9333": {
							"vector": [0, 0, 0]
						},
						"2.2667": {
							"vector": [0, 0, 0]
						},
						"2.3333": {
							"vector": [0, 0, 0]
						},
						"2.5667": {
							"vector": [0, -40, 0]
						},
						"2.7": {
							"vector": [0, 0, 0]
						}
					},
					"position": {
						"1.6333": {
							"vector": [0, 0, 0]
						},
						"1.6667": {
							"vector": [12, -7, 6]
						},
						"1.9333": {
							"vector": [6, 6, 0]
						},
						"2.2667": {
							"vector": [4.18, 5.25, -9.25]
						},
						"2.3333": {
							"vector": [4.18, 5.25, -9.25]
						},
						"2.5667": {
							"vector": [9.45, 7.8, -0.43]
						},
						"2.7": {
							"vector": [6.18, -1.75, -3.25]
						},
						"2.8667": {
							"vector": [6.18, -21.75, -8.25]
						},
						"3.0333": {
							"vector": [6.18, -1.75, -3.25]
						}
					},
					"scale": {
						"2.7": {
							"vector": [1, 1, 1]
						},
						"2.8667": {
							"vector": [0, 0, 0]
						}
					}
				},
				"_camera_": {
					"rotation": {
						"0.0": {
							"vector": [0, 0, 0]
						},
						"0.3333": {
							"vector": [0, 0, 0]
						},
						"0.4667": {
							"vector": [1, 0, -2]
						},
						"0.6": {
							"vector": [0, 0, -1]
						},
						"1.6333": {
							"vector": [0, 0, 0]
						},
						"1.9333": {
							"vector": [0, 0, 0]
						},
						"2.6": {
							"vector": [0, 0, 0]
						},
						"2.7": {
							"vector": [1, 0, 1.5]
						},
						"2.7667": {
							"vector": [-1, 0, -1]
						},
						"2.8333": {
							"vector": [0, 0, 0]
						}
					},
					"position": {
						"vector": [0, 0, 0]
					}
				}
			},
			"sound_effects": {
				"0.3667": {
					"effect": "revolver_open"
				},
				"0.8667": {
					"effect": "revolver_shellsout"
				},
				"2.0": {
					"effect": "revolver_open"
				},
				"2.6": {
					"effect": "revolver_close"
				}
			}
		},
		"animation.model.reload": {
			"loop": true,
			"animation_length": 3.4,
			"bones": {
				"main": {
					"rotation": {
						"0.0": {
							"vector": [0, 0, 0]
						},
						"0.2333": {
							"vector": [-42.27296, 0.24061, 22.89373]
						},
						"0.4": {
							"vector": [-33.18359, -7.01119, -0.25571],
							"easing": "easeOutSine"
						},
						"0.5": {
							"vector": [-32.4, -0.17, 19.04]
						},
						"0.7": {
							"vector": [-30.18854, 6.63857, 29.26987],
							"easing": "easeOutSine"
						},
						"0.8333": {
							"vector": [-29.99361, 2.31319, 31.78401]
						},
						"1.1": {
							"vector": [-32.68955, 6.63956, 29.26996],
							"easing": "easeOutSine"
						},
						"1.5": {
							"vector": [-30.18854, 6.63857, 29.26987],
							"easing": "easeOutSine"
						},
						"1.8333": {
							"vector": [-30.45535, 5.12374, 26.66663]
						},
						"2.1667": {
							"vector": [-30.18854, 6.63857, 29.26987],
							"easing": "easeOutSine"
						},
						"2.2667": {
							"vector": [-25.33412, 8.89957, 28.19319],
							"easing": "easeOutSine"
						},
						"2.5667": {
							"vector": [-30.18854, 6.63857, 29.26987],
							"easing": "easeOutSine"
						},
						"2.6667": {
							"vector": [-31.62891, 5.36287, 12.46126]
						},
						"2.7667": {
							"vector": [-30.06936, 8.72406, 41.87456]
						},
						"3.0": {
							"vector": [-30.18854, 6.63857, 29.26987],
							"easing": "easeOutSine"
						},
						"3.2333": {
							"vector": [-13.08, 0.01, 1.42]
						},
						"3.3667": {
							"vector": [0, 0, 0]
						}
					},
					"position": {
						"0.0": {
							"vector": [0, 0, 0]
						},
						"0.2333": {
							"vector": [2.33298, 0.4051, -1.54696]
						},
						"0.4": {
							"vector": [-1.82096, 0.76882, -1.63942],
							"easing": "easeOutSine"
						},
						"0.5": {
							"vector": [2.53, 0.16, -2.75]
						},
						"0.7": {
							"vector": [4.20807, -5.7264, 4.21642],
							"easing": "easeOutSine"
						},
						"0.8333": {
							"vector": [5.05935, -6.25629, 4.17964]
						},
						"1.1": {
							"vector": [3.41931, -7.43063, 5.43765],
							"easing": "easeOutSine"
						},
						"1.5": {
							"vector": [4.20807, -5.7264, 4.21642],
							"easing": "easeOutSine"
						},
						"1.8333": {
							"vector": [4.12099, -5.6853, 4.22893]
						},
						"1.9667": {
							"vector": [5.07067, -6.42184, 4.44821]
						},
						"2.1667": {
							"vector": [4.20807, -5.7264, 4.21642],
							"easing": "easeOutSine"
						},
						"2.2667": {
							"vector": [4.36869, -5.2425, 3.36142]
						},
						"2.5667": {
							"vector": [4.20807, -5.7264, 4.21642],
							"easing": "easeOutSine"
						},
						"2.6667": {
							"vector": [2.26983, -5.56372, 5.31913]
						},
						"2.7667": {
							"vector": [9.93815, -8.85719, 2.88006]
						},
						"3.0": {
							"vector": [4.20807, -5.7264, 4.21642],
							"easing": "easeOutSine"
						},
						"3.3667": {
							"vector": [0, 0, 0],
							"easing": "easeOutSine"
						}
					}
				},
				"leftarm": {
					"rotation": {
						"0.0": {
							"vector": [0, 0, 0]
						},
						"0.2": {
							"vector": [0, 0, 0]
						},
						"0.8333": {
							"vector": [12.08377, -36.98252, -53.51639]
						},
						"0.9333": {
							"vector": [12.08377, -36.98252, -53.51639]
						},
						"1.0333": {
							"vector": [12.08377, -36.98252, -53.51639]
						},
						"1.2": {
							"vector": [12.08377, -36.98252, -53.51639]
						},
						"1.6667": {
							"vector": [-4.06787, -0.8685, -47.95525]
						},
						"1.9333": {
							"vector": [-8.94746, -8.08292, -7.28754]
						},
						"2.2667": {
							"vector": [14.27759, -8.84186, -64.74163]
						},
						"2.3333": {
							"vector": [14.27759, -8.84186, -64.74163]
						},
						"2.5667": {
							"vector": [10.70995, -37.58195, -55.34465]
						},
						"3.2667": {
							"vector": [0, 0, 0],
							"easing": "easeInSine"
						}
					},
					"position": {
						"0.0": {
							"vector": [0, 0, 0]
						},
						"0.2": {
							"vector": [0, 0, 0]
						},
						"0.5": {
							"vector": [6.87434, 0.88647, -5.42676]
						},
						"0.8333": {
							"vector": [0.69743, 13.36956, -5.47868]
						},
						"0.9333": {
							"vector": [0.69743, 13.36956, -2.47868]
						},
						"1.0333": {
							"vector": [0.69743, 13.36956, -2.47868]
						},
						"1.2": {
							"vector": [0.69743, 13.36956, -5.47868]
						},
						"1.6667": {
							"vector": [3.68053, -0.37865, 16.59068]
						},
						"1.9333": {
							"vector": [3.85, 6.51, 10.13]
						},
						"2.2667": {
							"vector": [-3.87, 10.96, 2.95]
						},
						"2.3333": {
							"vector": [-3.87, 10.96, 2.95]
						},
						"2.5667": {
							"vector": [2.13, 11.96, 15.95]
						},
						"2.7667": {
							"vector": [2.75, -6.2, 5.83]
						},
						"3.2667": {
							"vector": [0, 0, 0],
							"easing": "easeInSine"
						}
					}
				},
				"gun": {
					"rotation": {
						"0.0": {
							"vector": [0, 0, 0]
						},
						"2.7333": {
							"vector": [0, 0, 0]
						},
						"2.7667": {
							"vector": [0, 0, 12.5]
						},
						"2.9333": {
							"vector": [0, 0, 0]
						}
					},
					"position": {
						"0.0": {
							"vector": [0, 0, 0]
						},
						"0.2": {
							"vector": [1, 0, -4]
						},
						"1.5": {
							"vector": [0, 0, -4]
						},
						"2.7333": {
							"vector": [0, 0, -4]
						},
						"2.7667": {
							"vector": [0, 0, -4]
						},
						"2.9333": {
							"vector": [0, 0, 0]
						}
					}
				},
				"drum_thing": {
					"rotation": {
						"0.5": {
							"vector": [0, 0, 0]
						},
						"0.6": {
							"vector": [0, 0, 90]
						},
						"2.6667": {
							"vector": [0, 0, 90]
						},
						"2.7667": {
							"vector": [0, 0, 0]
						}
					},
					"position": {
						"0.5": {
							"vector": [0, 0, 0]
						},
						"2.6667": {
							"vector": [0, 0, 0]
						}
					}
				},
				"reload_thingy": {
					"rotation": {
						"vector": [0, 0, 0]
					},
					"position": {
						"0.8333": {
							"vector": [0, 0, 0]
						},
						"0.9333": {
							"vector": [0, 0, 3]
						},
						"1.0333": {
							"vector": [0, 0, 3]
						},
						"1.2": {
							"vector": [0, 0, 0]
						}
					}
				},
				"bullets": {
					"rotation": {
						"vector": [0, 0, 0]
					},
					"position": {
						"0.0": {
							"vector": [0, 0, 0]
						},
						"0.8333": {
							"vector": [0, 0, 0]
						},
						"1.0": {
							"vector": [0, 0, 11]
						},
						"1.6667": {
							"vector": [12.25, 7.75, 15.25]
						},
						"1.9333": {
							"vector": [-0.75, 1.75, 9.35]
						},
						"2.1333": {
							"vector": [0, 0, 4]
						},
						"2.2333": {
							"vector": [0, 0, 0]
						}
					},
					"scale": {
						"1.1333": {
							"vector": [1, 1, 1]
						},
						"1.2": {
							"vector": [0, 0, 0]
						},
						"1.6333": {
							"vector": [0, 0, 0]
						},
						"1.6667": {
							"vector": [1, 1, 1]
						}
					}
				},
				"rightarm": {
					"rotation": {
						"0.0": {
							"vector": [0, 0, 0]
						},
						"0.4333": {
							"vector": [0, 0, 0]
						},
						"0.5333": {
							"vector": [0, 0, -17]
						},
						"0.6333": {
							"vector": [0, 0, -17]
						},
						"0.7667": {
							"vector": [0, 0, 0]
						}
					},
					"position": {
						"0.0": {
							"vector": [0, 0, 0]
						},
						"0.4333": {
							"vector": [0, 0, 0]
						},
						"0.5333": {
							"vector": [1.38975, 1.1209, -2.53617]
						},
						"0.6333": {
							"vector": [1.38975, 1.1209, -2.53617]
						},
						"0.7667": {
							"vector": [0, 0, 0]
						},
						"0.8333": {
							"vector": [0, 0, 0]
						}
					}
				},
				"loader": {
					"rotation": {
						"1.6333": {
							"vector": [0, 0, 0]
						},
						"1.9333": {
							"vector": [0, 0, 0]
						},
						"2.2667": {
							"vector": [0, 0, 0]
						},
						"2.3333": {
							"vector": [0, 0, 0]
						},
						"2.5667": {
							"vector": [0, -40, 0]
						},
						"2.7": {
							"vector": [0, 0, 0]
						}
					},
					"position": {
						"1.6333": {
							"vector": [0, 0, 0]
						},
						"1.6667": {
							"vector": [12, -7, 6]
						},
						"1.9333": {
							"vector": [6, 6, 0]
						},
						"2.2667": {
							"vector": [4.18, 5.25, -9.25]
						},
						"2.3333": {
							"vector": [4.18, 5.25, -9.25]
						},
						"2.5667": {
							"vector": [9.45, 7.8, -0.43]
						},
						"2.7": {
							"vector": [6.18, -1.75, -3.25]
						},
						"2.8667": {
							"vector": [6.18, -21.75, -8.25]
						},
						"3.0333": {
							"vector": [6.18, -1.75, -3.25]
						}
					},
					"scale": {
						"2.7": {
							"vector": [1, 1, 1]
						},
						"2.8667": {
							"vector": [0, 0, 0]
						}
					}
				},
				"_camera_": {
					"rotation": {
						"0.0": {
							"vector": [0, 0, 0]
						},
						"0.3333": {
							"vector": [0, 0, 0]
						},
						"0.4667": {
							"vector": [1, 0, -2]
						},
						"0.6": {
							"vector": [0, 0, -1]
						},
						"1.6333": {
							"vector": [0, 0, 0]
						},
						"1.9333": {
							"vector": [0, 0, 0]
						},
						"2.6": {
							"vector": [0, 0, 0]
						},
						"2.7": {
							"vector": [1, 0, 1.5]
						},
						"2.7667": {
							"vector": [-1, 0, -1]
						},
						"2.8333": {
							"vector": [0, 0, 0]
						}
					},
					"position": {
						"vector": [0, 0, 0]
					}
				}
			},
			"sound_effects": {
				"0.3667": {
					"effect": "revolver_open"
				},
				"0.8667": {
					"effect": "revolver_shellsout"
				},
				"2.0": {
					"effect": "revolver_open"
				},
				"2.6": {
					"effect": "revolver_close"
				}
			}
		},
		"animation.model.preparefire": {
			"loop": true,
			"animation_length": 0.1,
			"bones": {
				"main": {
					"rotation": {
						"0.0": {
							"vector": [0, 0, 0]
						},
						"0.0667": {
							"vector": [0, 0, 2.5]
						}
					}
				},
				"drum": {
					"rotation": {
						"0.0": {
							"vector": [0, 0, 0]
						},
						"0.0667": {
							"vector": [0, 0, 22.5],
							"easing": "easeInCubic"
						}
					}
				},
				"hammer": {
					"rotation": {
						"0.0": {
							"vector": [0, 0, 0]
						},
						"0.0667": {
							"vector": [-92.5, 0, 0],
							"easing": "easeInQuint"
						}
					},
					"position": {
						"vector": [0, 0, 0]
					}
				}
			}
		}
	},
	"geckolib_format_version": 2
}