  {
  "name" : "m35q",
  "type": "Gun",
  "maxAmmoCapacity" : 12,
  "compatibleAmmo" : ["ammocreative","grenade40mm"],
  "damage" : 5,
  "rpm" : 130,
  "fireModes" : ["AUTOMATIC"],
  "fireSound" : "m35q",
  "drawCooldownDuration" : 933,
  "aimingZoom" : 0.3,
  "gunRecoilInitialAmplitude" : 0.6,
  "shakeRecoilAmplitude" : 0.2,
  "shakeRecoilSpeed" : 2,
  "viewRecoilAmplitude" : 1.2,
  "inspectCooldownDuration": 3700,
  "phasedReloads": [
    {
      "phase": "RELOADING",
      "duration": 2267,
      "animation": "animation.model.reload"
    }
  ],
  "effects": [
    { 
      "phase": "firing",
      "name": "launcher_muzzle"
    }
  ]
}