{
"loader": "forge:separate_transforms",
  "gui_light": "front",
  "base": 
{
  "credit": "Made with Blockbench",
  "parent": "builtin/entity",
  "texture_size": [
    128,
    128
  ],
  "display": {
    "thirdperson_righthand": {
      "translation": [
        0.25,
        -2,
        1.75
      ],
      "scale": [
        0.3,
        0.3,
        0.3
      ]
    },
    "thirdperson_lefthand": {
      "translation": [
        0.25,
        -2.5,
        1
      ],
      "scale": [
        0.3,
        0.3,
        0.3
      ]
    },
    "firstperson_righthand": {
      "rotation": [
        0,
        0,
        3.5
      ],
      "translation": [
        0.5,
        -11,
        -4
      ]
    },
    "firstperson_lefthand": {
      "rotation": [
        0,
        0,
        3.5
      ],
      "translation": [
        4.5,
        -13,
        -1
      ]
    },
    "ground": {
      "scale": [
        0.3,
        0.3,
        0.3
      ]
    },
    "gui": {
      "rotation": [
        90,
        53.75,
        -90
      ],
      "translation": [
        0,
        -2.75,
        0
      ],
      "scale": [
        0.28,
        0.28,
        0.28
      ]
    },
    "fixed": {
      "rotation": [
        180,
        -90,
        180
      ],
      "translation": [
        -5.5,
        -5.25,
        -1
      ],
      "scale": [
        0.62,
        0.62,
        0.62
      ]
    }
  }
},
  "perspectives": {
    "gui": {
      "parent": "item/generated",
      "textures": {
        "layer0": "pointblank:item/htg_thompson1928.icon"
      }
    }
  }
}