{
	"format_version": "1.8.0",
	"animations": {
		"animation.model.inspect": {
			"loop": true,
			"animation_length": 4.5,
			"bones": {
				"main": {
					"rotation": {
						"0.0": {
							"vector": [0, 0, 0],
							"easing": "linear"
						},
						"0.4583": {
							"vector": [-16.59968, 9.93848, 57.21503],
							"easing": "linear"
						},
						"0.6667": {
							"vector": [-16.76506, 9.65141, 56.24295],
							"easing": "linear"
						},
						"0.75": {
							"vector": [-16.76506, 9.65141, 56.24295],
							"easing": "linear"
						},
						"0.8333": {
							"vector": [-16.30256, 10.42599, 58.89332],
							"easing": "linear"
						},
						"0.9167": {
							"vector": [-16.25341, 9.46608, 59.17789],
							"easing": "linear"
						},
						"1.125": {
							"vector": [-16.59968, 9.93848, 57.21503],
							"easing": "linear"
						},
						"1.4167": {
							"vector": [-14.35325, 17.4397, 65.74859],
							"easing": "linear"
						},
						"1.5": {
							"vector": [-15.09822, 16.80411, 63.21857],
							"easing": "linear"
						},
						"1.75": {
							"vector": [-14.35325, 17.4397, 65.74859],
							"easing": "linear"
						},
						"1.9167": {
							"vector": [-14.65506, 17.18924, 64.7345],
							"easing": "linear"
						},
						"2.0": {
							"vector": [-14.35325, 17.4397, 65.74859],
							"easing": "linear"
						},
						"2.25": {
							"vector": [-14.65506, 17.18924, 64.7345],
							"easing": "linear"
						},
						"2.3333": {
							"vector": [-14.35325, 17.4397, 65.74859],
							"easing": "linear"
						},
						"2.5": {
							"vector": [-14.35325, 17.4397, 65.74859],
							"easing": "linear"
						},
						"2.8333": {
							"vector": [-4.21358, -22.84877, -8.32994],
							"easing": "linear"
						},
						"3.0417": {
							"vector": [-4.40311, -23.97812, -10.41317],
							"easing": "linear"
						},
						"3.2083": {
							"vector": [-3.90311, -23.97812, -10.41317],
							"easing": "linear"
						},
						"3.3333": {
							"vector": [-3.81354, -24.10751, -10.81329],
							"easing": "linear"
						},
						"3.4583": {
							"vector": [-4.14438, -24.32763, -10.48548],
							"easing": "linear"
						},
						"3.5833": {
							"vector": [-4.14438, -24.32763, -10.48548],
							"easing": "linear"
						},
						"3.9167": {
							"vector": [-4.40311, -23.97812, -10.41317],
							"easing": "linear"
						},
						"4.0833": {
							"vector": [-1.29992, -16.93416, -7.3285],
							"easing": "linear"
						},
						"4.2917": {
							"vector": [0, 0, 0],
							"easing": "linear"
						}
					},
					"position": {
						"0.0": {
							"vector": [0, 0, 0],
							"easing": "linear"
						},
						"0.3333": {
							"vector": [0, 2, -13],
							"easing": "linear"
						},
						"0.5417": {
							"vector": [-0.20097, 1.06347, -6.99313],
							"easing": "linear"
						},
						"0.625": {
							"vector": [-0.2, 1.26, -7.99],
							"easing": "linear"
						},
						"1.0417": {
							"vector": [-0.2, 1.26, -7.99],
							"easing": "linear"
						},
						"1.25": {
							"vector": [-0.50123, 0.67251, -6.10211],
							"easing": "linear"
						},
						"2.2083": {
							"vector": [-0.50123, 0.67251, -6.10211],
							"easing": "linear"
						},
						"2.375": {
							"vector": [-0.2, 1.26, -7.99],
							"easing": "linear"
						},
						"2.5": {
							"vector": [-0.2, 1.26, -7.99],
							"easing": "linear"
						},
						"4.0833": {
							"vector": [-0.2, 1.26, -7.99],
							"easing": "linear"
						},
						"4.2917": {
							"vector": [0, 0, 0],
							"easing": "linear"
						}
					}
				},
				"bulletandslide": {
					"position": {
						"1.0417": {
							"vector": [0, 0, 0],
							"easing": "linear"
						},
						"1.2917": {
							"vector": [0, 0, 9],
							"easing": "linear"
						},
						"2.0": {
							"vector": [0, 0, 9],
							"easing": "linear"
						},
						"2.1667": {
							"vector": [0, 0, 0],
							"easing": "linear"
						}
					}
				},
				"leftarm": {
					"rotation": {
						"0.0": {
							"vector": [0, 0, 0],
							"easing": "linear"
						},
						"0.3333": {
							"vector": [-2.47773, 1.68272, -14.3491],
							"easing": "linear"
						},
						"2.3333": {
							"vector": [-2.47773, 1.68272, -14.3491],
							"easing": "linear"
						},
						"2.9167": {
							"vector": [0, 0, -2.5],
							"easing": "linear"
						},
						"3.8333": {
							"vector": [0, 0, -2.5],
							"easing": "linear"
						},
						"4.375": {
							"vector": [0, 0, 0],
							"easing": "linear"
						}
					},
					"position": {
						"0.0": {
							"vector": [0, 0, 0],
							"easing": "linear"
						},
						"0.3333": {
							"vector": [6.47362, 7.4565, -1.57887],
							"easing": "linear"
						},
						"2.3333": {
							"vector": [6.47362, 7.4565, -1.57887],
							"easing": "linear"
						},
						"2.7917": {
							"vector": [2, 1.1, -3],
							"easing": "linear"
						},
						"4.0": {
							"vector": [2, 1.1, -3],
							"easing": "linear"
						},
						"4.375": {
							"vector": [0, 0, 0],
							"easing": "linear"
						}
					}
				},
				"rightarm": {
					"rotation": {
						"0.5": {
							"vector": [0, 0, 0],
							"easing": "linear"
						},
						"1.0417": {
							"vector": [-19.12333, 8.29434, -2.06302],
							"easing": "linear"
						},
						"1.2917": {
							"vector": [-10.89845, 5.73337, -0.13543],
							"easing": "linear"
						},
						"2.0": {
							"vector": [-10.89845, 5.73337, -0.13543],
							"easing": "linear"
						},
						"4.1667": {
							"vector": [-10.89845, 5.73337, -0.13543],
							"easing": "linear"
						},
						"4.375": {
							"vector": [0, 0, 0],
							"easing": "linear"
						}
					},
					"position": {
						"0.5833": {
							"vector": [0, 0, 0],
							"easing": "linear"
						},
						"1.0417": {
							"vector": [-4, 2, -21],
							"easing": "linear"
						},
						"1.2917": {
							"vector": [-5.3488, 4.24933, -11.13784],
							"easing": "linear"
						},
						"2.0": {
							"vector": [-5.3488, 4.24933, -11.13784],
							"easing": "linear"
						},
						"2.25": {
							"vector": [0, 0, 0],
							"easing": "linear"
						},
						"4.2083": {
							"vector": [0, 0, 0],
							"easing": "linear"
						},
						"4.4583": {
							"vector": [0, 0, 0],
							"easing": "linear"
						}
					}
				},
				"moving_puller": {
					"rotation": {
						"0.0": {
							"vector": [0, 0, 0],
							"easing": "linear"
						},
						"0.25": {
							"vector": [0, 0, 0],
							"easing": "linear"
						},
						"0.5": {
							"vector": [0, 0, -15],
							"easing": "linear"
						},
						"1.3333": {
							"vector": [0, 0, -10],
							"easing": "linear"
						},
						"1.5833": {
							"vector": [0, 0, -20],
							"easing": "linear"
						},
						"1.9583": {
							"vector": [0, 0, -10],
							"easing": "linear"
						},
						"2.4583": {
							"vector": [0, 0, -17.5],
							"easing": "linear"
						},
						"3.0833": {
							"vector": [0, 0, 0],
							"easing": "linear"
						}
					}
				}
			},
			"sound_effects": {
				"0.2917": {
					"effect": "grab2"
				},
				"1.2083": {
					"effect": "sliding_start"
				},
				"2.25": {
					"effect": "sliding_end"
				},
				"2.7083": {
					"effect": "grab2"
				}
			}
		},
		"animation.model.reload": {
			"loop": true,
			"animation_length": 3.2083,
			"bones": {
				"main": {
					"rotation": {
						"0.0": {
							"vector": [0, 0, 0],
							"easing": "linear"
						},
						"0.125": {
							"vector": [-20.63957, -8.6929, -3.95013],
							"easing": "linear"
						},
						"0.2083": {
							"vector": [-34.22883, -14.89803, -7.68908],
							"easing": "linear"
						},
						"0.2917": {
							"vector": [-47.8181, -21.10315, -11.42803],
							"easing": "linear"
						},
						"0.375": {
							"vector": [-61.57806, -27.3862, -13.97913],
							"easing": "linear"
						},
						"0.5833": {
							"vector": [-62.32582, -28.26463, -14.5195],
							"easing": "linear"
						},
						"0.8333": {
							"vector": [-62.98168, -29.04189, -14.96422],
							"easing": "linear"
						},
						"1.0": {
							"vector": [-63.02952, -28.09276, -14.41378],
							"easing": "linear"
						},
						"1.125": {
							"vector": [-61.1226, -28.01638, -14.36679],
							"easing": "linear"
						},
						"1.5": {
							"vector": [-62.48725, -26.95857, -13.73865],
							"easing": "linear"
						},
						"1.875": {
							"vector": [-61.64528, -28.88317, -14.89586],
							"easing": "linear"
						},
						"2.0833": {
							"vector": [-61.87396, -27.5033, -14.05447],
							"easing": "linear"
						},
						"2.2083": {
							"vector": [-63.78519, -27.46817, -14.03187],
							"easing": "linear"
						},
						"2.2917": {
							"vector": [-61.15458, -27.44475, -14.0168],
							"easing": "linear"
						},
						"2.5": {
							"vector": [-61.32582, -28.26463, -14.5195],
							"easing": "linear"
						},
						"2.8333": {
							"vector": [0, 0, 0],
							"easing": "linear"
						},
						"2.9583": {
							"vector": [5.01732, 0.90888, 1.08348],
							"easing": "linear"
						},
						"3.0833": {
							"vector": [0, 0, 0],
							"easing": "linear"
						}
					},
					"position": {
						"0.0": {
							"vector": [0, 0, 0],
							"easing": "linear"
						},
						"0.375": {
							"vector": [0, -6, -11.2],
							"easing": "linear"
						},
						"2.5": {
							"vector": [0, -6, -11.2],
							"easing": "linear"
						},
						"2.8333": {
							"vector": [0, 0, 0],
							"easing": "linear"
						},
						"3.0833": {
							"vector": [0, 0, 0],
							"easing": "linear"
						}
					}
				},
				"magazine": {
					"rotation": {
						"0.6667": {
							"vector": [0, 0, 0],
							"easing": "linear"
						},
						"0.7917": {
							"vector": [-20.5, 0, 0],
							"easing": "linear"
						},
						"1.0417": {
							"vector": [-20.5, 0, 0],
							"easing": "linear"
						},
						"1.1667": {
							"vector": [-2.81274, -1.72616, -12.38212],
							"easing": "linear"
						},
						"1.4167": {
							"vector": [4.68726, -1.72616, -12.38212],
							"easing": "linear"
						}
					},
					"position": {
						"0.6667": {
							"vector": [0, 0, 0],
							"easing": "linear"
						},
						"0.7917": {
							"vector": [0, -0.6, -1.8],
							"easing": "linear"
						},
						"1.0417": {
							"vector": [0, -0.6, -1],
							"easing": "linear"
						},
						"1.1667": {
							"vector": [4, -21, -3.3],
							"easing": "linear"
						},
						"1.4167": {
							"vector": [4, -114, -3.3],
							"easing": "linear"
						}
					},
					"scale": {
						"0.6667": {
							"vector": [1, 1, 1],
							"easing": "linear"
						},
						"1.2083": {
							"vector": [1, 1, 1],
							"easing": "linear"
						},
						"1.4167": {
							"vector": [0, 0, 0],
							"easing": "linear"
						}
					}
				},
				"leftarm": {
					"rotation": {
						"0.25": {
							"vector": [0, 0, 0],
							"easing": "linear"
						},
						"0.375": {
							"vector": [-12.5, 0, 0],
							"easing": "linear"
						},
						"0.6667": {
							"vector": [-26.40092, 15.87424, -28.60858],
							"easing": "linear"
						},
						"0.7917": {
							"vector": [-21.40092, 15.87424, -28.60858],
							"easing": "linear"
						},
						"0.9167": {
							"vector": [-21.40092, 15.87424, -28.60858],
							"easing": "linear"
						},
						"1.0417": {
							"vector": [-8.90092, 15.87424, -28.60858],
							"easing": "linear"
						},
						"1.1667": {
							"vector": [-8.9455, 23.89092, -72.96363],
							"easing": "linear"
						},
						"1.2917": {
							"vector": [-8.9455, 23.89092, -72.96363],
							"easing": "linear"
						},
						"1.6667": {
							"vector": [-55.7841, 26.50303, -72.32343],
							"easing": "easeOutSine"
						},
						"1.75": {
							"vector": [-55.7841, 26.50303, -72.32343],
							"easing": "easeOutSine"
						},
						"2.0417": {
							"vector": [-4.60076, 15.50598, -8.85357],
							"easing": "linear"
						},
						"2.125": {
							"vector": [-4.60076, 15.50598, -8.85357],
							"easing": "easeInSine"
						},
						"2.2917": {
							"vector": [-13.90193, 23.77651, -15.32865],
							"easing": "linear"
						},
						"2.5833": {
							"vector": [-13.90193, 23.77651, -15.32865],
							"easing": "linear"
						},
						"2.7917": {
							"vector": [0, 0, 0],
							"easing": "linear"
						}
					},
					"position": {
						"0.25": {
							"vector": [0, 0, 0],
							"easing": "linear"
						},
						"0.375": {
							"vector": [0, -2, -2],
							"easing": "linear"
						},
						"0.6667": {
							"vector": [7.5, -0.99, 14.42],
							"easing": "linear"
						},
						"0.7917": {
							"vector": [6.3, -0.99, 14.42],
							"easing": "linear"
						},
						"0.9167": {
							"vector": [6.3, -0.99, 14.42],
							"easing": "linear"
						},
						"1.0417": {
							"vector": [4.8, -0.99, 12.62],
							"easing": "linear"
						},
						"1.2917": {
							"vector": [4.8, -0.99, 12.62],
							"easing": "linear"
						},
						"1.6667": {
							"vector": [10.71762, -9.09032, 16.91437],
							"easing": "easeOutCubic"
						},
						"1.75": {
							"vector": [10.71762, -9.09032, 16.91437],
							"easing": "easeOutCubic"
						},
						"2.0417": {
							"vector": [3.42757, -5.14419, 12.8233],
							"easing": "linear"
						},
						"2.125": {
							"vector": [3.42757, -5.14419, 12.8233],
							"easing": "easeInSine"
						},
						"2.5833": {
							"vector": [3.42757, -5.14419, 12.8233],
							"easing": "easeInSine"
						},
						"2.7917": {
							"vector": [0, 0, 0],
							"easing": "easeInSine"
						}
					}
				},
				"magazine2": {
					"rotation": {
						"0.25": {
							"vector": [0, 0, 0],
							"easing": "linear"
						},
						"1.0417": {
							"vector": [0, 0, 0],
							"easing": "linear"
						},
						"1.2083": {
							"vector": [0, 0, 0],
							"easing": "linear"
						},
						"1.3333": {
							"vector": [-0.43619, 5.19485, -12.2972],
							"easing": "linear"
						},
						"1.4167": {
							"vector": [12.06381, 5.19485, -12.2972],
							"easing": "linear"
						},
						"1.6667": {
							"vector": [12.06381, 5.19485, -12.2972],
							"easing": "linear"
						},
						"1.75": {
							"vector": [12.06381, 5.19485, -12.2972],
							"easing": "linear"
						},
						"2.0417": {
							"vector": [-12.5, 0, 0],
							"easing": "linear"
						},
						"2.125": {
							"vector": [-12.5, 0, 0],
							"easing": "linear"
						},
						"2.2917": {
							"vector": [0, 0, 0],
							"easing": "linear"
						}
					},
					"position": {
						"0.25": {
							"vector": [0, 1.48306, 33.96764],
							"easing": "linear"
						},
						"1.0417": {
							"vector": [0, 1.48, 33.97],
							"easing": "linear"
						},
						"1.2083": {
							"vector": [0, 1.48, 33.97],
							"easing": "linear"
						},
						"1.3333": {
							"vector": [3, -26.27945, 17.16486],
							"easing": "linear"
						},
						"1.6667": {
							"vector": [3.1, -25.41725, 20.25581],
							"easing": "linear"
						},
						"1.75": {
							"vector": [3.1, -25.41725, 20.25581],
							"easing": "linear"
						},
						"2.0417": {
							"vector": [0, -1.45579, -1.20029],
							"easing": "linear"
						},
						"2.125": {
							"vector": [0, -1.45579, -1.20029],
							"easing": "linear"
						},
						"2.2917": {
							"vector": [0, 0, 0],
							"easing": "linear"
						}
					},
					"scale": {
						"0.25": {
							"vector": [0, 0, 0],
							"easing": "linear"
						},
						"0.4167": {
							"vector": [0, 0, 0],
							"easing": "linear"
						},
						"0.5417": {
							"vector": [1, 1, 1],
							"easing": "linear"
						}
					}
				},
				"moving_puller": {
					"rotation": {
						"0.2917": {
							"vector": [0, 0, 0],
							"easing": "linear"
						},
						"0.4167": {
							"vector": [0, 0, -10],
							"easing": "linear"
						},
						"0.5833": {
							"vector": [0, 0, -1.87],
							"easing": "linear"
						},
						"0.7917": {
							"vector": [0, 0, -11.71],
							"easing": "linear"
						},
						"1.0417": {
							"vector": [0, 0, -5.41],
							"easing": "linear"
						},
						"1.25": {
							"vector": [0, 0, -2.35],
							"easing": "linear"
						},
						"1.5": {
							"vector": [0, 0, -7.02],
							"easing": "linear"
						},
						"2.0": {
							"vector": [0, 0, 0],
							"easing": "linear"
						},
						"2.6667": {
							"vector": [0, 0, 0],
							"easing": "linear"
						},
						"2.7917": {
							"vector": [0, 0, 0],
							"easing": "linear"
						},
						"2.9583": {
							"vector": [0, 0, -14],
							"easing": "linear"
						},
						"3.2083": {
							"vector": [0, 0, 0],
							"easing": "linear"
						}
					},
					"position": {
						"vector": [0, 0, 0],
						"easing": "linear"
					}
				}
			},
			"sound_effects": {
				"0.0417": {
					"effect": "grab"
				},
				"0.875": {
					"effect": "remove_mag"
				},
				"1.5": {
					"effect": "grab2"
				},
				"2.0": {
					"effect": "put_the_mag_in"
				}
			}
		},
		"animation.model.reloadempty": {
			"loop": true,
			"animation_length": 4.1667,
			"bones": {
				"main": {
					"rotation": {
						"0.0": {
							"vector": [0, 0, 0],
							"easing": "linear"
						},
						"0.125": {
							"vector": [-20.63957, -8.6929, -3.95013],
							"easing": "linear"
						},
						"0.2083": {
							"vector": [-34.22883, -14.89803, -7.68908],
							"easing": "linear"
						},
						"0.2917": {
							"vector": [-47.8181, -21.10315, -11.42803],
							"easing": "linear"
						},
						"0.375": {
							"vector": [-61.57806, -27.3862, -13.97913],
							"easing": "linear"
						},
						"0.5833": {
							"vector": [-62.32582, -28.26463, -14.5195],
							"easing": "linear"
						},
						"0.8333": {
							"vector": [-62.98168, -29.04189, -14.96422],
							"easing": "linear"
						},
						"1.0": {
							"vector": [-63.02952, -28.09276, -14.41378],
							"easing": "linear"
						},
						"1.125": {
							"vector": [-61.1226, -28.01638, -14.36679],
							"easing": "linear"
						},
						"1.5": {
							"vector": [-62.48725, -26.95857, -13.73865],
							"easing": "linear"
						},
						"1.875": {
							"vector": [-61.64528, -28.88317, -14.89586],
							"easing": "linear"
						},
						"2.0833": {
							"vector": [-61.87396, -27.5033, -14.05447],
							"easing": "linear"
						},
						"2.2083": {
							"vector": [-63.78519, -27.46817, -14.03187],
							"easing": "linear"
						},
						"2.2917": {
							"vector": [-61.15458, -27.44475, -14.0168],
							"easing": "linear"
						},
						"2.5": {
							"vector": [-61.32582, -28.26463, -14.5195],
							"easing": "linear"
						},
						"2.875": {
							"vector": [-2.5, -2.5, 25],
							"easing": "linear"
						},
						"3.0": {
							"vector": [-2.49848, -1.50095, 24.95637],
							"easing": "linear"
						},
						"3.125": {
							"vector": [-2.5, -2.5, 25],
							"easing": "linear"
						},
						"3.2917": {
							"vector": [-4.5, -2.5, 25],
							"easing": "linear"
						},
						"3.5": {
							"vector": [-2.5, -2.5, 25],
							"easing": "linear"
						},
						"3.625": {
							"vector": [-2.02558, -0.89729, 14.92594],
							"easing": "linear"
						},
						"3.7917": {
							"vector": [0, 0, 0],
							"easing": "linear"
						}
					},
					"position": {
						"0.0": {
							"vector": [0, 0, 0],
							"easing": "linear"
						},
						"0.375": {
							"vector": [0, -6, -11.2],
							"easing": "linear"
						},
						"2.5": {
							"vector": [0, -6, -11.2],
							"easing": "linear"
						},
						"2.875": {
							"vector": [-3.13523, 0.93893, 0],
							"easing": "linear"
						},
						"3.125": {
							"vector": [-3.13523, 0.93893, 0],
							"easing": "linear"
						},
						"3.5": {
							"vector": [-3.13523, 0.93893, 0],
							"easing": "linear"
						},
						"3.7917": {
							"vector": [0, 0, 0],
							"easing": "linear"
						}
					}
				},
				"magazine": {
					"rotation": {
						"0.6667": {
							"vector": [0, 0, 0],
							"easing": "linear"
						},
						"0.7917": {
							"vector": [-20.5, 0, 0],
							"easing": "linear"
						},
						"1.0417": {
							"vector": [-20.5, 0, 0],
							"easing": "linear"
						},
						"1.1667": {
							"vector": [-2.81274, -1.72616, -12.38212],
							"easing": "linear"
						},
						"1.4167": {
							"vector": [4.68726, -1.72616, -12.38212],
							"easing": "linear"
						}
					},
					"position": {
						"0.6667": {
							"vector": [0, 0, 0],
							"easing": "linear"
						},
						"0.7917": {
							"vector": [0, -0.6, -1.8],
							"easing": "linear"
						},
						"1.0417": {
							"vector": [0, -0.6, -1],
							"easing": "linear"
						},
						"1.1667": {
							"vector": [4, -21, -3.3],
							"easing": "linear"
						},
						"1.4167": {
							"vector": [4, -114, -3.3],
							"easing": "linear"
						}
					},
					"scale": {
						"0.6667": {
							"vector": [1, 1, 1],
							"easing": "linear"
						},
						"1.2083": {
							"vector": [1, 1, 1],
							"easing": "linear"
						},
						"1.4167": {
							"vector": [0, 0, 0],
							"easing": "linear"
						}
					}
				},
				"leftarm": {
					"rotation": {
						"0.25": {
							"vector": [0, 0, 0],
							"easing": "linear"
						},
						"0.375": {
							"vector": [-12.5, 0, 0],
							"easing": "linear"
						},
						"0.6667": {
							"vector": [-26.40092, 15.87424, -28.60858],
							"easing": "linear"
						},
						"0.7917": {
							"vector": [-21.40092, 15.87424, -28.60858],
							"easing": "linear"
						},
						"0.9167": {
							"vector": [-21.40092, 15.87424, -28.60858],
							"easing": "linear"
						},
						"1.0417": {
							"vector": [-8.90092, 15.87424, -28.60858],
							"easing": "linear"
						},
						"1.1667": {
							"vector": [-8.9455, 23.89092, -72.96363],
							"easing": "linear"
						},
						"1.2917": {
							"vector": [-8.9455, 23.89092, -72.96363],
							"easing": "linear"
						},
						"1.6667": {
							"vector": [-55.7841, 26.50303, -72.32343],
							"easing": "easeOutSine"
						},
						"1.75": {
							"vector": [-55.7841, 26.50303, -72.32343],
							"easing": "easeOutSine"
						},
						"2.0417": {
							"vector": [-4.60076, 15.50598, -8.85357],
							"easing": "linear"
						},
						"2.125": {
							"vector": [-4.60076, 15.50598, -8.85357],
							"easing": "easeInSine"
						},
						"2.2917": {
							"vector": [-13.90193, 23.77651, -15.32865],
							"easing": "linear"
						},
						"2.5833": {
							"vector": [-13.90193, 23.77651, -15.32865],
							"easing": "linear"
						},
						"2.7917": {
							"vector": [0, 0, 0],
							"easing": "linear"
						},
						"2.9583": {
							"vector": [9, 0, 0],
							"easing": "linear"
						},
						"3.4583": {
							"vector": [9, 0, 0],
							"easing": "linear"
						},
						"3.6667": {
							"vector": [0, 0, 0],
							"easing": "linear"
						}
					},
					"position": {
						"0.25": {
							"vector": [0, 0, 0],
							"easing": "linear"
						},
						"0.375": {
							"vector": [0, -2, -2],
							"easing": "linear"
						},
						"0.6667": {
							"vector": [7.5, -0.99, 14.42],
							"easing": "linear"
						},
						"0.7917": {
							"vector": [6.3, -0.99, 14.42],
							"easing": "linear"
						},
						"0.9167": {
							"vector": [6.3, -0.99, 14.42],
							"easing": "linear"
						},
						"1.0417": {
							"vector": [4.8, -0.99, 12.62],
							"easing": "linear"
						},
						"1.2917": {
							"vector": [4.8, -0.99, 12.62],
							"easing": "linear"
						},
						"1.6667": {
							"vector": [10.71762, -9.09032, 16.91437],
							"easing": "easeOutCubic"
						},
						"1.75": {
							"vector": [10.71762, -9.09032, 16.91437],
							"easing": "easeOutCubic"
						},
						"2.0417": {
							"vector": [3.42757, -5.14419, 12.8233],
							"easing": "linear"
						},
						"2.125": {
							"vector": [3.42757, -5.14419, 12.8233],
							"easing": "easeInSine"
						},
						"2.5833": {
							"vector": [3.42757, -5.14419, 12.8233],
							"easing": "easeInSine"
						},
						"2.7917": {
							"vector": [0, 0, 0],
							"easing": "easeInSine"
						},
						"2.9583": {
							"vector": [0, 2.9, -9.1],
							"easing": "linear"
						},
						"3.4583": {
							"vector": [0, 2.9, -9.1],
							"easing": "linear"
						},
						"3.6667": {
							"vector": [0, 0, 0],
							"easing": "linear"
						}
					}
				},
				"magazine2": {
					"rotation": {
						"0.25": {
							"vector": [0, 0, 0],
							"easing": "linear"
						},
						"1.0417": {
							"vector": [0, 0, 0],
							"easing": "linear"
						},
						"1.2083": {
							"vector": [0, 0, 0],
							"easing": "linear"
						},
						"1.3333": {
							"vector": [-0.43619, 5.19485, -12.2972],
							"easing": "linear"
						},
						"1.4167": {
							"vector": [12.06381, 5.19485, -12.2972],
							"easing": "linear"
						},
						"1.6667": {
							"vector": [12.23293, 10.03254, -11.0219],
							"easing": "linear"
						},
						"1.75": {
							"vector": [12.23293, 10.03254, -11.0219],
							"easing": "linear"
						},
						"2.0417": {
							"vector": [-12.5, 0, 0],
							"easing": "linear"
						},
						"2.125": {
							"vector": [-12.5, 0, 0],
							"easing": "linear"
						},
						"2.2917": {
							"vector": [0, 0, 0],
							"easing": "linear"
						}
					},
					"position": {
						"0.25": {
							"vector": [0, 1.48306, 33.96764],
							"easing": "linear"
						},
						"1.0417": {
							"vector": [0, 1.48, 33.97],
							"easing": "linear"
						},
						"1.2083": {
							"vector": [0, 1.48, 33.97],
							"easing": "linear"
						},
						"1.3333": {
							"vector": [3, -26.27945, 17.16486],
							"easing": "linear"
						},
						"1.6667": {
							"vector": [3.1, -25.41725, 23.25581],
							"easing": "linear"
						},
						"1.75": {
							"vector": [3.1, -25.41725, 23.25581],
							"easing": "linear"
						},
						"2.0417": {
							"vector": [0, -1.45579, -1.20029],
							"easing": "linear"
						},
						"2.125": {
							"vector": [0, -1.45579, -1.20029],
							"easing": "linear"
						},
						"2.2917": {
							"vector": [0, 0, 0],
							"easing": "linear"
						}
					},
					"scale": {
						"0.25": {
							"vector": [0, 0, 0],
							"easing": "linear"
						},
						"0.4167": {
							"vector": [0, 0, 0],
							"easing": "linear"
						},
						"0.5417": {
							"vector": [1, 1, 1],
							"easing": "linear"
						}
					}
				},
				"moving_puller": {
					"rotation": {
						"0.2917": {
							"vector": [0, 0, 0],
							"easing": "linear"
						},
						"0.4167": {
							"vector": [0, 0, -10],
							"easing": "linear"
						},
						"0.5833": {
							"vector": [0, 0, -1.87],
							"easing": "linear"
						},
						"0.7917": {
							"vector": [0, 0, -11.71],
							"easing": "linear"
						},
						"1.0417": {
							"vector": [0, 0, -5.41],
							"easing": "linear"
						},
						"1.25": {
							"vector": [0, 0, -2.35],
							"easing": "linear"
						},
						"1.5": {
							"vector": [0, 0, -7.02],
							"easing": "linear"
						},
						"2.0": {
							"vector": [0, 0, 0],
							"easing": "linear"
						},
						"2.6667": {
							"vector": [0, 0, 0],
							"easing": "linear"
						},
						"2.7917": {
							"vector": [0, 0, 0],
							"easing": "linear"
						},
						"2.9167": {
							"vector": [0, 0, -14],
							"easing": "linear"
						},
						"3.4583": {
							"vector": [0, 0, -14],
							"easing": "linear"
						},
						"3.5833": {
							"vector": [0, 0, 0],
							"easing": "linear"
						}
					},
					"position": {
						"3.4583": {
							"vector": [0, 0, 0],
							"easing": "linear"
						},
						"3.5833": {
							"vector": [0, 0, 0],
							"easing": "linear"
						}
					}
				},
				"rightarm": {
					"rotation": {
						"2.875": {
							"vector": [0, 0, 0],
							"easing": "linear"
						},
						"3.125": {
							"vector": [0, 0, 17],
							"easing": "linear"
						},
						"3.3333": {
							"vector": [-4, 0, 17],
							"easing": "linear"
						},
						"3.5": {
							"vector": [-4, 0, 17],
							"easing": "linear"
						},
						"3.7083": {
							"vector": [0, 0, 0],
							"easing": "linear"
						}
					},
					"position": {
						"2.875": {
							"vector": [0, 0, 0],
							"easing": "linear"
						},
						"3.125": {
							"vector": [-9.4, 10.5, -19.1],
							"easing": "linear"
						},
						"3.3333": {
							"vector": [-9.4, 9, -7.6],
							"easing": "linear"
						},
						"3.5": {
							"vector": [-9.4, 9, -7.6],
							"easing": "linear"
						},
						"3.7083": {
							"vector": [0, 0, 0],
							"easing": "linear"
						}
					}
				},
				"bulletandslide": {
					"position": {
						"3.125": {
							"vector": [0, 0, 0],
							"easing": "linear"
						},
						"3.3333": {
							"vector": [0, 0, 11],
							"easing": "linear"
						},
						"3.4167": {
							"vector": [0, 0, 11],
							"easing": "linear"
						},
						"3.5": {
							"vector": [0, 0, 0],
							"easing": "linear"
						}
					}
				},
				"bullet4": {
					"scale": {
						"vector": [0, 0, 0],
						"easing": "linear"
					}
				},
				"pod3": {
					"rotation": {
						"0.0": {
							"vector": [0, 0, 0],
							"easing": "linear"
						},
						"0.1667": {
							"vector": [0, -4.5, 0],
							"easing": "linear"
						},
						"0.3333": {
							"vector": [0, 0, 0],
							"easing": "linear"
						},
						"0.5": {
							"vector": [-2.5, 0, 0],
							"easing": "linear"
						},
						"0.5833": {
							"vector": [0, 0, 0],
							"easing": "linear"
						}
					}
				},
				"pod2": {
					"rotation": {
						"0.0": {
							"vector": [0, 0, 0],
							"easing": "linear"
						},
						"0.1667": {
							"vector": [-4.5, 0, 0],
							"easing": "linear"
						},
						"0.3333": {
							"vector": [0, 0, 0],
							"easing": "linear"
						},
						"0.5": {
							"vector": [-2.5, 0, 0],
							"easing": "linear"
						},
						"0.5833": {
							"vector": [0, 0, 0],
							"easing": "linear"
						}
					}
				},
				"bullet3": {
					"scale": {
						"vector": [0, 0, 0],
						"easing": "linear"
					}
				},
				"bullet6": {
					"scale": {
						"vector": [0, 0, 0],
						"easing": "linear"
					}
				},
				"bullet7": {
					"scale": {
						"vector": [0, 0, 0],
						"easing": "linear"
					}
				},
				"bullet8": {
					"scale": {
						"vector": [0, 0, 0],
						"easing": "linear"
					}
				},
				"bullet9": {
					"scale": {
						"vector": [0, 0, 0],
						"easing": "linear"
					}
				},
				"bullet10": {
					"scale": {
						"vector": [0, 0, 0],
						"easing": "linear"
					}
				},
				"bullet11": {
					"scale": {
						"vector": [0, 0, 0],
						"easing": "linear"
					}
				},
				"bullet12": {
					"scale": {
						"vector": [0, 0, 0],
						"easing": "linear"
					}
				}
			},
			"sound_effects": {
				"0.25": {
					"effect": "gripp"
				},
				"0.875": {
					"effect": "remove_mag"
				},
				"2.0": {
					"effect": "put_the_mag_in"
				},
				"2.5833": {
					"effect": "grab2"
				},
				"3.0417": {
					"effect": "sliding_total"
				}
			}
		},
		"animation.model.draw": {
			"loop": true,
			"animation_length": 1.1667,
			"bones": {
				"main": {
					"rotation": {
						"0.0": {
							"vector": [32.09413, -54.38778, -8.29667],
							"easing": "linear"
						},
						"0.4167": {
							"vector": [1.77698, -9.99529, -4.30852],
							"easing": "linear"
						},
						"0.5417": {
							"vector": [0.58201, -1.04064, 2.6563],
							"easing": "linear"
						},
						"0.7083": {
							"vector": [0.32388, 0.39763, -2.15014],
							"easing": "linear"
						},
						"0.7917": {
							"vector": [0, 0, 0],
							"easing": "linear"
						}
					},
					"position": {
						"0.0": {
							"vector": [0, -17.3, 0],
							"easing": "linear"
						},
						"0.25": {
							"vector": [0, -7.41, -4.07],
							"easing": "linear"
						},
						"0.4167": {
							"vector": [-0.4, -1.2, -2.75],
							"easing": "linear"
						},
						"0.5": {
							"vector": [0.4, 0, -2.6],
							"easing": "linear"
						},
						"0.6667": {
							"vector": [0.16, -0.15, 0.275],
							"easing": "linear"
						},
						"0.75": {
							"vector": [0, 0, 0],
							"easing": "linear"
						}
					}
				}
			},
			"sound_effects": {
				"0.2083": {
					"effect": "grab"
				}
			}
		},
		"animation.model.fire": {
			"loop": true,
			"animation_length": 0.5833,
			"bones": {
				"main": {
					"rotation": {
						"0.0": {
							"vector": [0, 0, 0],
							"easing": "linear"
						},
						"0.0417": {
							"vector": [-6.5, 0, 0],
							"easing": "linear"
						},
						"0.25": {
							"vector": [-3.49041, 0.05141, -0.9761],
							"easing": "linear"
						},
						"0.4167": {
							"vector": [0, 0, 0],
							"easing": "linear"
						}
					},
					"position": {
						"0.0": {
							"vector": [0, 0, 0],
							"easing": "linear"
						},
						"0.0417": {
							"vector": [0, 0, 12],
							"easing": "linear"
						},
						"0.2917": {
							"vector": [0, 0, 0],
							"easing": "linear"
						}
					}
				},
				"gun": {
					"rotation": {
						"vector": ["linear", "linear", "linear"],
						"easing": "linear"
					}
				},
				"bullet2": {
					"rotation": {
						"0.0": {
							"vector": [0, 0, 0],
							"easing": "linear"
						},
						"0.1667": {
							"vector": [-5.0621, 16.3611, -26.12988],
							"easing": "linear"
						}
					},
					"position": {
						"0.0417": {
							"vector": [0, 0, 0],
							"easing": "linear"
						},
						"0.125": {
							"vector": [0, 0, 12],
							"easing": "linear"
						},
						"0.1667": {
							"vector": [-11, 6, 10],
							"easing": "linear"
						},
						"0.2083": {
							"vector": [-23, -18, 12],
							"easing": "linear"
						},
						"0.25": {
							"vector": [-24, -42, 12],
							"easing": "linear"
						},
						"0.2917": {
							"vector": [-19, -66, 12],
							"easing": "linear"
						}
					}
				},
				"slider": {
					"position": {
						"0.0417": {
							"vector": [0, 0, 0],
							"easing": "linear"
						},
						"0.125": {
							"vector": [0, 0, 13],
							"easing": "linear"
						},
						"0.2083": {
							"vector": [0, 0, 13],
							"easing": "linear"
						},
						"0.3333": {
							"vector": [0, 0, 0],
							"easing": "linear"
						}
					}
				},
				"pod2": {
					"rotation": {
						"0.0": {
							"vector": [0, 0, 0],
							"easing": "linear"
						},
						"0.1667": {
							"vector": [5, 0, 0],
							"easing": "linear"
						},
						"0.4583": {
							"vector": [-2.68, 0, 0],
							"easing": "linear"
						},
						"0.5833": {
							"vector": [0, 0, 0],
							"easing": "linear"
						}
					}
				},
				"bone15": {
					"rotation": {
						"0.0": {
							"vector": [0, 0, 0],
							"easing": "linear"
						},
						"0.0417": {
							"vector": [12.5, 0, 0],
							"easing": "linear"
						},
						"0.0833": {
							"vector": [0, 0, 0],
							"easing": "linear"
						}
					}
				},
				"bullet4": {
					"rotation": {
						"0.0": {
							"vector": [0, 0, 0],
							"easing": "linear"
						},
						"0.3333": {
							"vector": [-23.85469, 77.91612, -48.08394],
							"easing": "linear"
						}
					},
					"position": {
						"0.0417": {
							"vector": [0, 0, 0],
							"easing": "linear"
						},
						"0.125": {
							"vector": [-1, 0.4, 11.2],
							"easing": "linear"
						},
						"0.1667": {
							"vector": [-18.47371, 2.44927, 20.30802],
							"easing": "linear"
						},
						"0.2083": {
							"vector": [-27.13856, -17.57743, 23.71831],
							"easing": "linear"
						},
						"0.25": {
							"vector": [-24, -42, 24],
							"easing": "linear"
						},
						"0.2917": {
							"vector": [-19, -66, 23],
							"easing": "linear"
						}
					},
					"scale": {
						"0.1667": {
							"vector": [1, 1, 1],
							"easing": "linear"
						},
						"0.2917": {
							"vector": [0, 0, 0],
							"easing": "linear"
						}
					}
				},
				"bullet5": {
					"scale": {
						"vector": [0, 0, 0],
						"easing": "linear"
					}
				},
				"pod3": {
					"rotation": {
						"0.0": {
							"vector": [0, 0, 0],
							"easing": "linear"
						},
						"0.1667": {
							"vector": [5, 0, 0],
							"easing": "linear"
						},
						"0.4583": {
							"vector": [-2.68, 0, 0],
							"easing": "linear"
						},
						"0.5833": {
							"vector": [0, 0, 0],
							"easing": "linear"
						}
					}
				},
				"cano_ani": {
					"position": {
						"0.0": {
							"vector": [0, 0, 0],
							"easing": "linear"
						},
						"0.0417": {
							"vector": [0, 0, 8],
							"easing": "linear"
						},
						"0.3333": {
							"vector": [0, 0, 0],
							"easing": "linear"
						}
					}
				},
				"moving_puller": {
					"rotation": {
						"0.0": {
							"vector": [0, 0, 0],
							"easing": "linear"
						},
						"0.125": {
							"vector": [0, 0, -12.5],
							"easing": "linear"
						},
						"0.3333": {
							"vector": [0, 0, 0],
							"easing": "linear"
						},
						"0.4583": {
							"vector": [0, 0, -2.5],
							"easing": "linear"
						},
						"0.5417": {
							"vector": [0, 0, 0],
							"easing": "linear"
						}
					}
				}
			}
		}
	},
	"geckolib_format_version": 2
}