{
	"format_version": "1.12.0",
	"minecraft:geometry": [
		{
			"description": {
				"identifier": "geometry.unknown",
				"texture_width": 128,
				"texture_height": 128,
				"visible_bounds_width": 8,
				"visible_bounds_height": 4,
				"visible_bounds_offset": [0, 1, 0]
			},
			"bones": [
				{
					"name": "main",
					"pivot": [0, 20, 0]
				},
				{
					"name": "gun",
					"parent": "main",
					"pivot": [1, 11, -1],
					"cubes": [
						{
							"origin": [-1.5, 4.10523, -5.03033],
							"size": [3, 13, 3.975],
							"pivot": [0.5, 16.10523, -1.03033],
							"rotation": [56, 0, 0],
							"uv": {
								"north": {"uv": [60, 57], "uv_size": [3, 13]},
								"east": {"uv": [52, 52], "uv_size": [4, 13]},
								"south": {"uv": [62, 23], "uv_size": [3, 13]},
								"west": {"uv": [55, 0], "uv_size": [4, 13]},
								"up": {"uv": [79, 0], "uv_size": [3, 4]},
								"down": {"uv": [2, 83], "uv_size": [3, -4]}
							}
						},
						{
							"origin": [-1.5, 10.42765, -2.54322],
							"size": [1, 4, 4],
							"pivot": [-1.5, 14.42765, 1.45678],
							"rotation": [55.80099, -5.79873, 3.92778],
							"uv": {
								"north": {"uv": [37, 86], "uv_size": [1, 4]},
								"east": {"uv": [76, 36], "uv_size": [4, 4]},
								"south": {"uv": [38, 86], "uv_size": [1, 4]},
								"west": {"uv": [44, 76], "uv_size": [4, 4]},
								"up": {"uv": [39, 86], "uv_size": [1, 4]},
								"down": {"uv": [86, 70], "uv_size": [1, -4]}
							}
						},
						{
							"origin": [0.5, 10.42765, -2.54322],
							"size": [1, 4, 4],
							"pivot": [1.5, 14.42765, 1.45678],
							"rotation": [55.80099, 5.79873, -3.92778],
							"uv": {
								"north": {"uv": [87, 4], "uv_size": [1, 4]},
								"east": {"uv": [76, 61], "uv_size": [4, 4]},
								"south": {"uv": [6, 87], "uv_size": [1, 4]},
								"west": {"uv": [76, 75], "uv_size": [4, 4]},
								"up": {"uv": [7, 87], "uv_size": [1, 4]},
								"down": {"uv": [8, 91], "uv_size": [1, -4]}
							}
						},
						{
							"origin": [0.9, 12.20523, -5.15533],
							"size": [1, 5, 4],
							"pivot": [-0.1, 16.20523, -1.15533],
							"rotation": [55.72746, -5.9308, 4.62609],
							"uv": {
								"north": {"uv": [73, 85], "uv_size": [1, 5]},
								"east": {"uv": [19, 73], "uv_size": [4, 5]},
								"south": {"uv": [0, 86], "uv_size": [1, 5]},
								"west": {"uv": [73, 22], "uv_size": [4, 5]},
								"up": {"uv": [86, 70], "uv_size": [1, 4]},
								"down": {"uv": [86, 78], "uv_size": [1, -4]}
							}
						},
						{
							"origin": [-1.9, 12.20523, -5.15533],
							"size": [1, 5, 4],
							"pivot": [0.1, 16.20523, -1.15533],
							"rotation": [55.72746, 5.9308, -4.62609],
							"uv": {
								"north": {"uv": [1, 86], "uv_size": [1, 5]},
								"east": {"uv": [23, 73], "uv_size": [4, 5]},
								"south": {"uv": [86, 6], "uv_size": [1, 5]},
								"west": {"uv": [73, 27], "uv_size": [4, 5]},
								"up": {"uv": [87, 8], "uv_size": [1, 4]},
								"down": {"uv": [9, 91], "uv_size": [1, -4]}
							}
						},
						{
							"origin": [-1.5, 9.72327, 0.48985],
							"size": [3, 5, 1],
							"inflate": -0.05,
							"pivot": [0.5, 9.72327, -0.51015],
							"rotation": [76, 0, 0],
							"uv": {
								"north": {"uv": [77, 20], "uv_size": [3, 5]},
								"east": {"uv": [64, 18], "uv_size": [1, 5]},
								"south": {"uv": [77, 25], "uv_size": [3, 5]},
								"west": {"uv": [29, 85], "uv_size": [1, 5]},
								"up": {"uv": [45, 18], "uv_size": [3, 1]},
								"down": {"uv": [36, 48], "uv_size": [3, -1]}
							}
						},
						{
							"origin": [-2, 16.85523, -5.53033],
							"size": [4, 16, 5],
							"pivot": [1, 16.10523, -1.03033],
							"rotation": [90, 0, 0],
							"uv": {
								"north": {"uv": [44, 52], "uv_size": [4, 16]},
								"east": {"uv": [31, 39], "uv_size": [5, 16]},
								"south": {"uv": [48, 52], "uv_size": [4, 16]},
								"west": {"uv": [39, 32], "uv_size": [5, 16]},
								"up": {"uv": [72, 12], "uv_size": [4, 5]},
								"down": {"uv": [72, 22], "uv_size": [4, -5]}
							}
						},
						{
							"origin": [-1, 19.35523, -3.78033],
							"size": [2, 1, 2],
							"pivot": [1, 18.60523, -1.28033],
							"rotation": [90, 0, 0],
							"uv": {
								"north": {"uv": [89, 59], "uv_size": [2, 1]},
								"east": {"uv": [89, 60], "uv_size": [2, 1]},
								"south": {"uv": [89, 61], "uv_size": [2, 1]},
								"west": {"uv": [89, 62], "uv_size": [2, 1]},
								"up": {"uv": [70, 36], "uv_size": [2, 2]},
								"down": {"uv": [76, 67], "uv_size": [2, -2]}
							}
						},
						{
							"origin": [-1, 18.10523, -2.03033],
							"size": [2, 1, 1.25],
							"pivot": [1, 18.10523, -2.03033],
							"rotation": [143, 0, 0],
							"uv": {
								"north": {"uv": [89, 66], "uv_size": [2, 1]},
								"east": {"uv": [91, 25], "uv_size": [1, 1]},
								"south": {"uv": [89, 67], "uv_size": [2, 1]},
								"west": {"uv": [91, 26], "uv_size": [1, 1]},
								"up": {"uv": [68, 89], "uv_size": [2, 1]},
								"down": {"uv": [89, 69], "uv_size": [2, -1]}
							}
						},
						{
							"origin": [-2.25, 18.10523, -4.03033],
							"size": [1.25, 1, 2],
							"pivot": [-1, 18.10523, -2.03033],
							"rotation": [90, -53, 0],
							"uv": {
								"north": {"uv": [24, 91], "uv_size": [1, 1]},
								"east": {"uv": [64, 89], "uv_size": [2, 1]},
								"south": {"uv": [25, 91], "uv_size": [1, 1]},
								"west": {"uv": [66, 89], "uv_size": [2, 1]},
								"up": {"uv": [6, 61], "uv_size": [1, 2]},
								"down": {"uv": [62, 12], "uv_size": [1, -2]}
							}
						},
						{
							"origin": [1, 18.10523, -4.03033],
							"size": [1.25, 1, 2],
							"pivot": [1, 18.10523, -2.03033],
							"rotation": [90, 53, 0],
							"uv": {
								"north": {"uv": [91, 27], "uv_size": [1, 1]},
								"east": {"uv": [89, 69], "uv_size": [2, 1]},
								"south": {"uv": [91, 28], "uv_size": [1, 1]},
								"west": {"uv": [70, 89], "uv_size": [2, 1]},
								"up": {"uv": [70, 6], "uv_size": [1, 2]},
								"down": {"uv": [72, 24], "uv_size": [1, -2]}
							}
						},
						{
							"origin": [-1.5, 32.85523, -5.53033],
							"size": [3, 1, 5],
							"inflate": -0.01,
							"pivot": [1, 16.10523, -1.03033],
							"rotation": [90, 0, 0],
							"uv": {
								"north": {"uv": [87, 51], "uv_size": [3, 1]},
								"east": {"uv": [85, 24], "uv_size": [5, 1]},
								"south": {"uv": [87, 83], "uv_size": [3, 1]},
								"west": {"uv": [85, 45], "uv_size": [5, 1]},
								"up": {"uv": [77, 40], "uv_size": [3, 5]},
								"down": {"uv": [15, 83], "uv_size": [3, -5]}
							}
						},
						{
							"origin": [-1.5, 39.85523, -5.53033],
							"size": [3, 1, 5],
							"inflate": -0.01,
							"pivot": [1, 16.10523, -1.03033],
							"rotation": [90, 0, 0],
							"uv": {
								"north": {"uv": [88, 37], "uv_size": [3, 1]},
								"east": {"uv": [85, 54], "uv_size": [5, 1]},
								"south": {"uv": [88, 38], "uv_size": [3, 1]},
								"west": {"uv": [85, 65], "uv_size": [5, 1]},
								"up": {"uv": [24, 78], "uv_size": [3, 5]},
								"down": {"uv": [78, 50], "uv_size": [3, -5]}
							}
						},
						{
							"origin": [-1.5, 32.85523, -1.53033],
							"size": [3, 8, 1],
							"inflate": -0.04,
							"pivot": [1, 16.10523, -1.03033],
							"rotation": [90, 0, 0],
							"uv": {
								"north": {"uv": [36, 39], "uv_size": [3, 8]},
								"east": {"uv": [4, 83], "uv_size": [1, 8]},
								"south": {"uv": [68, 43], "uv_size": [3, 8]},
								"west": {"uv": [19, 83], "uv_size": [1, 8]},
								"up": {"uv": [88, 63], "uv_size": [3, 1]},
								"down": {"uv": [88, 65], "uv_size": [3, -1]}
							}
						},
						{
							"origin": [-1.5, 8.35523, -27.03033],
							"size": [3, 8, 1],
							"inflate": -0.02,
							"pivot": [1, 16.60523, -26.03033],
							"rotation": [85, 0, 0],
							"uv": {
								"north": {"uv": [44, 68], "uv_size": [3, 8]},
								"east": {"uv": [20, 83], "uv_size": [1, 8]},
								"south": {"uv": [47, 68], "uv_size": [3, 8]},
								"west": {"uv": [21, 83], "uv_size": [1, 8]},
								"up": {"uv": [88, 78], "uv_size": [3, 1]},
								"down": {"uv": [88, 80], "uv_size": [3, -1]}
							}
						},
						{
							"origin": [-1.5, 11.88023, -25.43033],
							"size": [3, 1, 4],
							"inflate": -0.02,
							"pivot": [1, 12.13023, -24.93033],
							"rotation": [82.5, 0, 0],
							"uv": {
								"north": {"uv": [88, 46], "uv_size": [3, 1]},
								"east": {"uv": [0, 74], "uv_size": [4, 1]},
								"south": {"uv": [88, 47], "uv_size": [3, 1]},
								"west": {"uv": [85, 84], "uv_size": [4, 1]},
								"up": {"uv": [74, 79], "uv_size": [3, 4]},
								"down": {"uv": [77, 83], "uv_size": [3, -4]}
							}
						},
						{
							"origin": [-1.5, 11.88023, -19.43033],
							"size": [3, 1, 4],
							"inflate": -0.02,
							"pivot": [1, 12.13023, -18.93033],
							"rotation": [82.5, 0, 0],
							"uv": {
								"north": {"uv": [88, 52], "uv_size": [3, 1]},
								"east": {"uv": [86, 2], "uv_size": [4, 1]},
								"south": {"uv": [88, 53], "uv_size": [3, 1]},
								"west": {"uv": [86, 36], "uv_size": [4, 1]},
								"up": {"uv": [80, 19], "uv_size": [3, 4]},
								"down": {"uv": [80, 27], "uv_size": [3, -4]}
							}
						},
						{
							"origin": [-0.775, 45.85523, -2.03033],
							"size": [1.55, 24, 3.5],
							"pivot": [1, 16.10523, -1.03033],
							"rotation": [90, 0, 0],
							"uv": {
								"north": {"uv": [33.5, 95], "uv_size": [2, 24]},
								"east": {"uv": [7, 39], "uv_size": [4, 24]},
								"south": {"uv": [9.5, 96], "uv_size": [2, 24]},
								"west": {"uv": [11, 39], "uv_size": [4, 24]},
								"up": {"uv": [82, 60], "uv_size": [2, 4]},
								"down": {"uv": [15, 87], "uv_size": [2, -4]}
							}
						},
						{
							"origin": [-1.25, 46.35523, -1.53033],
							"size": [2, 19, 2],
							"inflate": -0.25,
							"pivot": [-0.25, 16.60523, -0.78033],
							"rotation": [90, 0, 45],
							"uv": {
								"north": {"uv": [6, 63], "uv_size": [2, 19]},
								"east": {"uv": [8, 63], "uv_size": [2, 19]},
								"south": {"uv": [10, 63], "uv_size": [2, 19]},
								"west": {"uv": [12, 63], "uv_size": [2, 19]},
								"up": {"uv": [26, 87], "uv_size": [2, 2]},
								"down": {"uv": [87, 30], "uv_size": [2, -2]}
							}
						},
						{
							"origin": [-0.75, 69.85523, 0.46967],
							"size": [1.5, 1, 1],
							"pivot": [1, 16.10523, -1.03033],
							"rotation": [90, 0, 0],
							"uv": {
								"north": {"uv": [89, 86], "uv_size": [2, 1]},
								"east": {"uv": [91, 59], "uv_size": [1, 1]},
								"south": {"uv": [88, 89], "uv_size": [2, 1]},
								"west": {"uv": [91, 60], "uv_size": [1, 1]},
								"up": {"uv": [90, 2], "uv_size": [2, 1]},
								"down": {"uv": [90, 4], "uv_size": [2, -1]}
							}
						},
						{
							"origin": [-0.75, 17.60523, -59.38033],
							"size": [1.5, 1, 3.6],
							"pivot": [1, 18.60523, -55.78033],
							"rotation": [106, 0, 0],
							"uv": {
								"north": {"uv": [84, 89], "uv_size": [2, 1]},
								"east": {"uv": [87, 26], "uv_size": [4, 1]},
								"south": {"uv": [89, 84], "uv_size": [2, 1]},
								"west": {"uv": [87, 27], "uv_size": [4, 1]},
								"up": {"uv": [24, 83], "uv_size": [2, 4]},
								"down": {"uv": [26, 87], "uv_size": [2, -4]}
							}
						},
						{
							"origin": [-1.5, 17.60523, -58.63033],
							"size": [3, 1, 1.85],
							"inflate": -0.001,
							"pivot": [1, 18.60523, -55.78033],
							"rotation": [106, 0, 0],
							"uv": {
								"north": {"uv": [89, 0], "uv_size": [3, 1]},
								"east": {"uv": [89, 85], "uv_size": [2, 1]},
								"south": {"uv": [89, 1], "uv_size": [3, 1]},
								"west": {"uv": [86, 89], "uv_size": [2, 1]},
								"up": {"uv": [70, 67], "uv_size": [3, 2]},
								"down": {"uv": [83, 27], "uv_size": [3, -2]}
							}
						},
						{
							"origin": [-0.75, 54.85523, 16.46967],
							"size": [1.5, 7, 1],
							"pivot": [1, 16.10523, 14.96967],
							"rotation": [90, 0, 0],
							"uv": {
								"north": {"uv": [36, 67], "uv_size": [2, 13]},
								"east": {"uv": [34, 74], "uv_size": [1, 13]},
								"south": {"uv": [38, 67], "uv_size": [2, 13]},
								"west": {"uv": [5, 75], "uv_size": [1, 13]},
								"up": {"uv": [89, 81], "uv_size": [2, 1]},
								"down": {"uv": [89, 83], "uv_size": [2, -1]}
							}
						},
						{
							"origin": [-0.75, 54.85523, 22.46967],
							"size": [1.5, 3, 1],
							"pivot": [1, 16.10523, 20.96967],
							"rotation": [90, 0, 0],
							"uv": {
								"north": {"uv": [36, 67], "uv_size": [2, 13]},
								"east": {"uv": [34, 74], "uv_size": [1, 13]},
								"south": {"uv": [38, 73], "uv_size": [2, 7]},
								"west": {"uv": [5, 75], "uv_size": [1, 13]},
								"up": {"uv": [89, 81], "uv_size": [2, 1]},
								"down": {"uv": [89, 83], "uv_size": [2, -1]}
							}
						},
						{
							"origin": [-1.5, 45.10523, -0.53033],
							"size": [3, 24, 2],
							"pivot": [1.25, 15.35523, -1.03033],
							"rotation": [90, 0, 0],
							"uv": {
								"north": {"uv": [15, 49], "uv_size": [3, 24]},
								"east": {"uv": [18.5, 95], "uv_size": [2, 24]},
								"south": {"uv": [21, 49], "uv_size": [3, 24]},
								"west": {"uv": [0.5, 94], "uv_size": [2, 24]},
								"up": {"uv": [59, 10], "uv_size": [3, 3]},
								"down": {"uv": [81, 49], "uv_size": [3, -3]}
							}
						},
						{
							"origin": [0.5, -18.39477, -54.03033],
							"size": [1, 37, 1.05],
							"pivot": [1.5, 17.85523, -54.03033],
							"rotation": [90, 0, -45],
							"uv": {
								"north": {"uv": [35, 55], "uv_size": [1, 37]},
								"east": {"uv": [14, 63], "uv_size": [1, 37]},
								"south": {"uv": [63, 57], "uv_size": [1, 37]},
								"west": {"uv": [64, 36], "uv_size": [1, 37]},
								"up": {"uv": [91, 32], "uv_size": [1, 1]},
								"down": {"uv": [91, 34], "uv_size": [1, -1]}
							}
						},
						{
							"origin": [-1.5, -18.39477, -54.03033],
							"size": [1, 37, 1.05],
							"pivot": [-1.5, 17.85523, -54.03033],
							"rotation": [90, 0, 45],
							"uv": {
								"north": {"uv": [56, 64], "uv_size": [1, 37]},
								"east": {"uv": [57, 64], "uv_size": [1, 37]},
								"south": {"uv": [58, 64], "uv_size": [1, 37]},
								"west": {"uv": [59, 64], "uv_size": [1, 37]},
								"up": {"uv": [34, 91], "uv_size": [1, 1]},
								"down": {"uv": [37, 92], "uv_size": [1, -1]}
							}
						},
						{
							"origin": [-1.5, -21.39477, -47.03033],
							"size": [1, 10, 1.05],
							"pivot": [-1.5, 17.85523, -47.03033],
							"rotation": [90, 0, 45],
							"uv": {
								"north": {"uv": [45, 80], "uv_size": [1, 10]},
								"east": {"uv": [46, 80], "uv_size": [1, 10]},
								"south": {"uv": [47, 80], "uv_size": [1, 10]},
								"west": {"uv": [61, 80], "uv_size": [1, 10]},
								"up": {"uv": [91, 41], "uv_size": [1, 1]},
								"down": {"uv": [91, 43], "uv_size": [1, -1]}
							}
						},
						{
							"origin": [-0.75, 29.85523, 4.46967],
							"size": [1.5, 10, 4],
							"pivot": [1, 16.10523, 5.96967],
							"rotation": [90, 0, 0],
							"uv": {
								"north": {"uv": [40, 73], "uv_size": [2, 10]},
								"east": {"uv": [59, 0], "uv_size": [4, 10]},
								"south": {"uv": [42, 73], "uv_size": [2, 10]},
								"west": {"uv": [60, 47], "uv_size": [4, 10]},
								"up": {"uv": [83, 21], "uv_size": [2, 4]},
								"down": {"uv": [22, 87], "uv_size": [2, -4]}
							}
						},
						{
							"origin": [-1.75, 29.35523, 7.21967],
							"size": [1.5, 10, 1],
							"inflate": -0.25,
							"pivot": [0, 15.60523, 5.71967],
							"rotation": [90, 0, 0],
							"uv": {
								"north": {"uv": [62, 80], "uv_size": [1, 10]},
								"east": {"uv": [82, 74], "uv_size": [1, 10]},
								"south": {"uv": [2, 83], "uv_size": [1, 10]},
								"west": {"uv": [3, 83], "uv_size": [1, 10]},
								"up": {"uv": [91, 79], "uv_size": [1, 1]},
								"down": {"uv": [91, 82], "uv_size": [1, -1]}
							}
						},
						{
							"origin": [-0.5, 29.10523, 5.96967],
							"size": [2, 10, 2.5],
							"pivot": [1.25, 15.35523, 5.96967],
							"rotation": [90, 0, 0],
							"uv": {
								"north": {"uv": [62, 36], "uv_size": [2, 10]},
								"east": {"uv": [27, 65], "uv_size": [3, 10]},
								"south": {"uv": [61, 70], "uv_size": [2, 10]},
								"west": {"uv": [65, 43], "uv_size": [3, 10]},
								"up": {"uv": [83, 43], "uv_size": [2, 3]},
								"down": {"uv": [83, 60], "uv_size": [2, -3]}
							}
						},
						{
							"origin": [0.5, -21.39477, -47.03033],
							"size": [1, 10, 1.05],
							"pivot": [1.5, 17.85523, -47.03033],
							"rotation": [90, 0, -45],
							"uv": {
								"north": {"uv": [6, 51], "uv_size": [1, 10]},
								"east": {"uv": [29, 75], "uv_size": [1, 10]},
								"south": {"uv": [33, 80], "uv_size": [1, 10]},
								"west": {"uv": [44, 80], "uv_size": [1, 10]},
								"up": {"uv": [91, 38], "uv_size": [1, 1]},
								"down": {"uv": [91, 41], "uv_size": [1, -1]}
							}
						},
						{
							"origin": [-1.5, 15.11977, -54.03033],
							"size": [1, 29, 1.05],
							"pivot": [-1.5, 15.86977, -54.03033],
							"rotation": [-90, 0, -45],
							"uv": {
								"north": {"uv": [30, 65], "uv_size": [1, 29]},
								"east": {"uv": [52, 65], "uv_size": [1, 29]},
								"south": {"uv": [53, 65], "uv_size": [1, 29]},
								"west": {"uv": [54, 65], "uv_size": [1, 29]},
								"up": {"uv": [91, 57], "uv_size": [1, 1]},
								"down": {"uv": [91, 59], "uv_size": [1, -1]}
							}
						},
						{
							"origin": [0.5, 15.11977, -54.03033],
							"size": [1, 24, 1.05],
							"pivot": [1.5, 15.86977, -54.03033],
							"rotation": [-90, 0, 45],
							"uv": {
								"north": {"uv": [55, 65], "uv_size": [1, 24]},
								"east": {"uv": [50, 68], "uv_size": [1, 24]},
								"south": {"uv": [51, 68], "uv_size": [1, 24]},
								"west": {"uv": [60, 70], "uv_size": [1, 24]},
								"up": {"uv": [91, 37], "uv_size": [1, 1]},
								"down": {"uv": [38, 92], "uv_size": [1, -1]}
							}
						},
						{
							"origin": [-0.5, 18.35523, -6.28033],
							"size": [1, 3, 1],
							"pivot": [0, 18.60523, -5.78033],
							"rotation": [90, 0, -45],
							"uv": {
								"north": {"uv": [5, 88], "uv_size": [1, 3]},
								"east": {"uv": [24, 88], "uv_size": [1, 3]},
								"south": {"uv": [25, 88], "uv_size": [1, 3]},
								"west": {"uv": [82, 88], "uv_size": [1, 3]},
								"up": {"uv": [91, 22], "uv_size": [1, 1]},
								"down": {"uv": [91, 24], "uv_size": [1, -1]}
							}
						},
						{
							"origin": [-1, 21.10523, -2.78033],
							"size": [2, 5.5, 1],
							"pivot": [1, 19.35523, -1.28033],
							"rotation": [90, 0, 0],
							"uv": {
								"north": {"uv": [70, 79], "uv_size": [2, 6]},
								"east": {"uv": [28, 83], "uv_size": [1, 6]},
								"south": {"uv": [72, 79], "uv_size": [2, 6]},
								"west": {"uv": [83, 64], "uv_size": [1, 6]},
								"up": {"uv": [78, 74], "uv_size": [2, 1]},
								"down": {"uv": [81, 50], "uv_size": [2, -1]}
							}
						},
						{
							"origin": [-2.05, 18.35523, -4.53033],
							"size": [1.05, 5.5, 1],
							"pivot": [-1, 18.85523, -3.53033],
							"rotation": [90, 0, -45.25],
							"uv": {
								"north": {"uv": [68, 83], "uv_size": [1, 6]},
								"east": {"uv": [69, 83], "uv_size": [1, 6]},
								"south": {"uv": [83, 70], "uv_size": [1, 6]},
								"west": {"uv": [74, 83], "uv_size": [1, 6]},
								"up": {"uv": [91, 29], "uv_size": [1, 1]},
								"down": {"uv": [91, 31], "uv_size": [1, -1]}
							}
						},
						{
							"origin": [1, 18.35523, -4.53033],
							"size": [1.05, 5.5, 1],
							"pivot": [1, 18.85523, -3.53033],
							"rotation": [90, 0, 45.25],
							"uv": {
								"north": {"uv": [75, 83], "uv_size": [1, 6]},
								"east": {"uv": [76, 83], "uv_size": [1, 6]},
								"south": {"uv": [83, 76], "uv_size": [1, 6]},
								"west": {"uv": [77, 83], "uv_size": [1, 6]},
								"up": {"uv": [31, 91], "uv_size": [1, 1]},
								"down": {"uv": [91, 32], "uv_size": [1, -1]}
							}
						},
						{
							"origin": [-2, 18.60523, -2.53033],
							"size": [4, 6, 3],
							"inflate": -0.25,
							"pivot": [1, 16.85523, -1.03033],
							"rotation": [90, 0, 0],
							"uv": {
								"north": {"uv": [65, 69], "uv_size": [4, 6]},
								"east": {"uv": [62, 12], "uv_size": [3, 6]},
								"south": {"uv": [69, 69], "uv_size": [4, 6]},
								"west": {"uv": [31, 74], "uv_size": [3, 6]},
								"up": {"uv": [80, 27], "uv_size": [4, 3]},
								"down": {"uv": [80, 35], "uv_size": [4, -3]}
							}
						},
						{
							"origin": [-1.5, 41.35523, -3.53033],
							"size": [3, 5, 3.75],
							"inflate": 0.01,
							"pivot": [1.5, 16.60523, -1.03033],
							"rotation": [90, 0, 0],
							"uv": {
								"north": {"uv": [18, 78], "uv_size": [3, 5]},
								"east": {"uv": [72, 36], "uv_size": [4, 5]},
								"south": {"uv": [21, 78], "uv_size": [3, 5]},
								"west": {"uv": [15, 73], "uv_size": [4, 5]},
								"up": {"uv": [64, 79], "uv_size": [3, 4]},
								"down": {"uv": [67, 83], "uv_size": [3, -4]}
							}
						},
						{
							"origin": [-1.5, 33.35523, -1.53033],
							"size": [3, 8, 1.75],
							"inflate": 0.01,
							"pivot": [1.5, 16.60523, -1.03033],
							"rotation": [90, 0, 0],
							"uv": {
								"north": {"uv": [70, 24], "uv_size": [3, 8]},
								"east": {"uv": [58, 23], "uv_size": [2, 8]},
								"south": {"uv": [71, 0], "uv_size": [3, 8]},
								"west": {"uv": [27, 75], "uv_size": [2, 8]},
								"up": {"uv": [55, 30], "uv_size": [3, 2]},
								"down": {"uv": [68, 53], "uv_size": [3, -2]}
							}
						},
						{
							"origin": [-1.75, 14.23023, -30.48033],
							"size": [3.5, 1, 1],
							"inflate": -0.15,
							"pivot": [1, 14.73023, -29.98033],
							"rotation": [135, 0, 0],
							"uv": {
								"north": {"uv": [22, 87], "uv_size": [4, 1]},
								"east": {"uv": [91, 55], "uv_size": [1, 1]},
								"south": {"uv": [87, 22], "uv_size": [4, 1]},
								"west": {"uv": [91, 56], "uv_size": [1, 1]},
								"up": {"uv": [87, 23], "uv_size": [4, 1]},
								"down": {"uv": [87, 26], "uv_size": [4, -1]}
							}
						},
						{
							"origin": [-2, 3.87473, 2.53616],
							"size": [4, 6.25, 4],
							"pivot": [1, 8.87473, 2.53616],
							"rotation": [33.5, 0, 0],
							"uv": {
								"north": {"uv": [66, 6], "uv_size": [4, 6]},
								"east": {"uv": [40, 67], "uv_size": [4, 6]},
								"south": {"uv": [68, 12], "uv_size": [4, 6]},
								"west": {"uv": [68, 18], "uv_size": [4, 6]},
								"up": {"uv": [76, 16], "uv_size": [4, 4]},
								"down": {"uv": [76, 36], "uv_size": [4, -4]}
							}
						},
						{
							"origin": [-2, 7.06185, 1.13874],
							"size": [4, 4.25, 4],
							"inflate": -0.03,
							"pivot": [1, 11.31185, 4.13874],
							"rotation": [103.5, 0, 0],
							"uv": {
								"north": {"uv": [75, 57], "uv_size": [4, 4]},
								"east": {"uv": [64, 75], "uv_size": [4, 4]},
								"south": {"uv": [68, 75], "uv_size": [4, 4]},
								"west": {"uv": [72, 75], "uv_size": [4, 4]},
								"up": {"uv": [76, 8], "uv_size": [4, 4]},
								"down": {"uv": [76, 16], "uv_size": [4, -4]}
							}
						},
						{
							"origin": [-2, -11.92123, 6.68135],
							"size": [4, 19, 7],
							"inflate": -0.02,
							"pivot": [1, 6.07877, 6.68135],
							"rotation": [71, 0, 0],
							"uv": {
								"north": {"uv": [36, 48], "uv_size": [4, 19]},
								"east": {"uv": [0, 32], "uv_size": [7, 19]},
								"south": {"uv": [40, 48], "uv_size": [4, 19]},
								"west": {"uv": [32, 0], "uv_size": [7, 19]},
								"up": {"uv": [0, 67], "uv_size": [4, 7]},
								"down": {"uv": [31, 74], "uv_size": [4, -7]}
							}
						},
						{
							"origin": [-2, -11.78146, 21.80068],
							"size": [4, 12, 3],
							"pivot": [1, 0.21854, 23.80068],
							"rotation": [178.5, 0, 0],
							"uv": {
								"north": {"uv": [31, 55], "uv_size": [4, 12]},
								"east": {"uv": [63, 0], "uv_size": [3, 12]},
								"south": {"uv": [56, 52], "uv_size": [4, 12]},
								"west": {"uv": [65, 12], "uv_size": [3, 12]},
								"up": {"uv": [79, 4], "uv_size": [4, 3]},
								"down": {"uv": [79, 60], "uv_size": [4, -3]}
							}
						},
						{
							"origin": [-2, 12.24061, 22.01515],
							"size": [4, 5, 16],
							"inflate": -0.01,
							"pivot": [1, 12.24061, 23.01515],
							"rotation": [176, 0, 0],
							"uv": {
								"north": {"uv": [71, 53], "uv_size": [4, 5]},
								"east": {"uv": [39, 13], "uv_size": [16, 5]},
								"south": {"uv": [71, 58], "uv_size": [4, 5]},
								"west": {"uv": [15, 39], "uv_size": [16, 5]},
								"up": {"uv": [27, 49], "uv_size": [4, 16]},
								"down": {"uv": [0, 67], "uv_size": [4, -16]}
							}
						},
						{
							"origin": [-0.85, 9.4, -4.1],
							"size": [2, 4, 1],
							"inflate": -0.1,
							"uv": {
								"north": {"uv": [82, 0], "uv_size": [2, 4]},
								"east": {"uv": [80, 41], "uv_size": [1, 4]},
								"south": {"uv": [82, 35], "uv_size": [2, 4]},
								"west": {"uv": [86, 11], "uv_size": [1, 4]},
								"up": {"uv": [58, 31], "uv_size": [2, 1]},
								"down": {"uv": [62, 47], "uv_size": [2, -1]}
							}
						},
						{
							"origin": [-0.35, 9.4, -6.1],
							"size": [1, 4, 1],
							"inflate": -0.1,
							"pivot": [1.65, 12.4, -5.1],
							"rotation": [-17.5, 0, 0],
							"uv": {
								"north": {"uv": [12, 87], "uv_size": [1, 4]},
								"east": {"uv": [87, 12], "uv_size": [1, 4]},
								"south": {"uv": [13, 87], "uv_size": [1, 4]},
								"west": {"uv": [15, 87], "uv_size": [1, 4]},
								"up": {"uv": [91, 43], "uv_size": [1, 1]},
								"down": {"uv": [91, 45], "uv_size": [1, -1]}
							}
						},
						{
							"origin": [-0.85, 9.4, -11.475],
							"size": [2, 4, 1],
							"inflate": -0.1,
							"uv": {
								"north": {"uv": [17, 83], "uv_size": [2, 4]},
								"east": {"uv": [32, 86], "uv_size": [1, 4]},
								"south": {"uv": [83, 17], "uv_size": [2, 4]},
								"west": {"uv": [36, 86], "uv_size": [1, 4]},
								"up": {"uv": [89, 57], "uv_size": [2, 1]},
								"down": {"uv": [89, 59], "uv_size": [2, -1]}
							}
						},
						{
							"origin": [-0.85, 11.15, -13.275],
							"size": [2, 1, 2],
							"inflate": -0.1,
							"uv": {
								"north": {"uv": [74, 89], "uv_size": [2, 1]},
								"east": {"uv": [89, 74], "uv_size": [2, 1]},
								"south": {"uv": [89, 75], "uv_size": [2, 1]},
								"west": {"uv": [76, 89], "uv_size": [2, 1]},
								"up": {"uv": [16, 87], "uv_size": [2, 2]},
								"down": {"uv": [87, 18], "uv_size": [2, -2]}
							}
						},
						{
							"origin": [-0.1, 11.15, -10.275],
							"size": [1, 1, 2.5],
							"inflate": -0.1,
							"uv": {
								"north": {"uv": [91, 47], "uv_size": [1, 1]},
								"east": {"uv": [88, 87], "uv_size": [3, 1]},
								"south": {"uv": [91, 52], "uv_size": [1, 1]},
								"west": {"uv": [88, 88], "uv_size": [3, 1]},
								"up": {"uv": [83, 88], "uv_size": [1, 3]},
								"down": {"uv": [10, 92], "uv_size": [1, -3]}
							}
						},
						{
							"origin": [-0.35, 10.65, -9.025],
							"size": [1.5, 1, 1],
							"inflate": -0.25,
							"pivot": [1.9, 11.15, -8.525],
							"rotation": [45, 0, 0],
							"uv": {
								"north": {"uv": [89, 76], "uv_size": [2, 1]},
								"east": {"uv": [91, 53], "uv_size": [1, 1]},
								"south": {"uv": [89, 77], "uv_size": [2, 1]},
								"west": {"uv": [55, 91], "uv_size": [1, 1]},
								"up": {"uv": [78, 89], "uv_size": [2, 1]},
								"down": {"uv": [80, 90], "uv_size": [2, -1]}
							}
						},
						{
							"origin": [-0.85, 9.1, -3.4],
							"size": [2, 5.75, 1],
							"inflate": -0.1,
							"pivot": [2.15, 8.1, -3.4],
							"rotation": [90, 0, 0],
							"uv": {
								"north": {"uv": [80, 7], "uv_size": [2, 6]},
								"east": {"uv": [66, 83], "uv_size": [1, 6]},
								"south": {"uv": [80, 13], "uv_size": [2, 6]},
								"west": {"uv": [67, 83], "uv_size": [1, 6]},
								"up": {"uv": [89, 55], "uv_size": [2, 1]},
								"down": {"uv": [89, 57], "uv_size": [2, -1]}
							}
						},
						{
							"origin": [-0.85, 6.275, -4.6],
							"size": [2, 2.025, 1],
							"inflate": -0.1,
							"pivot": [2.15, 8.2, -4.5],
							"rotation": [135, 0, 0],
							"uv": {
								"north": {"uv": [86, 37], "uv_size": [2, 2]},
								"east": {"uv": [64, 73], "uv_size": [1, 2]},
								"south": {"uv": [86, 46], "uv_size": [2, 2]},
								"west": {"uv": [75, 61], "uv_size": [1, 2]},
								"up": {"uv": [89, 70], "uv_size": [2, 1]},
								"down": {"uv": [89, 72], "uv_size": [2, -1]}
							}
						},
						{
							"origin": [-0.85, 6.275, -10.975],
							"size": [2, 2.025, 1],
							"inflate": -0.1,
							"pivot": [2.15, 8.2, -10.075],
							"rotation": [-135, 0, 0],
							"uv": {
								"north": {"uv": [86, 78], "uv_size": [2, 2]},
								"east": {"uv": [76, 20], "uv_size": [1, 2]},
								"south": {"uv": [10, 87], "uv_size": [2, 2]},
								"west": {"uv": [77, 45], "uv_size": [1, 2]},
								"up": {"uv": [89, 72], "uv_size": [2, 1]},
								"down": {"uv": [89, 74], "uv_size": [2, -1]}
							}
						}
					]
				},
				{
					"name": "the_shploinky",
					"parent": "gun",
					"pivot": [-2.475, 17.78023, -10.28033],
					"cubes": [
						{
							"origin": [-3.45, 28.70523, 5.71967],
							"size": [3, 1.5, 1],
							"inflate": -0.25,
							"pivot": [0.3, 14.95523, 4.21967],
							"rotation": [90, 0, 0],
							"uv": {
								"north": {"uv": [84, 85], "uv_size": [3, 2]},
								"east": {"uv": [18, 91], "uv_size": [1, 2]},
								"south": {"uv": [86, 0], "uv_size": [3, 2]},
								"west": {"uv": [91, 18], "uv_size": [1, 2]},
								"up": {"uv": [89, 49], "uv_size": [3, 1]},
								"down": {"uv": [89, 51], "uv_size": [3, -1]}
							}
						},
						{
							"origin": [-3.45, 29.25523, 5.71967],
							"size": [2, 1, 1],
							"inflate": -0.25,
							"pivot": [0.3, 15.25523, 4.21967],
							"rotation": [90, 0, 0],
							"uv": {
								"north": {"uv": [90, 54], "uv_size": [2, 1]},
								"east": {"uv": [82, 91], "uv_size": [1, 1]},
								"south": {"uv": [90, 65], "uv_size": [2, 1]},
								"west": {"uv": [91, 82], "uv_size": [1, 1]},
								"up": {"uv": [90, 80], "uv_size": [2, 1]},
								"down": {"uv": [90, 84], "uv_size": [2, -1]}
							}
						},
						{
							"origin": [-3.475, 17.28023, -11.28033],
							"size": [1.25, 1, 1.25],
							"inflate": -0.251,
							"pivot": [-2.475, 17.78023, -10.28033],
							"rotation": [90, 0, -22.5],
							"uv": {
								"north": {"uv": [83, 91], "uv_size": [1, 1]},
								"east": {"uv": [91, 84], "uv_size": [1, 1]},
								"south": {"uv": [91, 85], "uv_size": [1, 1]},
								"west": {"uv": [91, 86], "uv_size": [1, 1]},
								"up": {"uv": [91, 87], "uv_size": [1, 1]},
								"down": {"uv": [91, 89], "uv_size": [1, -1]}
							}
						},
						{
							"origin": [-0.75, 54.60523, 25.46967],
							"size": [1.5, 3, 1],
							"pivot": [1, 15.85523, 23.96967],
							"rotation": [90, 0, 0],
							"uv": {
								"north": {"uv": [36, 67], "uv_size": [2, 13]},
								"east": {"uv": [34, 74], "uv_size": [1, 13]},
								"south": {"uv": [69, 103.5], "uv_size": [2, 4.5]},
								"west": {"uv": [5, 75], "uv_size": [1, 13]},
								"up": {"uv": [89, 81], "uv_size": [2, 1]},
								"down": {"uv": [89, 83], "uv_size": [2, -1]}
							}
						}
					]
				},
				{
					"name": "glooby",
					"parent": "gun",
					"pivot": [2.65, 11.375, -18.525],
					"cubes": [
						{
							"origin": [-0.35, 10.84759, -19.20427],
							"size": [1, 1, 4],
							"inflate": -0.1,
							"pivot": [2.65, 11.125, -18.525],
							"rotation": [5.5, 0, 0],
							"uv": {
								"north": {"uv": [91, 45], "uv_size": [1, 1]},
								"east": {"uv": [86, 48], "uv_size": [4, 1]},
								"south": {"uv": [91, 46], "uv_size": [1, 1]},
								"west": {"uv": [86, 80], "uv_size": [4, 1]},
								"up": {"uv": [18, 87], "uv_size": [1, 4]},
								"down": {"uv": [87, 22], "uv_size": [1, -4]}
							}
						}
					]
				},
				{
					"name": "frontal_sight",
					"parent": "gun",
					"pivot": [-0.925, 19.275, -48],
					"cubes": [
						{
							"origin": [0.2, 17.725, -49.4],
							"size": [1.25, 3.3, 2],
							"inflate": -0.5,
							"pivot": [0.925, 19.275, -48],
							"rotation": [90, 0, 0],
							"uv": {
								"north": {"uv": [48, 89], "uv_size": [1, 3]},
								"east": {"uv": [85, 33], "uv_size": [2, 3]},
								"south": {"uv": [49, 89], "uv_size": [1, 3]},
								"west": {"uv": [85, 39], "uv_size": [2, 3]},
								"up": {"uv": [87, 90], "uv_size": [1, 2]},
								"down": {"uv": [88, 92], "uv_size": [1, -2]}
							}
						},
						{
							"origin": [-0.675, 17.775, -50.2],
							"size": [1.35, 2.25, 1],
							"inflate": -0.1,
							"pivot": [2.075, 18.8, -49.55],
							"rotation": [112.5, 0, 0],
							"uv": {
								"north": {"uv": [39, 90], "uv_size": [1, 2]},
								"east": {"uv": [90, 40], "uv_size": [1, 2]},
								"south": {"uv": [90, 42], "uv_size": [1, 2]},
								"west": {"uv": [44, 90], "uv_size": [1, 2]},
								"up": {"uv": [91, 73], "uv_size": [1, 1]},
								"down": {"uv": [91, 75], "uv_size": [1, -1]}
							}
						},
						{
							"origin": [0.175, 18.775, -49],
							"size": [1.25, 1.75, 2],
							"inflate": -0.5,
							"pivot": [0.925, 19.275, -48.5],
							"rotation": [90, 0, 22.5],
							"uv": {
								"north": {"uv": [61, 90], "uv_size": [1, 2]},
								"east": {"uv": [87, 55], "uv_size": [2, 2]},
								"south": {"uv": [62, 90], "uv_size": [1, 2]},
								"west": {"uv": [87, 57], "uv_size": [2, 2]},
								"up": {"uv": [64, 90], "uv_size": [1, 2]},
								"down": {"uv": [65, 92], "uv_size": [1, -2]}
							}
						},
						{
							"origin": [0.55768, 19.69888, -47.5],
							"size": [1.25, 1.75, 2],
							"inflate": -0.5,
							"pivot": [1.30768, 20.19888, -47],
							"rotation": [90, 0, -22.5],
							"uv": {
								"north": {"uv": [7, 91], "uv_size": [1, 2]},
								"east": {"uv": [80, 87], "uv_size": [2, 2]},
								"south": {"uv": [8, 91], "uv_size": [1, 2]},
								"west": {"uv": [87, 81], "uv_size": [2, 2]},
								"up": {"uv": [91, 8], "uv_size": [1, 2]},
								"down": {"uv": [9, 93], "uv_size": [1, -2]}
							}
						},
						{
							"origin": [0.175, 19.12276, -49],
							"size": [1.25, 3.25, 2],
							"inflate": -0.5,
							"pivot": [0.925, 21.12276, -48.5],
							"rotation": [90, 0, -67.5],
							"uv": {
								"north": {"uv": [89, 39], "uv_size": [1, 3]},
								"east": {"uv": [84, 78], "uv_size": [2, 3]},
								"south": {"uv": [40, 89], "uv_size": [1, 3]},
								"west": {"uv": [80, 84], "uv_size": [2, 3]},
								"up": {"uv": [70, 90], "uv_size": [1, 2]},
								"down": {"uv": [71, 92], "uv_size": [1, -2]}
							}
						},
						{
							"origin": [0.175, 18.775, -47.5],
							"size": [1.25, 1.75, 2],
							"inflate": -0.5,
							"pivot": [0.925, 19.275, -47],
							"rotation": [90, 0, 22.5],
							"uv": {
								"north": {"uv": [91, 10], "uv_size": [1, 2]},
								"east": {"uv": [84, 87], "uv_size": [2, 2]},
								"south": {"uv": [12, 91], "uv_size": [1, 2]},
								"west": {"uv": [87, 85], "uv_size": [2, 2]},
								"up": {"uv": [91, 12], "uv_size": [1, 2]},
								"down": {"uv": [13, 93], "uv_size": [1, -2]}
							}
						},
						{
							"origin": [-1.80768, 19.69888, -47.5],
							"size": [1.25, 1.75, 2],
							"inflate": -0.5,
							"pivot": [-1.30768, 20.19888, -47],
							"rotation": [90, 0, 22.5],
							"uv": {
								"north": {"uv": [4, 91], "uv_size": [1, 2]},
								"east": {"uv": [87, 74], "uv_size": [2, 2]},
								"south": {"uv": [5, 91], "uv_size": [1, 2]},
								"west": {"uv": [87, 76], "uv_size": [2, 2]},
								"up": {"uv": [6, 91], "uv_size": [1, 2]},
								"down": {"uv": [91, 8], "uv_size": [1, -2]}
							}
						},
						{
							"origin": [-1.80768, 19.69888, -49],
							"size": [1.25, 1.75, 2],
							"inflate": -0.5,
							"pivot": [-1.30768, 20.19888, -48.5],
							"rotation": [90, 0, 22.5],
							"uv": {
								"north": {"uv": [75, 90], "uv_size": [1, 2]},
								"east": {"uv": [64, 87], "uv_size": [2, 2]},
								"south": {"uv": [76, 90], "uv_size": [1, 2]},
								"west": {"uv": [87, 66], "uv_size": [2, 2]},
								"up": {"uv": [77, 90], "uv_size": [1, 2]},
								"down": {"uv": [78, 92], "uv_size": [1, -2]}
							}
						},
						{
							"origin": [-1.425, 19.12276, -49],
							"size": [1.25, 3.25, 2],
							"inflate": -0.5,
							"pivot": [-0.925, 21.12276, -48.5],
							"rotation": [90, 0, 67.5],
							"uv": {
								"north": {"uv": [41, 89], "uv_size": [1, 3]},
								"east": {"uv": [85, 15], "uv_size": [2, 3]},
								"south": {"uv": [42, 89], "uv_size": [1, 3]},
								"west": {"uv": [85, 18], "uv_size": [2, 3]},
								"up": {"uv": [73, 90], "uv_size": [1, 2]},
								"down": {"uv": [74, 92], "uv_size": [1, -2]}
							}
						},
						{
							"origin": [0.55768, 19.69888, -49],
							"size": [1.25, 1.75, 2],
							"inflate": -0.5,
							"pivot": [1.30768, 20.19888, -48.5],
							"rotation": [90, 0, -22.5],
							"uv": {
								"north": {"uv": [66, 90], "uv_size": [1, 2]},
								"east": {"uv": [87, 59], "uv_size": [2, 2]},
								"south": {"uv": [67, 90], "uv_size": [1, 2]},
								"west": {"uv": [87, 61], "uv_size": [2, 2]},
								"up": {"uv": [68, 90], "uv_size": [1, 2]},
								"down": {"uv": [69, 92], "uv_size": [1, -2]}
							}
						},
						{
							"origin": [-1.45, 17.725, -49.4],
							"size": [1.25, 3.3, 2],
							"inflate": -0.5,
							"pivot": [-0.925, 19.275, -48],
							"rotation": [90, 0, 0],
							"uv": {
								"north": {"uv": [89, 42], "uv_size": [1, 3]},
								"east": {"uv": [85, 21], "uv_size": [2, 3]},
								"south": {"uv": [43, 89], "uv_size": [1, 3]},
								"west": {"uv": [85, 30], "uv_size": [2, 3]},
								"up": {"uv": [85, 90], "uv_size": [1, 2]},
								"down": {"uv": [86, 92], "uv_size": [1, -2]}
							}
						},
						{
							"origin": [-1.425, 18.775, -49],
							"size": [1.25, 1.75, 2],
							"inflate": -0.5,
							"pivot": [-0.925, 19.275, -48.5],
							"rotation": [90, 0, -22.5],
							"uv": {
								"north": {"uv": [79, 90], "uv_size": [1, 2]},
								"east": {"uv": [87, 68], "uv_size": [2, 2]},
								"south": {"uv": [80, 90], "uv_size": [1, 2]},
								"west": {"uv": [70, 87], "uv_size": [2, 2]},
								"up": {"uv": [81, 90], "uv_size": [1, 2]},
								"down": {"uv": [84, 92], "uv_size": [1, -2]}
							}
						},
						{
							"origin": [-0.675, 17.725, -46.75],
							"size": [1.35, 2.25, 1],
							"inflate": -0.1,
							"pivot": [2.075, 18.8, -46.45],
							"rotation": [-115, 0, 0],
							"uv": {
								"north": {"uv": [90, 44], "uv_size": [1, 2]},
								"east": {"uv": [45, 90], "uv_size": [1, 2]},
								"south": {"uv": [46, 90], "uv_size": [1, 2]},
								"west": {"uv": [47, 90], "uv_size": [1, 2]},
								"up": {"uv": [91, 75], "uv_size": [1, 1]},
								"down": {"uv": [91, 77], "uv_size": [1, -1]}
							}
						},
						{
							"origin": [-1.425, 18.775, -47.5],
							"size": [1.25, 1.75, 2],
							"inflate": -0.5,
							"pivot": [-0.925, 19.275, -47],
							"rotation": [90, 0, -22.5],
							"uv": {
								"north": {"uv": [89, 90], "uv_size": [1, 2]},
								"east": {"uv": [87, 70], "uv_size": [2, 2]},
								"south": {"uv": [90, 89], "uv_size": [1, 2]},
								"west": {"uv": [87, 72], "uv_size": [2, 2]},
								"up": {"uv": [0, 91], "uv_size": [1, 2]},
								"down": {"uv": [1, 93], "uv_size": [1, -2]}
							}
						},
						{
							"origin": [-0.825, 21.65, -43.55],
							"size": [1.625, 1.75, 1.75],
							"inflate": -0.1,
							"pivot": [2.075, 17.9, -43.4],
							"rotation": [90, 0, 0],
							"uv": {
								"north": {"uv": [40, 87], "uv_size": [2, 2]},
								"east": {"uv": [87, 41], "uv_size": [2, 2]},
								"south": {"uv": [42, 87], "uv_size": [2, 2]},
								"west": {"uv": [87, 43], "uv_size": [2, 2]},
								"up": {"uv": [48, 87], "uv_size": [2, 2]},
								"down": {"uv": [87, 51], "uv_size": [2, -2]}
							}
						},
						{
							"origin": [-0.625, 18.725, -48.65],
							"size": [1.25, 1.3, 2],
							"inflate": -0.5,
							"pivot": [-0.925, 19.275, -48],
							"rotation": [90, 0, 0],
							"uv": {
								"north": {"uv": [91, 77], "uv_size": [1, 1]},
								"east": {"uv": [90, 48], "uv_size": [2, 1]},
								"south": {"uv": [91, 78], "uv_size": [1, 1]},
								"west": {"uv": [90, 51], "uv_size": [2, 1]},
								"up": {"uv": [91, 14], "uv_size": [1, 2]},
								"down": {"uv": [15, 93], "uv_size": [1, -2]}
							}
						}
					]
				},
				{
					"name": "rear_sight",
					"parent": "gun",
					"pivot": [-2.125, 18.975, -11.275],
					"cubes": [
						{
							"origin": [-0.85, 18.9, -8.4],
							"size": [1.8, 5.25, 1],
							"inflate": -0.1,
							"pivot": [2.15, 17.9, -8.4],
							"rotation": [90, 0, 0],
							"uv": {
								"north": {"uv": [80, 60], "uv_size": [2, 5]},
								"east": {"uv": [86, 25], "uv_size": [1, 5]},
								"south": {"uv": [80, 74], "uv_size": [2, 5]},
								"west": {"uv": [31, 86], "uv_size": [1, 5]},
								"up": {"uv": [90, 4], "uv_size": [2, 1]},
								"down": {"uv": [90, 6], "uv_size": [2, -1]}
							}
						},
						{
							"origin": [0.125, 17.3, -12.525],
							"size": [1.275, 6, 2.5],
							"inflate": -0.5,
							"pivot": [-1.875, 19.05, -10.775],
							"rotation": [90, 0, 0],
							"uv": {
								"north": {"uv": [84, 30], "uv_size": [1, 6]},
								"east": {"uv": [36, 80], "uv_size": [2, 6]},
								"south": {"uv": [84, 60], "uv_size": [1, 6]},
								"west": {"uv": [38, 80], "uv_size": [2, 6]},
								"up": {"uv": [32, 90], "uv_size": [1, 2]},
								"down": {"uv": [90, 34], "uv_size": [1, -2]}
							}
						},
						{
							"origin": [0.125, 18.8, -10.775],
							"size": [1.25, 3.25, 1.75],
							"inflate": -0.5,
							"pivot": [-1.875, 19.3, -9.525],
							"rotation": [75, 0, 0],
							"uv": {
								"north": {"uv": [89, 28], "uv_size": [1, 3]},
								"east": {"uv": [84, 36], "uv_size": [2, 3]},
								"south": {"uv": [89, 31], "uv_size": [1, 3]},
								"west": {"uv": [84, 46], "uv_size": [2, 3]},
								"up": {"uv": [33, 90], "uv_size": [1, 2]},
								"down": {"uv": [36, 92], "uv_size": [1, -2]}
							}
						},
						{
							"origin": [0.125, 18.8, -14.975],
							"size": [1.25, 3.25, 1.75],
							"inflate": -0.5,
							"pivot": [-1.875, 19.3, -14.475],
							"rotation": [-75, 0, 0],
							"uv": {
								"north": {"uv": [27, 89], "uv_size": [1, 3]},
								"east": {"uv": [84, 12], "uv_size": [2, 3]},
								"south": {"uv": [28, 89], "uv_size": [1, 3]},
								"west": {"uv": [84, 27], "uv_size": [2, 3]},
								"up": {"uv": [90, 20], "uv_size": [1, 2]},
								"down": {"uv": [22, 92], "uv_size": [1, -2]}
							}
						},
						{
							"origin": [0.125, 18.05, -13.275],
							"size": [1.3, 2.5, 2.5],
							"inflate": -0.49,
							"pivot": [-1.875, 19.3, -12.025],
							"rotation": [112.5, 0, 0],
							"uv": {
								"north": {"uv": [23, 90], "uv_size": [1, 2]},
								"east": {"uv": [87, 34], "uv_size": [2, 2]},
								"south": {"uv": [90, 28], "uv_size": [1, 2]},
								"west": {"uv": [87, 39], "uv_size": [2, 2]},
								"up": {"uv": [29, 90], "uv_size": [1, 2]},
								"down": {"uv": [90, 32], "uv_size": [1, -2]}
							}
						},
						{
							"origin": [-1.4, 17.3, -12.525],
							"size": [1.275, 6, 2.5],
							"inflate": -0.5,
							"pivot": [1.875, 19.05, -10.775],
							"rotation": [90, 0, 0],
							"uv": {
								"north": {"uv": [78, 83], "uv_size": [1, 6]},
								"east": {"uv": [31, 80], "uv_size": [2, 6]},
								"south": {"uv": [79, 83], "uv_size": [1, 6]},
								"west": {"uv": [80, 35], "uv_size": [2, 6]},
								"up": {"uv": [82, 17], "uv_size": [1, 2]},
								"down": {"uv": [82, 41], "uv_size": [1, -2]}
							}
						},
						{
							"origin": [-1.425, 18.05, -13.275],
							"size": [1.3, 2.5, 2.5],
							"inflate": -0.49,
							"pivot": [1.875, 19.3, -12.025],
							"rotation": [112.5, 0, 0],
							"uv": {
								"north": {"uv": [84, 15], "uv_size": [1, 2]},
								"east": {"uv": [87, 30], "uv_size": [2, 2]},
								"south": {"uv": [55, 89], "uv_size": [1, 2]},
								"west": {"uv": [87, 32], "uv_size": [2, 2]},
								"up": {"uv": [90, 6], "uv_size": [1, 2]},
								"down": {"uv": [90, 10], "uv_size": [1, -2]}
							}
						},
						{
							"origin": [-1.375, 18.8, -14.975],
							"size": [1.25, 3.25, 1.75],
							"inflate": -0.5,
							"pivot": [1.875, 19.3, -14.475],
							"rotation": [-75, 0, 0],
							"uv": {
								"north": {"uv": [17, 89], "uv_size": [1, 3]},
								"east": {"uv": [84, 6], "uv_size": [2, 3]},
								"south": {"uv": [26, 89], "uv_size": [1, 3]},
								"west": {"uv": [84, 9], "uv_size": [2, 3]},
								"up": {"uv": [90, 14], "uv_size": [1, 2]},
								"down": {"uv": [90, 20], "uv_size": [1, -2]}
							}
						},
						{
							"origin": [-1.375, 18.8, -10.775],
							"size": [1.25, 3.25, 1.75],
							"inflate": -0.5,
							"pivot": [1.875, 19.3, -9.525],
							"rotation": [75, 0, 0],
							"uv": {
								"north": {"uv": [11, 89], "uv_size": [1, 3]},
								"east": {"uv": [83, 82], "uv_size": [2, 3]},
								"south": {"uv": [16, 89], "uv_size": [1, 3]},
								"west": {"uv": [84, 0], "uv_size": [2, 3]},
								"up": {"uv": [90, 10], "uv_size": [1, 2]},
								"down": {"uv": [90, 14], "uv_size": [1, -2]}
							}
						},
						{
							"origin": [-1.225, 20.4, -12.025],
							"size": [1.6, 1.25, 1.25],
							"inflate": -0.51,
							"pivot": [2.025, 20.15, -11.275],
							"rotation": [90, 0, 0],
							"uv": {
								"north": {"uv": [91, 68], "uv_size": [1, 1]},
								"east": {"uv": [91, 69], "uv_size": [1, 1]},
								"south": {"uv": [91, 70], "uv_size": [1, 1]},
								"west": {"uv": [91, 71], "uv_size": [1, 1]},
								"up": {"uv": [72, 91], "uv_size": [1, 1]},
								"down": {"uv": [91, 73], "uv_size": [1, -1]}
							}
						},
						{
							"origin": [-0.375, 20.4, -12.025],
							"size": [1.6, 1.25, 1.25],
							"inflate": -0.51,
							"pivot": [-2.025, 20.15, -11.275],
							"rotation": [90, 0, 0],
							"uv": {
								"north": {"uv": [91, 61], "uv_size": [1, 1]},
								"east": {"uv": [91, 62], "uv_size": [1, 1]},
								"south": {"uv": [91, 63], "uv_size": [1, 1]},
								"west": {"uv": [91, 64], "uv_size": [1, 1]},
								"up": {"uv": [91, 66], "uv_size": [1, 1]},
								"down": {"uv": [91, 68], "uv_size": [1, -1]}
							}
						},
						{
							"origin": [-1.125, 19.225, -14.525],
							"size": [2.25, 1.25, 3],
							"inflate": -0.5,
							"pivot": [0, 19.725, -12.025],
							"rotation": [127.5, 0, 0],
							"uv": {
								"north": {"uv": [90, 24], "uv_size": [2, 1]},
								"east": {"uv": [89, 16], "uv_size": [3, 1]},
								"south": {"uv": [90, 36], "uv_size": [2, 1]},
								"west": {"uv": [89, 17], "uv_size": [3, 1]},
								"up": {"uv": [84, 66], "uv_size": [2, 3]},
								"down": {"uv": [84, 72], "uv_size": [2, -3]}
							}
						},
						{
							"origin": [-1.125, 19.475, -13.025],
							"size": [2.25, 1.25, 3],
							"inflate": -0.5,
							"pivot": [-2.125, 19.225, -11.275],
							"rotation": [90, 0, 0],
							"uv": {
								"north": {"uv": [37, 90], "uv_size": [2, 1]},
								"east": {"uv": [89, 34], "uv_size": [3, 1]},
								"south": {"uv": [90, 39], "uv_size": [2, 1]},
								"west": {"uv": [89, 35], "uv_size": [3, 1]},
								"up": {"uv": [84, 72], "uv_size": [2, 3]},
								"down": {"uv": [84, 78], "uv_size": [2, -3]}
							}
						}
					]
				},
				{
					"name": "bone2",
					"parent": "gun",
					"pivot": [0, 26.2, -19]
				},
				{
					"name": "bone4",
					"parent": "gun",
					"pivot": [-1.1, 27.85, -41.75]
				},
				{
					"name": "magazine",
					"parent": "main",
					"pivot": [0.00178, 7.23257, -21.9345],
					"rotation": [-5, 0, 0],
					"cubes": [
						{
							"origin": [-3, -0.76522, -24.9345],
							"size": [6, 4, 5],
							"uv": {
								"north": {"uv": [70, 8], "uv_size": [6, 4]},
								"east": {"uv": [73, 67], "uv_size": [5, 4]},
								"south": {"uv": [70, 32], "uv_size": [6, 4]},
								"west": {"uv": [73, 71], "uv_size": [5, 4]},
								"up": {"uv": [65, 53], "uv_size": [6, 5]},
								"down": {"uv": [65, 63], "uv_size": [6, -5]}
							}
						},
						{
							"origin": [0.75, 11.23478, -24.9345],
							"size": [2.25, 4, 5],
							"uv": {
								"north": {"uv": [83, 39], "uv_size": [2, 4]},
								"east": {"uv": [74, 0], "uv_size": [5, 4]},
								"south": {"uv": [40, 83], "uv_size": [2, 4]},
								"west": {"uv": [74, 4], "uv_size": [5, 4]},
								"up": {"uv": [80, 79], "uv_size": [2, 5]},
								"down": {"uv": [81, 46], "uv_size": [2, -5]}
							}
						},
						{
							"origin": [-3.25, 11.30978, -20.8845],
							"size": [6.25, 4, 1],
							"uv": {
								"north": {"uv": [70, 63], "uv_size": [6, 4]},
								"east": {"uv": [34, 87], "uv_size": [1, 4]},
								"south": {"uv": [71, 43], "uv_size": [6, 4]},
								"west": {"uv": [72, 87], "uv_size": [1, 4]},
								"up": {"uv": [39, 18], "uv_size": [6, 1]},
								"down": {"uv": [84, 4], "uv_size": [6, -1]}
							}
						},
						{
							"origin": [0.25, 14.48478, -22.4345],
							"size": [1.5, 2, 3],
							"inflate": -0.5,
							"uv": {
								"north": {"uv": [86, 87], "uv_size": [2, 2]},
								"east": {"uv": [84, 55], "uv_size": [3, 2]},
								"south": {"uv": [88, 4], "uv_size": [2, 2]},
								"west": {"uv": [85, 52], "uv_size": [3, 2]},
								"up": {"uv": [85, 57], "uv_size": [2, 3]},
								"down": {"uv": [85, 63], "uv_size": [2, -3]}
							}
						},
						{
							"origin": [-1.75, 14.48478, -22.4345],
							"size": [1.5, 2, 3],
							"inflate": -0.5,
							"uv": {
								"north": {"uv": [88, 6], "uv_size": [2, 2]},
								"east": {"uv": [85, 63], "uv_size": [3, 2]},
								"south": {"uv": [88, 8], "uv_size": [2, 2]},
								"west": {"uv": [70, 85], "uv_size": [3, 2]},
								"up": {"uv": [85, 81], "uv_size": [2, 3]},
								"down": {"uv": [82, 88], "uv_size": [2, -3]}
							}
						},
						{
							"origin": [-3, 11.23478, -24.9345],
							"size": [2.25, 4, 5],
							"uv": {
								"north": {"uv": [42, 83], "uv_size": [2, 4]},
								"east": {"uv": [0, 75], "uv_size": [5, 4]},
								"south": {"uv": [48, 83], "uv_size": [2, 4]},
								"west": {"uv": [75, 53], "uv_size": [5, 4]},
								"up": {"uv": [6, 82], "uv_size": [2, 5]},
								"down": {"uv": [82, 12], "uv_size": [2, -5]}
							}
						},
						{
							"origin": [-8, -0.76522, -19.9095],
							"size": [16, 16, 0],
							"uv": {
								"north": {"uv": [0, 0], "uv_size": [16, 16]},
								"east": {"uv": [0, 0], "uv_size": [0, 16]},
								"south": {"uv": [0, 16], "uv_size": [16, 16]},
								"west": {"uv": [0, 0], "uv_size": [0, 16]},
								"up": {"uv": [0, 0], "uv_size": [16, 0]},
								"down": {"uv": [0, 0], "uv_size": [16, 0]}
							}
						},
						{
							"origin": [-8, -0.76522, -24.9595],
							"size": [16, 16, 0],
							"uv": {
								"north": {"uv": [16, 0], "uv_size": [16, 16]},
								"east": {"uv": [0, 0], "uv_size": [0, 16]},
								"south": {"uv": [16, 16], "uv_size": [16, 16]},
								"west": {"uv": [0, 0], "uv_size": [0, 16]},
								"up": {"uv": [0, 0], "uv_size": [16, 0]},
								"down": {"uv": [0, 0], "uv_size": [16, 0]}
							}
						},
						{
							"origin": [-1, 11.23478, -24.9345],
							"size": [2, 3, 5],
							"uv": {
								"north": {"uv": [85, 42], "uv_size": [2, 3]},
								"east": {"uv": [78, 50], "uv_size": [5, 3]},
								"south": {"uv": [85, 49], "uv_size": [2, 3]},
								"west": {"uv": [78, 65], "uv_size": [5, 3]},
								"up": {"uv": [8, 82], "uv_size": [2, 5]},
								"down": {"uv": [10, 87], "uv_size": [2, -5]}
							}
						},
						{
							"origin": [-8, 4.23478, -24.9345],
							"size": [16, 6, 5],
							"uv": {
								"north": {"uv": [32, 26], "uv_size": [16, 6]},
								"east": {"uv": [65, 63], "uv_size": [5, 6]},
								"south": {"uv": [39, 7], "uv_size": [16, 6]},
								"west": {"uv": [66, 0], "uv_size": [5, 6]},
								"up": {"uv": [15, 44], "uv_size": [16, 5]},
								"down": {"uv": [44, 37], "uv_size": [16, -5]}
							}
						},
						{
							"origin": [-3.25, 5.73478, -25.4345],
							"size": [6.5, 3, 5],
							"uv": {
								"north": {"uv": [71, 47], "uv_size": [7, 3]},
								"east": {"uv": [78, 68], "uv_size": [5, 3]},
								"south": {"uv": [71, 50], "uv_size": [7, 3]},
								"west": {"uv": [78, 71], "uv_size": [5, 3]},
								"up": {"uv": [55, 13], "uv_size": [7, 5]},
								"down": {"uv": [65, 43], "uv_size": [7, -5]}
							}
						},
						{
							"origin": [-1, 6.23478, -26.1845],
							"size": [2, 2, 6.5],
							"pivot": [0, 7.23478, -23.6845],
							"rotation": [0, 0, 45],
							"uv": {
								"north": {"uv": [88, 20], "uv_size": [2, 2]},
								"east": {"uv": [48, 30], "uv_size": [7, 2]},
								"south": {"uv": [22, 88], "uv_size": [2, 2]},
								"west": {"uv": [77, 30], "uv_size": [7, 2]},
								"up": {"uv": [48, 76], "uv_size": [2, 7]},
								"down": {"uv": [0, 86], "uv_size": [2, -7]}
							}
						},
						{
							"origin": [-8, 10.23478, -24.9345],
							"size": [15.575, 7.075, 5],
							"inflate": -0.01,
							"pivot": [-8, 10.23478, -9.9345],
							"rotation": [0, 0, 45],
							"uv": {
								"north": {"uv": [7, 32], "uv_size": [16, 7]},
								"east": {"uv": [48, 23], "uv_size": [5, 7]},
								"south": {"uv": [32, 19], "uv_size": [16, 7]},
								"west": {"uv": [53, 23], "uv_size": [5, 7]},
								"up": {"uv": [44, 37], "uv_size": [16, 5]},
								"down": {"uv": [44, 47], "uv_size": [16, -5]}
							}
						},
						{
							"origin": [-8, -2.84022, -24.9345],
							"size": [15.55, 7.075, 5],
							"pivot": [-8, 4.23478, -9.9345],
							"rotation": [0, 0, -45],
							"uv": {
								"north": {"uv": [23, 32], "uv_size": [16, 7]},
								"east": {"uv": [65, 24], "uv_size": [5, 7]},
								"south": {"uv": [39, 0], "uv_size": [16, 7]},
								"west": {"uv": [65, 31], "uv_size": [5, 7]},
								"up": {"uv": [44, 47], "uv_size": [16, 5]},
								"down": {"uv": [48, 23], "uv_size": [16, -5]}
							}
						}
					]
				},
				{
					"name": "bullet",
					"parent": "magazine",
					"pivot": [0, 15.23478, -22.5595],
					"cubes": [
						{
							"origin": [-1, 14.23478, -24.9345],
							"size": [2, 2, 4.75],
							"inflate": -0.5,
							"pivot": [0, 15.23478, -22.5595],
							"rotation": [0, 0, 45],
							"uv": {
								"north": {"uv": [88, 10], "uv_size": [2, 2]},
								"east": {"uv": [72, 41], "uv_size": [5, 2]},
								"south": {"uv": [88, 12], "uv_size": [2, 2]},
								"west": {"uv": [80, 53], "uv_size": [5, 2]},
								"up": {"uv": [12, 82], "uv_size": [2, 5]},
								"down": {"uv": [82, 17], "uv_size": [2, -5]}
							}
						},
						{
							"origin": [-1, 14.23478, -23.9345],
							"size": [2, 2, 3.75],
							"inflate": -0.4,
							"pivot": [0, 15.23478, -22.5595],
							"rotation": [0, 0, 45],
							"uv": {
								"north": {"uv": [88, 14], "uv_size": [2, 2]},
								"east": {"uv": [80, 55], "uv_size": [4, 2]},
								"south": {"uv": [88, 18], "uv_size": [2, 2]},
								"west": {"uv": [83, 4], "uv_size": [4, 2]},
								"up": {"uv": [83, 49], "uv_size": [2, 4]},
								"down": {"uv": [64, 87], "uv_size": [2, -4]}
							}
						}
					]
				},
				{
					"name": "magazine2",
					"parent": "main",
					"pivot": [0.00178, 7.23257, -21.9345],
					"rotation": [-5, 0, 0],
					"cubes": [
						{
							"origin": [-3, -0.76522, -24.9345],
							"size": [6, 4, 5],
							"uv": {
								"north": {"uv": [70, 8], "uv_size": [6, 4]},
								"east": {"uv": [73, 67], "uv_size": [5, 4]},
								"south": {"uv": [70, 32], "uv_size": [6, 4]},
								"west": {"uv": [73, 71], "uv_size": [5, 4]},
								"up": {"uv": [65, 53], "uv_size": [6, 5]},
								"down": {"uv": [65, 63], "uv_size": [6, -5]}
							}
						},
						{
							"origin": [0.75, 11.23478, -24.9345],
							"size": [2.25, 4, 5],
							"uv": {
								"north": {"uv": [83, 39], "uv_size": [2, 4]},
								"east": {"uv": [74, 0], "uv_size": [5, 4]},
								"south": {"uv": [40, 83], "uv_size": [2, 4]},
								"west": {"uv": [74, 4], "uv_size": [5, 4]},
								"up": {"uv": [80, 79], "uv_size": [2, 5]},
								"down": {"uv": [81, 46], "uv_size": [2, -5]}
							}
						},
						{
							"origin": [-3.25, 11.30978, -20.8845],
							"size": [6.25, 4, 1],
							"uv": {
								"north": {"uv": [70, 63], "uv_size": [6, 4]},
								"east": {"uv": [34, 87], "uv_size": [1, 4]},
								"south": {"uv": [71, 43], "uv_size": [6, 4]},
								"west": {"uv": [72, 87], "uv_size": [1, 4]},
								"up": {"uv": [39, 18], "uv_size": [6, 1]},
								"down": {"uv": [84, 4], "uv_size": [6, -1]}
							}
						},
						{
							"origin": [0.25, 14.48478, -22.4345],
							"size": [1.5, 2, 3],
							"inflate": -0.5,
							"uv": {
								"north": {"uv": [86, 87], "uv_size": [2, 2]},
								"east": {"uv": [84, 55], "uv_size": [3, 2]},
								"south": {"uv": [88, 4], "uv_size": [2, 2]},
								"west": {"uv": [85, 52], "uv_size": [3, 2]},
								"up": {"uv": [85, 57], "uv_size": [2, 3]},
								"down": {"uv": [85, 63], "uv_size": [2, -3]}
							}
						},
						{
							"origin": [-1.75, 14.48478, -22.4345],
							"size": [1.5, 2, 3],
							"inflate": -0.5,
							"uv": {
								"north": {"uv": [88, 6], "uv_size": [2, 2]},
								"east": {"uv": [85, 63], "uv_size": [3, 2]},
								"south": {"uv": [88, 8], "uv_size": [2, 2]},
								"west": {"uv": [70, 85], "uv_size": [3, 2]},
								"up": {"uv": [85, 81], "uv_size": [2, 3]},
								"down": {"uv": [82, 88], "uv_size": [2, -3]}
							}
						},
						{
							"origin": [-3, 11.23478, -24.9345],
							"size": [2.25, 4, 5],
							"uv": {
								"north": {"uv": [42, 83], "uv_size": [2, 4]},
								"east": {"uv": [0, 75], "uv_size": [5, 4]},
								"south": {"uv": [48, 83], "uv_size": [2, 4]},
								"west": {"uv": [75, 53], "uv_size": [5, 4]},
								"up": {"uv": [6, 82], "uv_size": [2, 5]},
								"down": {"uv": [82, 12], "uv_size": [2, -5]}
							}
						},
						{
							"origin": [-8, -0.76522, -19.9095],
							"size": [16, 16, 0],
							"uv": {
								"north": {"uv": [0, 0], "uv_size": [16, 16]},
								"east": {"uv": [0, 0], "uv_size": [0, 16]},
								"south": {"uv": [0, 16], "uv_size": [16, 16]},
								"west": {"uv": [0, 0], "uv_size": [0, 16]},
								"up": {"uv": [0, 0], "uv_size": [16, 0]},
								"down": {"uv": [0, 0], "uv_size": [16, 0]}
							}
						},
						{
							"origin": [-8, -0.76522, -24.9595],
							"size": [16, 16, 0],
							"uv": {
								"north": {"uv": [16, 0], "uv_size": [16, 16]},
								"east": {"uv": [0, 0], "uv_size": [0, 16]},
								"south": {"uv": [16, 16], "uv_size": [16, 16]},
								"west": {"uv": [0, 0], "uv_size": [0, 16]},
								"up": {"uv": [0, 0], "uv_size": [16, 0]},
								"down": {"uv": [0, 0], "uv_size": [16, 0]}
							}
						},
						{
							"origin": [-1, 11.23478, -24.9345],
							"size": [2, 3, 5],
							"uv": {
								"north": {"uv": [85, 42], "uv_size": [2, 3]},
								"east": {"uv": [78, 50], "uv_size": [5, 3]},
								"south": {"uv": [85, 49], "uv_size": [2, 3]},
								"west": {"uv": [78, 65], "uv_size": [5, 3]},
								"up": {"uv": [8, 82], "uv_size": [2, 5]},
								"down": {"uv": [10, 87], "uv_size": [2, -5]}
							}
						},
						{
							"origin": [-8, 4.23478, -24.9345],
							"size": [16, 6, 5],
							"uv": {
								"north": {"uv": [32, 26], "uv_size": [16, 6]},
								"east": {"uv": [65, 63], "uv_size": [5, 6]},
								"south": {"uv": [39, 7], "uv_size": [16, 6]},
								"west": {"uv": [66, 0], "uv_size": [5, 6]},
								"up": {"uv": [15, 44], "uv_size": [16, 5]},
								"down": {"uv": [44, 37], "uv_size": [16, -5]}
							}
						},
						{
							"origin": [-3.25, 5.73478, -25.4345],
							"size": [6.5, 3, 5],
							"uv": {
								"north": {"uv": [71, 47], "uv_size": [7, 3]},
								"east": {"uv": [78, 68], "uv_size": [5, 3]},
								"south": {"uv": [71, 50], "uv_size": [7, 3]},
								"west": {"uv": [78, 71], "uv_size": [5, 3]},
								"up": {"uv": [55, 13], "uv_size": [7, 5]},
								"down": {"uv": [65, 43], "uv_size": [7, -5]}
							}
						},
						{
							"origin": [-1, 6.23478, -26.1845],
							"size": [2, 2, 6.5],
							"pivot": [0, 7.23478, -23.6845],
							"rotation": [0, 0, 45],
							"uv": {
								"north": {"uv": [88, 20], "uv_size": [2, 2]},
								"east": {"uv": [48, 30], "uv_size": [7, 2]},
								"south": {"uv": [22, 88], "uv_size": [2, 2]},
								"west": {"uv": [77, 30], "uv_size": [7, 2]},
								"up": {"uv": [48, 76], "uv_size": [2, 7]},
								"down": {"uv": [0, 86], "uv_size": [2, -7]}
							}
						},
						{
							"origin": [-8, 10.23478, -24.9345],
							"size": [15.575, 7.075, 5],
							"inflate": -0.01,
							"pivot": [-8, 10.23478, -9.9345],
							"rotation": [0, 0, 45],
							"uv": {
								"north": {"uv": [7, 32], "uv_size": [16, 7]},
								"east": {"uv": [48, 23], "uv_size": [5, 7]},
								"south": {"uv": [32, 19], "uv_size": [16, 7]},
								"west": {"uv": [53, 23], "uv_size": [5, 7]},
								"up": {"uv": [44, 37], "uv_size": [16, 5]},
								"down": {"uv": [44, 47], "uv_size": [16, -5]}
							}
						},
						{
							"origin": [-8, -2.84022, -24.9345],
							"size": [15.55, 7.075, 5],
							"pivot": [-8, 4.23478, -9.9345],
							"rotation": [0, 0, -45],
							"uv": {
								"north": {"uv": [23, 32], "uv_size": [16, 7]},
								"east": {"uv": [65, 24], "uv_size": [5, 7]},
								"south": {"uv": [39, 0], "uv_size": [16, 7]},
								"west": {"uv": [65, 31], "uv_size": [5, 7]},
								"up": {"uv": [44, 47], "uv_size": [16, 5]},
								"down": {"uv": [48, 23], "uv_size": [16, -5]}
							}
						}
					]
				},
				{
					"name": "rightarm",
					"parent": "main",
					"pivot": [-8.3, 3.8, 13.8],
					"rotation": [-102.46726, -22.17769, -0.27011],
					"cubes": [
						{
							"origin": [-12.3, -20.2, 9.8],
							"size": [8, 24, 8],
							"uv": {
								"north": {"uv": [40, 153], "uv_size": [8, 24]},
								"east": {"uv": [32, 153], "uv_size": [8, 24]},
								"south": {"uv": [56, 153], "uv_size": [8, 24]},
								"west": {"uv": [48, 153], "uv_size": [8, 24]},
								"up": {"uv": [40, 145], "uv_size": [8, 8]},
								"down": {"uv": [48, 153], "uv_size": [8, -8]}
							}
						}
					]
				},
				{
					"name": "leftarm",
					"parent": "main",
					"pivot": [9.7, 0.3, 1.4],
					"rotation": [-119.61483, 1.67666, -38.31282],
					"cubes": [
						{
							"origin": [4.7, -22.7, -2.6],
							"size": [8, 24, 8],
							"uv": {
								"north": {"uv": [8, 151], "uv_size": [8, 24]},
								"east": {"uv": [0, 151], "uv_size": [8, 24]},
								"south": {"uv": [24, 151], "uv_size": [8, 24]},
								"west": {"uv": [16, 151], "uv_size": [8, 24]},
								"up": {"uv": [8, 143], "uv_size": [8, 8]},
								"down": {"uv": [16, 151], "uv_size": [8, -8]}
							}
						}
					]
				},
				{
					"name": "muzzleflash",
					"parent": "main",
					"pivot": [0, 16.35, -56.25],
					"cubes": [
						{
							"origin": [-0.5, 15.85, -56.55],
							"size": [1, 1, 1],
							"inflate": -0.4,
							"uv": {
								"north": {"uv": [76, 40], "uv_size": [1, 1]},
								"east": {"uv": [79, 7], "uv_size": [1, 1]},
								"south": {"uv": [79, 60], "uv_size": [1, 1]},
								"west": {"uv": [82, 64], "uv_size": [1, 1]},
								"up": {"uv": [83, 6], "uv_size": [1, 1]},
								"down": {"uv": [84, 82], "uv_size": [1, -1]}
							}
						}
					]
				},
				{
					"name": "scope",
					"parent": "main",
					"pivot": [0, 20.3, -5.25],
					"cubes": [
						{
							"origin": [-0.5, 19.55, -5.55],
							"size": [1, 1, 1],
							"inflate": -0.4,
							"uv": {
								"north": {"uv": [82, 84], "uv_size": [1, 1]},
								"east": {"uv": [19, 91], "uv_size": [1, 1]},
								"south": {"uv": [20, 91], "uv_size": [1, 1]},
								"west": {"uv": [91, 20], "uv_size": [1, 1]},
								"up": {"uv": [21, 91], "uv_size": [1, 1]},
								"down": {"uv": [91, 22], "uv_size": [1, -1]}
							}
						}
					]
				}
			]
		}
	]
}