{
	"format_version": "1.12.0",
	"minecraft:geometry": [
		{
			"description": {
				"identifier": "geometry.unknown",
				"texture_width": 128,
				"texture_height": 128,
				"visible_bounds_width": 8,
				"visible_bounds_height": 4,
				"visible_bounds_offset": [0, 1, 0]
			},
			"bones": [
				{
					"name": "bb_main",
					"pivot": [0, 0, 0]
				},
				{
					"name": "main",
					"pivot": [0, 20, 0]
				},
				{
					"name": "gun",
					"parent": "main",
					"pivot": [1, 11, -1],
					"cubes": [
						{"origin": [-1, 12, -1], "size": [2, 5, 5], "uv": [0, 32]},
						{"origin": [-1, 17, 0.75], "size": [2, 4, 2], "inflate": -0.005, "pivot": [0.75, 17, 2.75], "rotation": [75, 0, 0], "uv": [0, 0]},
						{"origin": [-1, 17.51764, -0.18185], "size": [2, 3, 1], "inflate": -0.006, "pivot": [0.75, 17.51764, 0.81815], "rotation": [42.5, 0, 0], "uv": [33, 0]},
						{"origin": [-1, 14.5, -2], "size": [2, 6, 1], "inflate": -0.003, "uv": [24, 0]},
						{"origin": [-1.5, 16.25, -2.1], "size": [3, 3, 1], "inflate": -0.1, "pivot": [0, 17.75, -1.6], "rotation": [0, 0, 45], "uv": [12, 64]},
						{"origin": [-1.16421, 17.25, -1.85], "size": [1, 1, 1.75], "pivot": [-0.66421, 17.75, -0.85], "rotation": [0, 0, 45], "uv": [10, 42]},
						{"origin": [0.08579, 17.25, -1.85], "size": [1, 1, 1.75], "pivot": [0.58579, 17.75, -0.85], "rotation": [0, 0, 45], "uv": [0, 42]},
						{"origin": [-1, 14, -7], "size": [2, 1, 6], "uv": [33, 0]},
						{"origin": [-0.75, 14, -8.5], "size": [1.5, 1.5, 1.5], "pivot": [0, 14.75, -7.75], "rotation": [0, 0, 45], "uv": [48, 25]},
						{"origin": [-0.5, 14.125, -8.9], "size": [1, 2.875, 1], "inflate": -0.003, "pivot": [1.25, 16.875, -8.9], "rotation": [17.5, 0, 0], "uv": [32, 19]},
						{"origin": [-0.5, 14.25, -8], "size": [1, 2.75, 1], "inflate": -0.005, "uv": [19, 32]},
						{"origin": [-1, 16.75, -9], "size": [1.75, 1.75, 2], "inflate": -0.006, "pivot": [0, 17.5, -8], "rotation": [0, 0, 45], "uv": [51, 0]},
						{"origin": [-1, 17.75, -9], "size": [2, 2.25, 2], "uv": [30, 64]},
						{"origin": [-1, 18, -23.5], "size": [2, 2, 15], "inflate": -0.3, "pivot": [0, 19, -15.25], "rotation": [0, 0, 45], "uv": [0, 41]},
						{"origin": [-0.5, 17.25, -23], "size": [1, 1, 14], "pivot": [0, 17.75, -16], "rotation": [0, 0, 45], "uv": [54, 15]},
						{"origin": [-0.5, 17.75, -23], "size": [1, 1.5, 14], "uv": [51, 0]},
						{"origin": [-0.875, 19, -23.5], "size": [1.75, 2, 17], "inflate": -0.5, "uv": [32, 0]},
						{"origin": [-0.875, 18.7, -23.25], "size": [1.75, 2, 14.75], "inflate": -0.49, "uv": [42, 42]},
						{"origin": [-0.875, 19.75, -23.5], "size": [1.75, 1.25, 7], "inflate": -0.503, "pivot": [0, 20.5, -17], "rotation": [-2, 0, 0], "uv": [24, 0]},
						{"origin": [-0.675, 19.83736, -23.48364], "size": [1.35, 1.75, 3.25], "inflate": -0.55, "pivot": [0, 20.71236, -22.35864], "rotation": [-15, 0, 0], "uv": [8, 58]},
						{"origin": [-0.875, 19.5, -7.5], "size": [1.75, 1.5, 2], "inflate": -0.5, "uv": [9, 51]},
						{"origin": [-0.875, 20, -3], "size": [1.75, 1.25, 2], "inflate": -0.5, "uv": [43, 0]},
						{"origin": [-1.625, 20, -2], "size": [3.25, 1.5, 1.5], "inflate": -0.5, "uv": [0, 6]},
						{"origin": [-0.275, 20.5, -2], "size": [1.9, 1.25, 1.5], "inflate": -0.5, "uv": [19, 41]},
						{"origin": [-1.625, 20.5, -2], "size": [1.8, 1.25, 1.5], "inflate": -0.5, "uv": [40, 15]},
						{"origin": [-1.5, 19.5, -6.5], "size": [3, 1.5, 5], "inflate": -0.5, "uv": [48, 19]},
						{"origin": [-1.25, 13, -6], "size": [2.5, 1.5, 3], "inflate": -0.5, "pivot": [0.625, 14, -5.5], "rotation": [-90, 0, 0], "uv": [54, 25]},
						{"origin": [-1.5, 13, -2.75], "size": [3, 2.25, 3], "inflate": -0.507, "pivot": [0, 13.75, -1.25], "rotation": [-45, 0, 0], "uv": [0, 51]},
						{"origin": [-1.5, 13.075, -7.475], "size": [3, 2.25, 2.5], "inflate": -0.503, "pivot": [0, 13.825, -5.975], "rotation": [-10, 0, 0], "uv": [42, 19]},
						{"origin": [-1.25, 11.5, -6.5], "size": [2.5, 1.5, 2.5], "inflate": -0.5, "pivot": [0.625, 12, -6], "rotation": [-45, 0, 0], "uv": [64, 48]},
						{"origin": [-1.25, 11.5, -2.6], "size": [2.5, 1.5, 2.5], "inflate": -0.5, "pivot": [0.625, 12, -0.6], "rotation": [45, 0, 0], "uv": [64, 30]},
						{"origin": [-1, 14, -4.6], "size": [2, 1.5, 3.5], "inflate": -0.5, "pivot": [0.875, 14.5, -1.6], "rotation": [65, 0, 0], "uv": [14, 37]},
						{"origin": [-1.25, 10.43934, -5.43934], "size": [2.5, 1.5, 4.25], "inflate": -0.5, "uv": [58, 38]},
						{"origin": [-1.5, 19.5, -9.5], "size": [3, 1.25, 4], "inflate": -0.5, "uv": [32, 19]},
						{"origin": [-1.5, 19.75, -9.5], "size": [3, 1.25, 4], "inflate": -0.503, "pivot": [0.625, 20.75, -6], "rotation": [5.75, 0, 0], "uv": [9, 32]},
						{"origin": [-1.5, 11, 5], "size": [3, 3, 4], "pivot": [0.5, 16, 4], "rotation": [-57.5, 0, 0], "uv": [51, 7]},
						{"origin": [-1.5, 11.70488, 2.77207], "size": [3, 1, 1], "inflate": 0.2, "pivot": [0, 12.20488, 3.27207], "rotation": [45, 0, 0], "uv": [32, 15]},
						{"origin": [-1.5, 14, 4], "size": [3, 2, 5], "pivot": [0.5, 16, 4], "rotation": [-57.5, 0, 0], "uv": [32, 8]},
						{"origin": [-1.5, 14, 3.25], "size": [3, 2, 4], "inflate": 0.003, "pivot": [0.5, 16, 4], "rotation": [-90, 0, 0], "uv": [12, 58]},
						{"origin": [-1.5, 6.78304, 6.6865], "size": [3, 5, 4], "inflate": -0.003, "pivot": [0.5, 11.78304, 6.6865], "rotation": [-72.5, 0, 0], "uv": [0, 42]},
						{"origin": [-1.5, 2.96817, 7.88932], "size": [3, 5, 2], "pivot": [0.5, 7.96817, 7.88932], "rotation": [-90, 0, 0], "uv": [42, 58]}
					]
				},
				{
					"name": "drum_thing",
					"parent": "gun",
					"pivot": [0, 14.75, -7.5],
					"cubes": [
						{"origin": [-1, 16.75, -9], "size": [1.75, 1.75, 2], "pivot": [0, 17.5, -8], "rotation": [0, 0, 45], "uv": [51, 3]},
						{"origin": [-0.875, 16.80178, -7.5], "size": [1.75, 1.75, 6.25], "inflate": -0.5, "pivot": [0, 17.67678, -8], "rotation": [0, 0, 45], "uv": [51, 0]},
						{"origin": [-0.5, 14.125, -8.9], "size": [1, 2.875, 1], "pivot": [1.25, 16.875, -8.9], "rotation": [17.5, 0, 0], "uv": [32, 8]},
						{"origin": [-0.5, 14.25, -8], "size": [1, 2.75, 1], "uv": [9, 32]}
					]
				},
				{
					"name": "reload_thingy",
					"parent": "drum_thing",
					"pivot": [0, 17.5, -8],
					"cubes": [
						{"origin": [-0.65, 17.1, -11.6], "size": [1, 1, 2.9], "inflate": -0.3, "pivot": [0, 17.5, -8], "rotation": [0, 0, 45], "uv": [43, 7]},
						{"origin": [-0.65, 17.1, -13.1], "size": [1, 1, 2], "inflate": -0.25, "pivot": [0, 17.5, -8], "rotation": [0, 0, 45], "uv": [43, 3]}
					]
				},
				{
					"name": "drum",
					"parent": "drum_thing",
					"pivot": [-0.00978, 17.66675, -3.335],
					"cubes": [
						{"origin": [-1.2, 15.7, -6.75], "size": [2.3, 4, 4.5], "pivot": [0.1, 17.825, -4.5], "rotation": [0, 0, -30], "uv": [56, 30]},
						{"origin": [-1.1174, 15.64175, -6.75], "size": [2.3, 4, 4.5], "pivot": [0.0326, 17.64175, -4.5], "rotation": [0, 0, -90], "uv": [30, 56]},
						{"origin": [-0.4674, 15.79175, -3.365], "size": [1, 1, 1.225], "inflate": -0.1, "uv": [19, 47]},
						{"origin": [-0.4674, 15.79175, -3.365], "size": [1, 1, 1.225], "inflate": -0.1, "pivot": [0.0424, 17.64175, -3.165], "rotation": [0, 0, -180], "uv": [44, 15]},
						{"origin": [-0.4674, 15.79175, -3.365], "size": [1, 1, 1.225], "inflate": -0.1, "pivot": [0.0424, 17.64175, -3.165], "rotation": [0, 0, -60], "uv": [19, 45]},
						{"origin": [-0.4674, 15.79175, -3.365], "size": [1, 1, 1.225], "inflate": -0.1, "pivot": [0.0424, 17.64175, -3.165], "rotation": [0, 0, -120], "uv": [0, 44]},
						{"origin": [-0.4674, 15.79175, -3.365], "size": [1, 1, 1.225], "inflate": -0.1, "pivot": [0.0424, 17.64175, -3.165], "rotation": [0, 0, 120], "uv": [19, 43]},
						{"origin": [-0.4674, 15.79175, -3.365], "size": [1, 1, 1.225], "inflate": -0.1, "pivot": [0.0424, 17.64175, -3.165], "rotation": [0, 0, 60], "uv": [10, 44]},
						{"origin": [-1.1076, 15.64175, -6.75], "size": [2.3, 4, 4.5], "inflate": 0.003, "pivot": [0.0424, 17.64175, -4.5], "rotation": [0, 0, 30], "uv": [0, 58]}
					]
				},
				{
					"name": "bullets",
					"parent": "drum",
					"pivot": [0.0424, 17.64175, -1.89],
					"cubes": [
						{"origin": [-0.4674, 15.79175, -6.915], "size": [1, 1, 4.9], "inflate": -0.1, "pivot": [0.0424, 17.64175, -1.89], "rotation": [0, 0, 60], "uv": [48, 26]},
						{"origin": [-0.4674, 15.79175, -6.915], "size": [1, 1, 4.9], "inflate": -0.1, "pivot": [0.0424, 17.64175, -1.89], "rotation": [0, 0, 120], "uv": [58, 48]},
						{"origin": [-0.4674, 15.79175, -6.915], "size": [1, 1, 4.9], "inflate": -0.1, "pivot": [0.0424, 17.64175, -1.89], "rotation": [0, 0, -120], "uv": [52, 58]},
						{"origin": [-0.4674, 15.79175, -6.915], "size": [1, 1, 4.9], "inflate": -0.1, "pivot": [0.0424, 17.64175, -1.89], "rotation": [0, 0, -60], "uv": [58, 59]},
						{"origin": [-0.4674, 15.79175, -6.915], "size": [1, 1, 4.9], "inflate": -0.1, "pivot": [0.0424, 17.64175, -1.89], "rotation": [0, 0, -180], "uv": [22, 60]},
						{"origin": [-0.4674, 15.79175, -6.915], "size": [1, 1, 4.9], "inflate": -0.1, "uv": [48, 63]}
					]
				},
				{
					"name": "hammer",
					"parent": "gun",
					"pivot": [0, 16.97322, 1.28744],
					"cubes": [
						{"origin": [-0.5, 17.18934, -0.93934], "size": [1, 1.25, 3.25], "inflate": -0.003, "pivot": [0, 17.68934, 0.18566], "rotation": [-37.5, 0, 0], "uv": [59, 19]},
						{"origin": [-0.5, 14.68934, -2.18934], "size": [1, 3, 1], "pivot": [0, 17.43934, -1.06434], "rotation": [-167.5, 0, 0], "uv": [0, 32]},
						{"origin": [-0.75, 18.68934, -0.93934], "size": [1.5, 1.5, 2.25], "inflate": -0.5, "pivot": [0, 18.93934, 0.18566], "rotation": [45, 0, 0], "uv": [43, 10]},
						{"origin": [-1, 18.97322, -0.33756], "size": [2, 1.5, 2.25], "inflate": -0.5, "pivot": [0, 19.72322, 0.28744], "rotation": [17.5, 0, 0], "uv": [58, 53]}
					]
				},
				{
					"name": "rightarm",
					"parent": "main",
					"pivot": [-4.3, 8.8, 21.8],
					"rotation": [-101.81106, -12.40003, -2.46982],
					"cubes": [
						{"origin": [-9.07047, -17.42732, 21.3278], "size": [8, 24, 8], "uv": [24, 24]}
					]
				},
				{
					"name": "leftarm",
					"parent": "main",
					"pivot": [10.7, 11.3, -8.6],
					"rotation": [-119.61483, 1.67666, -38.31282],
					"cubes": [
						{"origin": [-2.77761, 11.75055, -17.7155], "size": [8, 24, 8], "pivot": [2.27369, 35.3, -13.93224], "rotation": [0, -42.5, 0], "uv": [0, 0]}
					]
				},
				{
					"name": "muzzleflash",
					"parent": "main",
					"pivot": [0, 18.95, -24.65],
					"cubes": [
						{"origin": [-0.5, 18.45, -24.95], "size": [1, 1, 1], "inflate": -0.4, "uv": [19, 49]}
					]
				},
				{
					"name": "scope",
					"parent": "main",
					"pivot": [0, 21.15, -2.25],
					"cubes": [
						{"origin": [-0.5, 20.65, 9.45], "size": [1, 1, 1], "inflate": -0.4, "uv": [48, 27]}
					]
				},
				{
					"name": "loader",
					"parent": "main",
					"pivot": [-1.33333, 9.25, 5.5],
					"rotation": [0, 0, -135],
					"cubes": [
						{"origin": [-2.75, 7.75, 3.25], "size": [3, 3, 2], "uv": [58, 43]},
						{"origin": [-1.75, 8.75, 5.25], "size": [1, 1, 1], "uv": [33, 4]},
						{"origin": [-2, 8.5, 6], "size": [1.5, 1.5, 1], "uv": [32, 11]}
					]
				},
				{
					"name": "_camera_",
					"pivot": [0, 0, 0]
				}
			]
		}
	]
}