{
    "htg_m1897": {
        "sounds": [
            {
                "name": "pointblank:htg_m1897",
                "stream": false
            }
        ]
    },
    "ppsh": {
        "sounds": [
            {
                "name": "pointblank:ppsh",
                "stream": false
            }
        ]
    },
    "ppsh_load": {
        "sounds": [
            {
                "name": "pointblank:ppsh_load",
                "stream": false
            }
        ]
    },
    "dp": {
        "sounds": [
            {
                "name": "pointblank:dp",
                "stream": false
            }
        ]
    },
    "dp_load": {
        "sounds": [
            {
                "name": "pointblank:dp_load",
                "stream": false
            }
        ]
    },
    "dp_magout": {
        "sounds": [
            {
                "name": "pointblank:dp_magout",
                "stream": false
            }
        ]
    },
    "dp_magin": {
        "sounds": [
            {
                "name": "pointblank:dp_magin",
                "stream": false
            }
        ]
    },
    "dp_str": {
        "sounds": [
            {
                "name": "pointblank:dp_str",
                "stream": false
            }
        ]
    }
}