{
  "name" : "sksq",
  "type": "Gun",
  "maxAmmoCapacity" : 10,
  "compatibleAmmo" : ["ammocreative","ammo762"],
  "damage" : 8,
  "rpm" : 400,
  "fireModes" : ["SINGLE"],
  "fireSound" : "mk14ebr",
  "drawCooldownDuration" : 600,
  "aimingZoom" : 0.5,
  "gunRecoilInitialAmplitude" : 1.5,
  "shakeRecoilAmplitude" : 0.9,
  "shakeRecoilSpeed" : 2,
  "viewRecoilAmplitude" : 3,
  "inspectCooldownDuration": 3600,
  "phasedReloads": [
    {
      "phase": "RELOADING",
      "condition": "reloadIterationIndex == 0",
      "duration": 2750,
      "animation": "animation.model.reloadempty"
    },
    {
      "phase": "RELOADING",
      "condition": "reloadIterationIndex == 1",
      "duration": 4600,
      "animation": "animation.model.reloadnine"
    },
    {
      "phase": "RELOADING",
      "condition": "reloadIterationIndex == 2",
      "duration": 4667,
      "animation": "animation.model.reloadeight"
    },
    {
      "phase": "RELOADING",
      "condition": "reloadIterationIndex == 3",
      "duration": 4733,
      "animation": "animation.model.reloadseven"
    },
    {
      "phase": "RELOADING",
      "condition": "reloadIterationIndex == 4",
      "duration": 4800,
      "animation": "animation.model.reloadsix"
    },
    {
      "phase": "RELOADING",
      "condition": "reloadIterationIndex == 5",
      "duration": 4867,
      "animation": "animation.model.reloadfive"
    },
    {
      "phase": "RELOADING",
      "condition": "reloadIterationIndex == 6",
      "duration": 3533,
      "animation": "animation.model.reloadfour"
    },
    {
      "phase": "RELOADING",
      "condition": "reloadIterationIndex == 7",
      "duration": 2917,
      "animation": "animation.model.reloadthree"
    },
    {
      "phase": "RELOADING",
      "condition": "reloadIterationIndex == 8",
      "duration": 2417,
      "animation": "animation.model.reloadtwo"
    },
    {
      "phase": "RELOADING",
      "condition": "reloadIterationIndex == 9",
      "duration": 1933,
      "animation": "animation.model.reloadone"
    }
  ],
  "effects": [
    {
               "phase": "firing",
               "name": "muzzle_flash"
    }
]
}